price,LAND AREA,HOUSE AREA,,BEDS,LIVING,KITCHEN,BATHROOMS,FLOORS,FACED TOWARDS,CATEGORY,TYPE,CODE,UPDATE,VIEWS,FURNISHING,FLAT AREA,PARKING AREA
"Rs. 40,000 (Negotiable)
(Forty thousand )",0-4-0-0,1200 SQUARE FEET,,3,1,1,2,2,EAST,HOUSE (RESIDENTIAL),PILLAR SYSTEM,GB10308,5 MONTHS AGO,93,NOT FURNISHED,,
"Rs. 32,00,000 (Negotiable)
(32 lakh per aana)",0-4-0-0,,,,,,,,NORTH,LAND (RESIDENTIAL),NONE,GB05398,5 YEARS AGO,6556,,,
"Rs. 7,00,000 (Negotiable)",999 SQUARE FEET,,,,,,,,NONE,OFFICE SPACE (COMMERCIAL),PILLAR SYSTEM,GB10444,4 MONTHS AGO,29,FULLY FURNISHED,,
"Rs. 2,30,00,000 (Negotiable)
(Two crore thirty lakh )",0-4-2-2,2100 SQUARE FEET,,6,2,2,3,2.5,NORTH,HOUSE (RESIDENTIAL),PILLAR SYSTEM,GB07393,3 YEARS AGO,8917,NOT FURNISHED,,
"Rs. 28,00,000 (Negotiable)",0-4-0-0,,,,,,,,NONE,HOUSE (RESIDENTIAL),PILLAR SYSTEM,GB10605,1 MONTH AGO,49,NOT FURNISHED,,
"Rs. 1,25,000 / month (Negotiable)
(One lakh twenty five thousand )",0-10-0-0,0-4-0-0,,,,,,,NONE,HOUSE (RESIDENTIAL),PILLAR SYSTEM,GB10313,5 MONTHS AGO,54,NOT FURNISHED,,
"Rs. 3,40,00,000 (Negotiable)
(Three crore forty lakh )",0-3-2-0,0-3-2-0,,6,2,2,,3,SOUTH,HOUSE (RESIDENTIAL),PILLAR SYSTEM,GB10390,4 MONTHS AGO,71,FULLY FURNISHED,,
"Rs. 5,35,00,000 (Negotiable)
(Five crore thirty five lakh )",0-7-1-0,0-7-1-0,,7,3,2,,3.5,SOUTH-WEST,HOUSE (RESIDENTIAL),PILLAR SYSTEM,GB09986,8 MONTHS AGO,127,NOT FURNISHED,,
"Rs. 7,00,00,000 (Negotiable)
(7 crore)",0-8-0-0,0-4-0-0,,6,2,2,,3,WEST,HOUSE (COMMERCIAL/RESIDENTIAL),PILLAR SYSTEM,GB04468,5 YEARS AGO,1766,FULLY FURNISHED,,
"Rs. 6,50,000 (Negotiable)
(Six lakh fifty thousand per month)",3-0-0-0,,,,,,,,NONE,BUNGALOW (RESIDENTIAL),PILLAR SYSTEM,GB09324,1 YEAR AGO,1226,NOT FURNISHED,,
"Rs. 37,00,000 (Negotiable)
(37 lakh per aana)",0-11-0-0,0-2-0-0,,,,,,,NORTH,LAND (RESIDENTIAL),PILLAR SYSTEM,GB05416,5 YEARS AGO,6384,,,
"Rs. 23,50,000 (Negotiable)
(Twenty three lakh fifty thousand )",9-0-0-0,,,,,,,,NONE,LAND (RESIDENTIAL),NONE,GB09393,5 DAYS AGO,12021,,,
"Rs. 13,50,00,000 (Negotiable)
(Thirteen crore fifty lakh )",3-5-0-0,,,,,,,,NONE,LAND (COMMERCIAL/RESIDENTIAL),NONE,GB06871,4 YEARS AGO,4372,,,
"Rs. 20,00,000 (Negotiable)
(Twenty lakh per aana )",0-5-1-0,,,,,,,,NORTH-WEST,LAND (RESIDENTIAL),PILLAR SYSTEM,GB06377,4 YEARS AGO,2195,,,
"Rs. 3,20,00,000 (Negotiable)
(Three crore twenty lakh )",0-6-0-0,2755 SQUARE FEET,,5,3,2,4,2.5,SOUTH,HOUSE (RESIDENTIAL),PILLAR SYSTEM,GB06514,3 YEARS AGO,14490,SEMI FURNISHED,,
"Rs. 5,50,00,000
(Five crore fifty lakh )",0-5-0-0,,,,,,,,NONE,HOUSE (RESIDENTIAL),PILLAR SYSTEM,GB10776,2 WEEKS AGO,14,,,
"Rs. 50,000 (Negotiable)
(Fifty thousand per month)",0-34-0-0,,,,,,,,WEST,LAND (COMMERCIAL/RESIDENTIAL),NONE,GB05152,4 YEARS AGO,3547,,,
"Rs. 2,85,00,000 (Negotiable)
(Two crore eighty five lakh )",0-4-1-1,2637 SQUARE FEET,,5,2,3,7,3.5,NORTH-EAST,HOUSE (RESIDENTIAL),PILLAR SYSTEM,GB10712,1 MONTH AGO,1040,NOT FURNISHED,,
,0-5-3-1,,,4,1,1,4,2.5,WEST,HOUSE (RESIDENTIAL),PILLAR SYSTEM,GB06359,4 YEARS AGO,7875,SEMI FURNISHED,,
,,,,,,,,,NONE,HOUSE (RESIDENTIAL),PILLAR SYSTEM,GB10798,2 WEEKS AGO,31,,,
"Rs. 1,00,00,000 (Negotiable)
(n/a)",0-6-1-0,,,,,,,,NONE,LAND (COMMERCIAL/RESIDENTIAL),PILLAR SYSTEM,GB10604,1 MONTH AGO,40,,,
"Rs. 55,000 (Negotiable)
(Fifty five thousand per month)",950 SQUARE FEET,,,,,,,,NONE,APARTMENT (RESIDENTIAL),PILLAR SYSTEM,GB09766,5 MONTHS AGO,1945,NOT FURNISHED,,
"Rs. 38,00,000 (Negotiable)
(Thirty eight lakh )",0-8-0-0,,,,,,,,SOUTH-WEST,LAND (COMMERCIAL/RESIDENTIAL),NONE,GB09676,10 MONTHS AGO,1051,,,
"Rs. 4,60,00,000 (Negotiable)
(Four crore sixty lakh )",0-7-0-0,,,5,2,2,,2.5,WEST,HOUSE (RESIDENTIAL),PILLAR SYSTEM,GB10338,5 MONTHS AGO,89,SEMI FURNISHED,,
"Rs. 3,00,000 (Negotiable)
(3 lakh only)",1-10-0-0,,,,,,,6,WEST,COMMERCIAL BUILDING (RESIDENTIAL),PILLAR SYSTEM,GB02766,2 YEARS AGO,5074,SEMI FURNISHED,,
"Rs. 3,09,00,000 (Negotiable)
(Three crore nine lakh)",0-14-2-0,,,,,,,,SOUTH-EAST,LAND (COMMERCIAL/RESIDENTIAL),PILLAR SYSTEM,GB04612,4 YEARS AGO,1651,,,
"Rs. 32,00,000 (Negotiable)
(Thirty two lakh per aana)",4-0-0-0,4-0-0-0,,,,,,,SOUTH-EAST,LAND (RESIDENTIAL),NONE,GB06996,4 YEARS AGO,3128,,,
,0-14-0-0,1600 SQUARE FEET,,8,1,2,2,2.5,NONE,BUNGALOW (RESIDENTIAL),PILLAR SYSTEM,GB10728,1 MONTH AGO,437,NOT FURNISHED,,
"Rs. 70 (Negotiable)
(Seventy per sq.ft)",1-0-0-0,,,,,,,,NORTH-EAST,COMMERCIAL BUILDING (RESIDENTIAL),PILLAR SYSTEM,GB10243,5 MONTHS AGO,507,NOT FURNISHED,5700 SQUARE FEET,
"Rs. 2,15,00,000 (Negotiable)
(Two crore fifteen lakh )",0-3-3-0,2250 SQUARE FEET,,4,2,2,4,2.5,EAST,HOUSE (RESIDENTIAL),PILLAR SYSTEM,GB06798,2 YEARS AGO,22758,SEMI FURNISHED,,
"Rs. 200 (Negotiable)
(Two hundred per sq.ft )",2320 SQUARE FEET,,,,,,2,,NONE,OFFICE SPACE (RESIDENTIAL),PILLAR SYSTEM,GB10447,4 MONTHS AGO,381,FULLY FURNISHED,,
"Rs. 2,35,00,000 (Negotiable)
(Two crore thirty five lakh )",0-3-0-0,,,13,,1,7,4.5,EAST,HOUSE (COMMERCIAL/RESIDENTIAL),PILLAR SYSTEM,GB02688,2 YEARS AGO,2027,NOT FURNISHED,,
"Rs. 1,25,00,000 (Negotiable)
(1 crore 25 lakh)",0-2-2-2,,,4,1,1,2,2,EAST,HOUSE (RESIDENTIAL),PILLAR SYSTEM,GB05342,5 YEARS AGO,4889,SEMI FURNISHED,,
"Rs. 28,50,000 (Negotiable)
(2850000)",1-01-01-0,,,,,,,,NONE,HOUSE (RESIDENTIAL),NONE,GB10545,2 MONTHS AGO,111,NOT FURNISHED,,
"Rs. 18,000 (Negotiable)
(Eighteen thousand )",0-5-0-0,,,1,1,1,1,,NONE,HOUSE (RESIDENTIAL),PILLAR SYSTEM,GB10014,7 MONTHS AGO,75,NOT FURNISHED,,
"Rs. 40,000 / month (Negotiable)
(Forty thousand )",0-5-2-0,,,,,,,,SOUTH-WEST,LAND (RESIDENTIAL),NONE,GB08845,2 YEARS AGO,2783,,,
"Rs. 2,35,00,000 (Negotiable)
(Two crore thirty five lakh )",,1455 SQUARE METER,,3,1,1,2,4,EAST,APARTMENT (RESIDENTIAL),PILLAR SYSTEM,GB09950,7 MONTHS AGO,1602,FULLY FURNISHED,,
"Rs. 1,80,00,000 (Negotiable)
(One crore eighty lakh )",0-3-0-0,0-3-0-0,,5,3,3,3,2.5,NONE,HOUSE (RESIDENTIAL),PILLAR SYSTEM,GB02630,2 YEARS AGO,4022,SEMI FURNISHED,,
"Rs. 3,50,00,000 (Negotiable)
(Three crore fifty lakh )",0-5-0-0,,,9,,4,6,3.5,EAST,HOUSE (RESIDENTIAL),PILLAR SYSTEM,GB02955,2 YEARS AGO,2247,SEMI FURNISHED,,
"Rs. 2,35,00,000 (Negotiable)
(Two crore thirty five lakh )",0-3-0-2,,,5,2,2,,2.5,SOUTH,HOUSE (RESIDENTIAL),PILLAR SYSTEM,GB10397,4 MONTHS AGO,97,SEMI FURNISHED,,
"Rs. 2,50,00,000 (Negotiable)
(Two crore fifty lakh )",0-3-0-0,,,5,1,1,5,3.5,EAST,HOUSE (RESIDENTIAL),PILLAR SYSTEM,GB09320,1 YEAR AGO,2180,NOT FURNISHED,,
"Rs. 1,70,00,000 (Negotiable)
(One crore seventy lakh )",0-4-0-0,2159 SQUARE FEET,,4,1,1,2,2,EAST,HOUSE (RESIDENTIAL),PILLAR SYSTEM,GB07789,2 YEARS AGO,4896,SEMI FURNISHED,,
"Rs. 41,00,000 (Negotiable)
(41 lakh per anna)",0-4-0-0,,,,,,,,EAST,LAND (RESIDENTIAL),NONE,GB05412,5 YEARS AGO,3365,,,
,0-,,,2,1,1,,2.5,NONE,HOUSE (RESIDENTIAL),PILLAR SYSTEM,GB10339,5 MONTHS AGO,60,FULLY FURNISHED,,
"Rs. 95,00,000 (Negotiable)
(Ninety five lakh )",0-3-3-0,6011 SQUARE FEET,,2,1,1,1,1.5,WEST,HOUSE (RESIDENTIAL),PILLAR SYSTEM,GB06552,3 YEARS AGO,7279,NOT FURNISHED,,
"Rs. 1,10,000 (Negotiable)
(One lakh ten thousand per month)",0-4-2-0,1180 SQUARE FEET,,3,2,1,3,2.5,NORTH-WEST,HOUSE (RESIDENTIAL),PILLAR SYSTEM,GB07562,3 YEARS AGO,11667,NOT FURNISHED,,
"Rs. 50,00,000
(Fifty lakh )",0-11-0-0,,,,,,,,SOUTH-WEST,LAND (RESIDENTIAL),NONE,GB10627,1 MONTH AGO,1188,,,
"Rs. 10,00,000 (Negotiable)
(Ten lakh )",220 SQUARE FEET,,,,,,,,NONE,SHUTTER/S (RESIDENTIAL),PILLAR SYSTEM,GB10258,5 MONTHS AGO,220,FULLY FURNISHED,,
"Rs. 10,00,00,000 (Negotiable)
(Ten crore )",1-4-0-0,,,4,1,1,2,2.5,EAST,BUNGALOW (RESIDENTIAL),PILLAR SYSTEM,GB07504,2 YEARS AGO,12893,NOT FURNISHED,,
,0-7-0-0,0-7-0-0,,,,,,5.5,SOUTH-WEST,OFFICE SPACE (RESIDENTIAL),PILLAR SYSTEM,GB06340,4 YEARS AGO,3054,SEMI FURNISHED,,
,11-12-1-2,,,15,2,1,15,5,SOUTH,HOTELS & RESORTS (COMMERCIAL),PILLAR SYSTEM,GB10316,4 MONTHS AGO,505,FULLY FURNISHED,,
"Rs. 3,99,000 (Negotiable)
(Three lakh ninety nine thousand )",0-0-0-0,,,,,,,,NORTH-WEST,SHUTTER/S (RESIDENTIAL),PILLAR SYSTEM,GB10526,3 MONTHS AGO,57,NOT FURNISHED,,
"Rs. 4,50,00,000 (Negotiable)
(Four crore fifty lakh )",0-10-0-0,,,7,1,1,6,2.5,SOUTH-WEST,BUNGALOW (RESIDENTIAL),PILLAR SYSTEM,GB06228,4 YEARS AGO,5511,FULLY FURNISHED,,
"Rs. 3,30,00,000 (Negotiable)
(Three crore thirty lakh )",0-4-2-0,,,7,2,2,3,3,SOUTH-EAST,HOUSE (RESIDENTIAL),PILLAR SYSTEM,GB10088,7 MONTHS AGO,119,NOT FURNISHED,,
"Rs. 11,00,000 (Negotiable)
(Eleven lakh )",0-,,,,,,,,NONE,RESTAURANT (RESIDENTIAL),PILLAR SYSTEM,GB10438,4 MONTHS AGO,289,NOT FURNISHED,,
"Rs. 65,000 (Negotiable)
(Sixty five thousand )",0-3-0-0,900 SQUARE FEET,,3,3,1,2,2.5,SOUTH-EAST,HOUSE (RESIDENTIAL),PILLAR SYSTEM,GB10079,7 MONTHS AGO,44,FULLY FURNISHED,,
"Rs. 18,00,000 (Negotiable)
(Per Aana)",0-7-3-0,,,,,,,,SOUTH,LAND (RESIDENTIAL),PILLAR SYSTEM,GB04599,6 YEARS AGO,2353,,,
"Rs. 1,97,00,000 (Negotiable)
(1 crore 97 lakh)",0-3-0-0,,,4,3,3,4,3.5,NORTH-EAST,HOUSE (RESIDENTIAL),PILLAR SYSTEM,GB05703,5 YEARS AGO,3208,SEMI FURNISHED,,
"Rs. 68,00,000 (Negotiable)
(Sixty eight lakh )",1-1-2-0,,,,,,,,NORTH,LAND (RESIDENTIAL),NONE,GB10695,3 DAYS AGO,316,,,
,0-6-2-3,,,42,,,13,6,NORTH-EAST,HOUSE (RESIDENTIAL),PILLAR SYSTEM,GB03049,2 YEARS AGO,3606,NOT FURNISHED,,
"Rs. 6,00,000 (Negotiable)
(4 Table)",0-,,,,,,,,NONE,LAND (RESIDENTIAL),NONE,GB10094,7 MONTHS AGO,61,,,
"Rs. 26,00,000 (Negotiable)
(Twenty six lakh )",0-3-1-2,,,,,,,,NONE,LAND (RESIDENTIAL),NONE,GB09971,8 MONTHS AGO,66,,,
,5000 SQUARE FEET,5000 SQUARE FEET,,,,,4,,EAST,COMMERCIAL BUILDING (RESIDENTIAL),PILLAR SYSTEM,GB05301,5 YEARS AGO,5079,SEMI FURNISHED,,
,,,,6,1,1,1,2,WEST,HOUSE (COMMERCIAL/RESIDENTIAL),PILLAR SYSTEM,GB02737,4 YEARS AGO,1754,NOT FURNISHED,,
"Rs. 2,40,00,000 (Negotiable)
(Two Crores Forty Lakhs )",0-3-1-0,,,4,2,2,3,2.5,SOUTH,HOUSE (RESIDENTIAL),PILLAR SYSTEM,GB05692,5 YEARS AGO,3243,NOT FURNISHED,,
"Rs. 2,50,00,000 (Negotiable)
(Two crore fifty lakh )",0-6-0-0,,,5,2,3,3,2.5,NORTH,BUNGALOW (RESIDENTIAL),PILLAR SYSTEM,GB02815,4 YEARS AGO,5323,SEMI FURNISHED,,
"Rs. 85,00,000 (Negotiable)
(Eighty five lakh )",0-6-2-0,,,,,,,,NONE,LAND (COMMERCIAL/RESIDENTIAL),PILLAR SYSTEM,GB10232,5 MONTHS AGO,23,,,
"Rs. 1,50,00,000 (Negotiable)
(1 crore 50 lakh)",0-0-3-2,,,,,,,5,SOUTH-EAST,HOUSE (COMMERCIAL),PILLAR SYSTEM,GB04554,6 YEARS AGO,2592,NOT FURNISHED,,
"Rs. 2,95,00,000 (Negotiable)
(Two crore ninety five lakh )",0-4-0-0,,,6,3,3,3,3,SOUTH,HOUSE (RESIDENTIAL),PILLAR SYSTEM,GB09973,8 MONTHS AGO,132,FULLY FURNISHED,,
"Rs. 4,10,00,000 (Negotiable)
(Four crore ten lakh )",0-6-0-0,2700 SQUARE FEET,,5,1,1,5,2.5,SOUTH,BUNGALOW (RESIDENTIAL),PILLAR SYSTEM,GB05609,3 YEARS AGO,34461,FULLY FURNISHED,,
"Rs. 25,00,000
(Twenty five lakh )",0-3-0-0,,,,,,,,NONE,LAND (RESIDENTIAL),PILLAR SYSTEM,GB10718,1 MONTH AGO,15,,,
"Rs. 2,50,000 (Negotiable)
(Two lakh fifty thousand )",0-12-0-0,,,,,,,,NONE,FARM HOUSE (COMMERCIAL/RESIDENTIAL),PILLAR SYSTEM,GB10255,5 MONTHS AGO,18,NOT FURNISHED,,
"Rs. 65,00,000 (Negotiable)
(65 lakh )",9659 SQUARE FEET,1822 SQUARE FEET,,4,,1,1,1,EAST,HOUSE (RESIDENTIAL),PILLAR SYSTEM,GB03932,5 YEARS AGO,11244,NOT FURNISHED,,
,0-3-1-1,,,,,,,,NONE,LAND (RESIDENTIAL),NONE,GB01726,2 YEARS AGO,2129,,,
"Rs. 14,00,000 (Negotiable)
(14 lakh per aana)",0-16-0-0,,,,,,,,SOUTH,LAND (COMMERCIAL/RESIDENTIAL),NONE,GB05378,5 YEARS AGO,5924,,,
"Rs. 2,10,00,000 (Negotiable)
(2 crore 10 lakh)",0-3-0-0,,,7,1,2,3,2.5,EAST,HOUSE (RESIDENTIAL),PILLAR SYSTEM,GB05661,5 YEARS AGO,2442,SEMI FURNISHED,,
"Rs. 1,80,00,000 (Negotiable)
(One crore eighty lakh )",0-2-2-0,0-2-2-0,,7,,2,,3,WEST,HOUSE (COMMERCIAL/RESIDENTIAL),PILLAR SYSTEM,GB06737,4 YEARS AGO,2959,NOT FURNISHED,,
"Rs. 6,40,00,000 (Negotiable)
(Six crore forty lakh )",1-0-0-0,1-0-0-0,,,,3,4,2,EAST,HOUSE (COMMERCIAL/RESIDENTIAL),PILLAR SYSTEM,GB06330,4 YEARS AGO,3023,SEMI FURNISHED,,
,0-5-0-0,,,,,,,,NONE,LAND (RESIDENTIAL),PILLAR SYSTEM,GB10494,3 MONTHS AGO,83,,,
"Rs. 1,68,00,000 (Negotiable)
(One crore sixty eight lakh )",0-4-0-0,1900 SQUARE FEET,,5,2,1,2,2.5,WEST,HOUSE (RESIDENTIAL),PILLAR SYSTEM,GB05722,7 MONTHS AGO,7332,NOT FURNISHED,,
"Rs. 1,50,000 / month (Negotiable)
(One lakh fifty thousand )",,3 KATTHA,,,,,,,NONE,HOUSE (RESIDENTIAL),PILLAR SYSTEM,GB09993,8 MONTHS AGO,203,SEMI FURNISHED,,
"Rs. 3,50,000 (Negotiable)
(Starting price 3 lakh 50 thousand per meter)",17-6-3-2,,,,,,,,SOUTH,LAND (RESIDENTIAL),PILLAR SYSTEM,GB04422,6 YEARS AGO,4729,,,
"Rs. 50,00,000 (Negotiable)
(Fifty lakh )",0-5-0-0,,,,,,,,SOUTH,LAND (RESIDENTIAL),NONE,GB10371,4 MONTHS AGO,59,,,
"Rs. 1,15,00,000 (Negotiable)
(One crore fifteen lakh )",,2667 SQUARE FEET,,6,1,1,4,2.5,SOUTH,HOUSE (COMMERCIAL/RESIDENTIAL),PILLAR SYSTEM,GB07568,3 YEARS AGO,5911,NOT FURNISHED,,
"Rs. 18,00,000 (Negotiable)
(18 lakh per aana)","0-3-2-0, 0-5-2-0",,,,,,,,EAST,LAND (RESIDENTIAL),NONE,GB04819,5 YEARS AGO,18100,,,
"Rs. 8,50,00,000 (Negotiable)
(Eight crore fifty lakh )",0-8-3-2,2789 SQUARE FEET,,5,2,1,4,2.5,EAST,HOUSE (RESIDENTIAL),PILLAR SYSTEM,GB10770,2 WEEKS AGO,1038,FULLY FURNISHED,,
"Rs. 2,00,00,000 (Negotiable)
(Two crore )",0-3-0-0,,,3,1,2,,2,SOUTH-EAST,HOUSE (RESIDENTIAL),PILLAR SYSTEM,GB10392,4 MONTHS AGO,87,NOT FURNISHED,,
,0-13-2-0,,,,,,,,SOUTH-EAST,LAND (COMMERCIAL/RESIDENTIAL),NONE,GB03718,6 YEARS AGO,8414,,,
"Rs. 50,000 (Negotiable)
(Fifty thousand per month)",850 SQUARE FEET,,,,,,,,NONE,APARTMENT (RESIDENTIAL),PILLAR SYSTEM,GB09802,10 MONTHS AGO,808,NOT FURNISHED,,
"Rs. 3,50,00,000 (Negotiable)
(3 crore 50 lakh )",0-9-0-0,1200 SQUARE FEET,,4,2,2,,2,NORTH,HOUSE (RESIDENTIAL),PILLAR SYSTEM,GB04497,6 YEARS AGO,1535,SEMI FURNISHED,,
"Rs. 35,00,000 (Negotiable)
(Thirty five lakh per aana)",0-6-3-0,,,,,,,,SOUTH-WEST,LAND (COMMERCIAL/RESIDENTIAL),NONE,GB08814,2 YEARS AGO,2605,,,
"Rs. 3,50,000 (Negotiable)
(For sale 15 crore/For rent 3 lakh 50 thousand per month)",0-6-2-0,4000 SQUARE FEET,,8,1,1,7,3.5,NORTH,COMMERCIAL BUILDING (COMMERCIAL/RESIDENTIAL),PILLAR SYSTEM,GB07078,4 YEARS AGO,3517,SEMI FURNISHED,,
"Rs. 34,000 / month (Negotiable)
(Thirty four thousand per month)",0-,0-8-0-0,,3,1,1,1,1,EAST,HOUSE (RESIDENTIAL),PILLAR SYSTEM,GB10100,6 MONTHS AGO,91,FULLY FURNISHED,,
"Rs. 17,00,000 (Negotiable)
(17 lakh per aana)",0-5-2-2,,,,,,,,SOUTH,LAND (RESIDENTIAL),NONE,GB03700,5 YEARS AGO,5099,,,
"Rs. 2,95,00,000 (Negotiable)
(Two crore ninety five lakh )",0-3-2-0,800 SQUARE FEET,,5,2,2,3,2.5,EAST,HOUSE (RESIDENTIAL),PILLAR SYSTEM,GB09980,8 MONTHS AGO,132,FULLY FURNISHED,,
,0-,,,,,,,3,NORTH-EAST,COMMERCIAL BUILDING (COMMERCIAL),PILLAR SYSTEM,GB05401,4 YEARS AGO,3042,NOT FURNISHED,,
"Rs. 5,50,00,000 (Negotiable)
(Five crore fifty lakh )",0-10-0-0,1938 SQUARE FEET,,7,1,2,2,2.5,SOUTH,HOUSE (RESIDENTIAL),PILLAR SYSTEM,GB07580,11 MONTHS AGO,4393,NOT FURNISHED,,
"Rs. 2,85,00,000 (Negotiable)
(Two crore eighty five lakh )",0-3-2-1,2461 SQUARE FEET,,10,2,2,5,,EAST,HOUSE (RESIDENTIAL),NONE,GB10080,7 MONTHS AGO,95,NOT FURNISHED,,
"Rs. 4,50,00,000 (Negotiable)
(Four crore fifty lakh )",0-5-0-0,3600 SQUARE FEET,,7,3,3,6,3.5,EAST,HOUSE (COMMERCIAL/RESIDENTIAL),PILLAR SYSTEM,GB07627,2 YEARS AGO,7575,NOT FURNISHED,,
"Rs. 2,15,00,000 (Negotiable)
(Two crore fifteen lakh )",0-2-2-1,,,2,2,1,3,3.5,SOUTH-WEST,HOUSE (RESIDENTIAL),PILLAR SYSTEM,GB08601,2 YEARS AGO,6619,NOT FURNISHED,,
"Rs. 5,00,000
(Five lakh )",100 SQUARE FEET,1000 SQUARE FEET,,,,,,1,EAST,SCHOOL (COMMERCIAL),PILLAR SYSTEM,GB10505,3 MONTHS AGO,34,FULLY FURNISHED,,
"Rs. 2,15,00,000 (Negotiable)
(Two crore fifteen lakh )",0-5-0-0,1900 SQUARE FEET,,4,1,2,4,2.5,SOUTH-EAST,HOUSE (RESIDENTIAL),PILLAR SYSTEM,GB07470,2 YEARS AGO,10720,NOT FURNISHED,,
"Rs. 3,50,000 (Negotiable)
(Three lakh fifty thousand per kattha)",152 KATTHA,,,,,,,,WEST-NORTH-SOUTH,LAND (COMMERCIAL/RESIDENTIAL),NONE,GB09507,1 YEAR AGO,1127,,,
"Rs. 25,000 (Negotiable)",0-,,,,,,,,NONE,HOUSE (RESIDENTIAL),NONE,GB10585,1 MONTH AGO,76,NOT FURNISHED,,
"Rs. 3,25,00,000 (Negotiable)
(Three crore twenty five lakh )",0-5-0-0,,,6,2,2,4,,SOUTH-EAST,HOUSE (RESIDENTIAL),PILLAR SYSTEM,GB08556,2 YEARS AGO,3862,FULLY FURNISHED,,
"Rs. 5,00,00,000 (Negotiable)
(Five crore )",0-9-0-0,,,3,1,1,3,2.5,SOUTH,BUNGALOW (RESIDENTIAL),PILLAR SYSTEM,GB07082,3 YEARS AGO,5935,FULLY FURNISHED,,
"Rs. 3,30,00,000 (Negotiable)
(Three crore thirty lakh )",0-4-3-0,0-2-2-2,,8,4,3,,3.5,SOUTH-WEST,HOUSE (RESIDENTIAL),PILLAR SYSTEM,GB10724,1 MONTH AGO,73,FULLY FURNISHED,,
"Rs. 2,80,00,000 (Negotiable)
(Two crore eighty lakh )",133 SQUARE METER,2337 SQUARE FEET,,6,2,2,,2.5,SOUTH-EAST,HOUSE (RESIDENTIAL),PILLAR SYSTEM,GB10586,2 MONTHS AGO,125,SEMI FURNISHED,,
"Rs. 3,75,00,000 (Negotiable)
(Three crore seventy five lakh )",0-5-2-0,,,22,,1,14,4.5,SOUTH,COMMERCIAL BUILDING (RESIDENTIAL),PILLAR SYSTEM,GB06379,3 YEARS AGO,2434,SEMI FURNISHED,,
,0-4-0-0,,,8,2,2,4,2.5,SOUTH,HOUSE (RESIDENTIAL),PILLAR SYSTEM,GB03681,6 YEARS AGO,21742,NOT FURNISHED,,
"Rs. 1,90,00,000 (Negotiable)
(One crore ninety lakh )",0-4-0-0,,,6,2,1,,1.5,NONE,HOUSE (RESIDENTIAL),PILLAR SYSTEM,GB10401,4 MONTHS AGO,134,,,
,0-4-2-0,,,9,1,1,5,6.5,NORTH-EAST,HOUSE (COMMERCIAL/RESIDENTIAL),PILLAR SYSTEM,GB04078,5 YEARS AGO,9029,SEMI FURNISHED,,
"Rs. 7,50,00,000 (Negotiable)
(Seven crore fifty lakh )",0-14-0-0,,,5,2,1,5,2.5,EAST,BUNGALOW (RESIDENTIAL),PILLAR SYSTEM,GB06371,2 YEARS AGO,8091,FULLY FURNISHED,,
"Rs. 3,20,00,000 (Negotiable)
(3 aana 1 paisa 3 dam)",0-,,,,,,,,NONE,HOUSE (RESIDENTIAL),NONE,GB10704,1 MONTH AGO,39,NOT FURNISHED,,
"Rs. 5,50,00,000 (Negotiable)
(Five crore fifty lakh )",0-7-0-0,,,5,2,,5,,NONE,HOUSE (RESIDENTIAL),PILLAR SYSTEM,GB10520,3 MONTHS AGO,113,NOT FURNISHED,,
"Rs. 75,000 (Negotiable)
(32)",0-,,,,,,,,NONE,HOUSE (RESIDENTIAL),NONE,GB10574,2 MONTHS AGO,37,NOT FURNISHED,,
"Rs. 1,85,00,000 (Negotiable)
(1 crore 85 lakh )",0-4-1-1,2200 SQUARE FEET,,6,2,2,3,2.5,NORTH-WEST,HOUSE (RESIDENTIAL),PILLAR SYSTEM,GB05708,4 YEARS AGO,9621,SEMI FURNISHED,,
"Rs. 29,00,000 (Negotiable)
(Twenty nine lakh )",0-5-0-0,,,,,,,,SOUTH,LAND (RESIDENTIAL),NONE,GB10457,2 WEEKS AGO,3432,,,
"Rs. 88,000 / month
(Eighty eight thousand )",0-4-0-0,0-3-3-3,,5,3,3,,5,EAST,HOUSE (RESIDENTIAL),PILLAR SYSTEM,GB10830,7 HOURS AGO,14,,,
,6-14-0-0,,,,,,,,NONE,LAND (COMMERCIAL/RESIDENTIAL),PILLAR SYSTEM,GB10643,1 MONTH AGO,28,,,
"Rs. 43,00,000 (Negotiable)
(Forty three lakh per aana)",0-11-2-2,0-4-2-0,,,,,,,WEST,LAND (COMMERCIAL/RESIDENTIAL),NONE,GB07144,2 YEARS AGO,16738,,,
"Rs. 17,00,00,000 (Negotiable)
(Seventeen crore)",2-3-3-0,6800 SQUARE FEET,,,,,7,4,SOUTH,COMMERCIAL BUILDING (RESIDENTIAL),PILLAR SYSTEM,GB04535,4 YEARS AGO,10165,SEMI FURNISHED,1700 SQUARE FEET,
"Rs. 9,00,000 (Negotiable)",300 SQUARE FEET,300 SQ. FT.-0-0-0,,1,,,,,NORTH,HOUSE (COMMERCIAL/RESIDENTIAL),PILLAR SYSTEM,GB10432,3 MONTHS AGO,100,FULLY FURNISHED,,
"Rs. 25,00,000 (Negotiable)
(25 lakh per aana)",0-4-3-2,,,,,,,,NORTH-EAST,LAND (RESIDENTIAL),NONE,GB05314,4 YEARS AGO,7634,,,
"Rs. 3,92,00,000 (Negotiable)
(Three crore ninety two lakh )",0-3-0-0,409 SQUARE FEET,,17,1,1,5,4,NORTH-WEST,HOUSE (RESIDENTIAL),PILLAR SYSTEM,GB10302,5 MONTHS AGO,1011,NOT FURNISHED,,
"Rs. 33,00,000 (Negotiable)
(33 lakh per aana)",0-26-0-0,,,,,,,,NORTH-EAST,LAND (COMMERCIAL/RESIDENTIAL),PILLAR SYSTEM,GB05384,5 YEARS AGO,4263,,,
"Rs. 6,00,000 (Negotiable)
(Six lakh )",0-,,,,,,1,3,NONE,OFFICE SPACE (COMMERCIAL/RESIDENTIAL),PILLAR SYSTEM,GB10107,6 MONTHS AGO,53,SEMI FURNISHED,,
"Rs. 2,60,00,000 (Negotiable)
(Two crore sixty lakh )",0-4-2-0,,,5,3,3,7,3,EAST,HOUSE (COMMERCIAL/RESIDENTIAL),PILLAR SYSTEM,GB05786,3 YEARS AGO,4395,SEMI FURNISHED,,
,0-14-0-0,1600 SQUARE FEET,,8,2,2,,2.5,SOUTH-WEST,HOUSE (RESIDENTIAL),PILLAR SYSTEM,GB10789,2 WEEKS AGO,31,NOT FURNISHED,,
"Rs. 95,000 (Negotiable)
(Ninety five thousand )",1000 SQUARE FEET,,,2,1,1,2,,SOUTH-EAST,APARTMENT (RESIDENTIAL),PILLAR SYSTEM,GB09904,5 MONTHS AGO,481,FULLY FURNISHED,,
"Rs. 3,20,00,000 (Negotiable)
(Three crore twenty lakh )",0-4-0-0,0-4-0-0,,,,4,,5,NORTH-EAST,HOUSE (RESIDENTIAL),PILLAR SYSTEM,GB10395,3 MONTHS AGO,103,SEMI FURNISHED,,
"Rs. 3,60,00,000 (Negotiable)",0-4-0-0,0-4-0-0,,5,3,2,,2.5,SOUTH,HOUSE (RESIDENTIAL),NONE,GB10573,2 MONTHS AGO,64,NOT FURNISHED,,
"Rs. 34,00,000 (Negotiable)
(Thirty four lakh per)",0-4-1-0,,,,,,,,NONE,LAND (RESIDENTIAL),PILLAR SYSTEM,GB10304,5 MONTHS AGO,46,,,
,0-10-0-0,,,,,,,,SOUTH,LAND (COMMERCIAL/RESIDENTIAL),NONE,GB10637,1 MONTH AGO,18,,,
"Rs. 3,80,00,000 (Negotiable)
(Three crore eighty lakh )",0-6-0-0,,,5,2,3,3,2.5,NONE,HOUSE (RESIDENTIAL),PILLAR SYSTEM,GB09979,5 MONTHS AGO,161,NOT FURNISHED,,
"Rs. 1,90,00,000 (Negotiable)
(1 crore 90 lakh)",0-3-2-2,,,10,3,2,4,3.5,EAST,HOUSE (RESIDENTIAL),PILLAR SYSTEM,GB03475,5 YEARS AGO,1979,SEMI FURNISHED,,
"Rs. 3,50,00,000 (Negotiable)
(Three crore fifty lakh )",0-2-3-0,,,,,,,,NONE,HOUSE (RESIDENTIAL),PILLAR SYSTEM,GB10632,1 MONTH AGO,74,,,
"Rs. 2,50,000 / month (Negotiable)
(Two lakh fifty thousand per month)",3000 SQUARE FEET,,,6,1,1,3,,EAST,OFFICE SPACE (COMMERCIAL/RESIDENTIAL),PILLAR SYSTEM,GB09635,11 MONTHS AGO,451,FULLY FURNISHED,,
,0-8-2-0,,,10,4,3,4,4,SOUTH,HOUSE (RESIDENTIAL),PILLAR SYSTEM,GB03628,5 YEARS AGO,4489,NOT FURNISHED,,
"Rs. 1,85,00,000 (Negotiable)
(One crore eighty five lakh )",0-3-0-0,,,5,1,1,3,3,EAST,HOUSE (RESIDENTIAL),PILLAR SYSTEM,GB08923,2 YEARS AGO,5604,SEMI FURNISHED,,
"Rs. 1,45,00,000 (Negotiable)
(One crore forty five lakh )",0-2-2-0,1800 SQUARE FEET,,4,2,2,3,2.5,EAST,HOUSE (RESIDENTIAL),PILLAR SYSTEM,GB06174,4 YEARS AGO,3641,NOT FURNISHED,,
"Rs. 6,30,000 (Negotiable)
(Six lakh thirty thousand per dhur)",43 DHUR,,,,,,,,NONE,HOUSE (RESIDENTIAL),PILLAR SYSTEM,GB10173,6 MONTHS AGO,73,NOT FURNISHED,,
"Rs. 3,50,00,000 (Negotiable)
(Three crore fifty lakh )",0-5-0-0,,,6,3,3,5,3.5,SOUTH-EAST,HOUSE (RESIDENTIAL),PILLAR SYSTEM,GB08598,2 YEARS AGO,3644,NOT FURNISHED,,
"Rs. 1,10,000 (Negotiable)
(One lakh ten thousand per month)",0-5-2-1,,,,,,,3,EAST,HOUSE (COMMERCIAL/RESIDENTIAL),PILLAR SYSTEM,GB10155,6 MONTHS AGO,754,SEMI FURNISHED,,
"Rs. 70,00,000 (Negotiable)
(70 lakh)",30 DHUR,,,,,,,,NORTH-WEST,LAND (RESIDENTIAL),PILLAR SYSTEM,GB04549,4 YEARS AGO,6965,,,
"Rs. 65,00,000 (Negotiable)
(65 lakh per aana)",1-0-1-2,,,,,,,,SOUTH-EAST,LAND (RESIDENTIAL),NONE,GB03579,5 YEARS AGO,4138,,,
"Rs. 3,15,00,000 (Negotiable)
(Three crore fifteen lakh )",5-2-2-0,900 SQUARE FEET,,6,1,2,2,2.5,SOUTH,HOUSE (RESIDENTIAL),NONE,GB07620,3 YEARS AGO,4054,SEMI FURNISHED,,
"Rs. 2,00,00,000 (Negotiable)
(Two crore )",0-3-1-1,,,3,2,3,,3,WEST,HOUSE (RESIDENTIAL),PILLAR SYSTEM,GB10591,2 MONTHS AGO,104,,,
"Rs. 1,40,00,000 (Negotiable)
(1 crore 40 lakh)",0-3-3-0,0-3-3-0,,3,2,2,,2,SOUTH,HOUSE (RESIDENTIAL),PILLAR SYSTEM,GB04419,6 YEARS AGO,5091,FULLY FURNISHED,,
"Rs. 2,00,00,000 (Negotiable)
(2 crore)",0-3-0-0,,,10,,3,5,3.5,NORTH-EAST,HOUSE (RESIDENTIAL),PILLAR SYSTEM,GB05674,5 YEARS AGO,2334,SEMI FURNISHED,,
"Rs. 50,000 (Negotiable)
(Fifty thousand per month)",0-0-0-0,1113 SQUARE FEET,,2,1,1,2,6,SOUTH,APARTMENT (RESIDENTIAL),PILLAR SYSTEM,GB10066,3 MONTHS AGO,232,FULLY FURNISHED,,
"Rs. 1,97,00,000 (Negotiable)
(One crore ninety seven lakh )",0-3-0-3,1700 SQUARE FEET,,4,1,2,4,2.5,SOUTH-EAST,HOUSE (RESIDENTIAL),PILLAR SYSTEM,GB07588,3 YEARS AGO,7625,NOT FURNISHED,,
"Rs. 2,50,00,000 (Negotiable)
(Two crore fifty lakh )",0-3-2-0,1353 SQUARE FEET,,4,1,1,3,2.5,NORTH-EAST,HOUSE (RESIDENTIAL),PILLAR SYSTEM,GB08499,2 YEARS AGO,13522,NOT FURNISHED,,
"Rs. 1,75,00,000 (Negotiable)
(One crore seventy five lakh )",0-2-2-1,,,4,,,2,2.5,WEST,HOUSE (RESIDENTIAL),PILLAR SYSTEM,GB06312,4 YEARS AGO,2966,SEMI FURNISHED,,
"Rs. 2,00,00,000 (Negotiable)
(Two crore )",0-3-2-0,,,6,2,1,,3,NONE,HOUSE (RESIDENTIAL),PILLAR SYSTEM,GB10373,2 MONTHS AGO,184,NOT FURNISHED,,
,10-0-0-0,,,,,,,,NONE,HOUSE (RESIDENTIAL),NONE,GB10159,6 MONTHS AGO,87,NOT FURNISHED,,
"Rs. 15,00,000 (Negotiable)
(Fifteen lakh )",0-4-2-0,,,,,,,,SOUTH,LAND (RESIDENTIAL),NONE,GB09341,1 YEAR AGO,2712,,,
"Rs. 75,000 (Negotiable)
(Seventy five thousand )",0-3-0-0,1500 SQUARE FEET,,3,1,1,4,3,SOUTH,HOUSE (RESIDENTIAL),PILLAR SYSTEM,GB10592,2 WEEKS AGO,204,FULLY FURNISHED,,
"Rs. 50,000 (Negotiable)
(Fifty thousand )",0-3-0-0,,,,,,,,NONE,LAND (RESIDENTIAL),NONE,GB10151,6 MONTHS AGO,38,,,
"Rs. 70,000 / month (Negotiable)
(Seventy thousand )",0-7-3-0,,,4,1,1,,2.5,SOUTH,HOUSE (RESIDENTIAL),PILLAR SYSTEM,GB10222,5 MONTHS AGO,97,FULLY FURNISHED,,
"Rs. 1,90,00,000 (Negotiable)
(One crore ninety lakh )",0-3-1-0,,,,,,,,NONE,HOUSE (RESIDENTIAL),NONE,GB09992,8 MONTHS AGO,105,NOT FURNISHED,,
,680 SQUARE FEET,,,2,1,1,1,,SOUTH-WEST,APARTMENT (RESIDENTIAL),PILLAR SYSTEM,GB08690,10 MONTHS AGO,4801,FULLY FURNISHED,800 SQUARE FEET,
"Rs. 3,40,00,000 (Negotiable)
(Three crore forty lakh )",1-6-0-0,0-6-1-0,,7,1,1,3,2.5,SOUTH,HOUSE (COMMERCIAL/RESIDENTIAL),PILLAR SYSTEM,GB06991,4 YEARS AGO,3069,SEMI FURNISHED,,
,0-3-2-0,,,4,1,2,3,2.5,NORTH-WEST,HOUSE (RESIDENTIAL),PILLAR SYSTEM,GB03739,6 YEARS AGO,2600,SEMI FURNISHED,,
"Rs. 2,00,00,000 (Negotiable)
(2 crore)",0-2-2-2,,,14,4,4,4,,NORTH-WEST,HOUSE (RESIDENTIAL),PILLAR SYSTEM,GB03723,5 YEARS AGO,1273,FULLY FURNISHED,,
"Rs. 3,20,00,000 (Negotiable)
(3 crore 20 lakh)",0-5-2-2,2850 SQUARE FEET,,6,2,2,4,2.5,NORTH-EAST,HOUSE (RESIDENTIAL),PILLAR SYSTEM,GB05385,4 YEARS AGO,6505,SEMI FURNISHED,,
"Rs. 1,25,00,000 (Negotiable)
(One crore twenty five lakh)",0-10-0-0,,,8,1,2,5,2.5,EAST,HOUSE (RESIDENTIAL),PILLAR SYSTEM,GB03566,4 YEARS AGO,2785,SEMI FURNISHED,,
"Rs. 2,00,00,000 (Negotiable)
(Two crore )",0-3-0-3,,,5,2,2,,2.5,NONE,HOUSE (RESIDENTIAL),PILLAR SYSTEM,GB10659,1 MONTH AGO,34,,,
"Rs. 60,00,000 (Negotiable)
(Sixty lakh per aana)",0-8-0-0,,,,,,,,NONE,LAND (RESIDENTIAL),NONE,GB08746,2 YEARS AGO,3094,,,
,0-16-0-0,21500 SQUARE FEET,,,,,20,6,NORTH-EAST,COMMERCIAL BUILDING (RESIDENTIAL),PILLAR SYSTEM,GB05191,5 YEARS AGO,2587,NOT FURNISHED,3500 SQUARE FEET,4000 SQUARE FEET
"Rs. 80,00,000 (Negotiable)
(Eighty lakh per aana)",0-36-0-0,,,,,,,,SOUTH-EAST,LAND (RESIDENTIAL),NONE,GB04901,2 YEARS AGO,7293,,,
"Rs. 35,00,000 (Negotiable)
(Thirty five lakh per aana)",0-4-0-0,,,,,,,,NORTH,LAND (RESIDENTIAL),NONE,GB09811,10 MONTHS AGO,2273,,,
"Rs. 2,30,00,000 (Negotiable)
(Two crore thirty lakh )",0-3-0-0,,,5,3,1,4,,NONE,HOUSE (RESIDENTIAL),PILLAR SYSTEM,GB10441,4 MONTHS AGO,1050,NOT FURNISHED,,
"Rs. 75,000 (Negotiable)
(Seventy five thousand per month)",0-8-0-0,,,,,,1,1,NONE,SHUTTER/S (RESIDENTIAL),PILLAR SYSTEM,GB10434,4 MONTHS AGO,318,SEMI FURNISHED,,
"Rs. 85,000 (Negotiable)
(Eighty five thousand per month)",0-6-0-1,3400 SQUARE FEET,,6,3,3,,3.5,SOUTH-EAST,HOUSE (RESIDENTIAL),PILLAR SYSTEM,GB06367,4 YEARS AGO,969,SEMI FURNISHED,,
"Rs. 60,00,000 (Negotiable)
(60 lakh per anna)",0-13-0-0,,,,,,,,SOUTH-WEST,LAND (COMMERCIAL/RESIDENTIAL),PILLAR SYSTEM,GB05623,5 YEARS AGO,3170,,,
"Rs. 60,00,000 (Negotiable)
(Sixty lakh)",1822 SQUARE FEET,,,2,1,1,1,1,NORTH,HOUSE (RESIDENTIAL),PILLAR SYSTEM,GB02845,4 YEARS AGO,15449,NOT FURNISHED,,
"Rs. 3,50,00,000 (Negotiable)
(Three crore fifty lakh )",0-4-0-0,,,5,2,2,,3,SOUTH,HOUSE (RESIDENTIAL),PILLAR SYSTEM,GB10635,1 MONTH AGO,33,NOT FURNISHED,,
"Rs. 1,75,00,000 (Negotiable)
(1 crore 75 lakh)",0-3-2-0,2600 SQUARE FEET,,6,3,2,4,3.5,SOUTH-WEST,HOUSE (RESIDENTIAL),PILLAR SYSTEM,GB05648,3 YEARS AGO,5118,SEMI FURNISHED,,
"Rs. 75,00,000 (Negotiable)
(Seventy five lakh )",599 SQUARE FEET,,,,,,,,NONE,HOUSE (RESIDENTIAL),PILLAR SYSTEM,GB09733,11 MONTHS AGO,931,NOT FURNISHED,,
"Rs. 1,25,00,000 (Negotiable)
(1 Crore 25 Lakh)",2369 SQUARE FEET,,,2,1,1,1,1,,HOUSE (RESIDENTIAL),PILLAR SYSTEM,GB02874,6 YEARS AGO,5853,NOT FURNISHED,,
,9-0-0-0,,,,,,,,EAST,LAND (COMMERCIAL/RESIDENTIAL),NONE,GB03606,7 YEARS AGO,1249,,,
"Rs. 80,00,000 (Negotiable)
(Eighty lakh )",,,,2,1,1,1,,NORTH-WEST,APARTMENT (RESIDENTIAL),PILLAR SYSTEM,GB06039,4 MONTHS AGO,18528,NOT FURNISHED,767 SQUARE FEET,
"Rs. 1,30,00,000 (Negotiable)
(One crore thirty lakh )",0-,,,,,,,,NONE,HOUSE (RESIDENTIAL),PILLAR SYSTEM,GB10006,7 MONTHS AGO,50,SEMI FURNISHED,,
"Rs. 34,00,000 (Negotiable)
(Thirty four lakh )",14-0-0-0,410 SQUARE FEET,,1,1,1,1,10,NONE,APARTMENT (RESIDENTIAL),PILLAR SYSTEM,GB10300,4 MONTHS AGO,2192,NOT FURNISHED,,
,0-0-0-0,,,,,,,,SOUTH,SHUTTER/S (RESIDENTIAL),PILLAR SYSTEM,GB10521,3 MONTHS AGO,439,NOT FURNISHED,,
"Rs. 2,60,00,000 (Negotiable)
(Two crore sixty lakh )",0-4-0-0,,,,,,,,NORTH-EAST,HOUSE (RESIDENTIAL),PILLAR SYSTEM,GB09339,1 YEAR AGO,1440,NOT FURNISHED,,
"Rs. 1,40,00,000 (Negotiable)
(One crore forty lakh )",0-4-3-0,950 SQUARE FEET,,2,1,1,1,1,NORTH,HOUSE (RESIDENTIAL),PILLAR SYSTEM,GB05729,3 YEARS AGO,3219,NOT FURNISHED,,
"Rs. 1,60,00,000 (Negotiable)
(One crore sixty lakh )",0-7-1-0,,,2,,1,1,1,EAST,HOUSE (RESIDENTIAL),PILLAR SYSTEM,GB06970,4 YEARS AGO,3459,NOT FURNISHED,,
"Rs. 2,90,00,000 (Negotiable)
(Two crore ninety lakh )",0-12-0-0,2717 SQUARE FEET,,14,1,2,,2.5,SOUTH,HOUSE (RESIDENTIAL),PILLAR SYSTEM,GB09803,10 MONTHS AGO,1128,NOT FURNISHED,,
"Rs. 2,45,00,000 (Negotiable)
(Two crore forty five lakh )",19 DHUR,,,6,2,1,5,2.5,NORTH,HOUSE (RESIDENTIAL),PILLAR SYSTEM,GB10097,7 MONTHS AGO,62,FULLY FURNISHED,,
"Rs. 2,80,00,000 (Negotiable)
(Two crore eighty lakh )",0-3-0-0,0-3-0-0,,4,2,1,,2.5,NORTH-EAST-SOUTH,HOUSE (RESIDENTIAL),PILLAR SYSTEM,GB10588,2 MONTHS AGO,93,,,
,0-6-2-0,2200 SQUARE FEET,,5,1,2,3,2.5,SOUTH-EAST,HOUSE (RESIDENTIAL),PILLAR SYSTEM,GB06846,3 YEARS AGO,10286,SEMI FURNISHED,,
"Rs. 17,00,000 (Negotiable)
(Seventeen lakh per aana)",0-3-0-0,,,,,,,,EAST-SOUTH-WEST,LAND (RESIDENTIAL),NONE,GB10689,3 DAYS AGO,628,,,
"Rs. 3,50,000 / month (Negotiable)
(Three lakh fifty thousand )",1-9-0-0,,,5,2,1,2,3,SOUTH-WEST,HOUSE (RESIDENTIAL),PILLAR SYSTEM,GB10247,5 MONTHS AGO,57,FULLY FURNISHED,,
"Rs. 3,00,00,000 (Negotiable)
(Three crore )",0-5-2-0,,,8,,,3,2.5,SOUTH-EAST,HOUSE (COMMERCIAL/RESIDENTIAL),WALL BEARING,GB02831,2 YEARS AGO,2745,NOT FURNISHED,,
"Rs. 4,50,000 (Negotiable)
(Four lakh fifty thousand )",0-21-0-0,,,,,,,,NONE,LAND (RESIDENTIAL),NONE,GB09789,6 MONTHS AGO,2912,,,
,0-,,,,,,,,NONE,LAND (RESIDENTIAL),PILLAR SYSTEM,GB10565,2 MONTHS AGO,58,,,
,,,,,,,,,NONE,HOUSE (RESIDENTIAL),PILLAR SYSTEM,GB10638,1 MONTH AGO,37,FULLY FURNISHED,,
"Rs. 1,72,00,000 (Negotiable)
(1 crore 72 lakh)",0-2-3-0,2117 SQUARE FEET,,5,3,3,3,3,NORTH-EAST,HOUSE (RESIDENTIAL),PILLAR SYSTEM,GB04484,6 YEARS AGO,19153,SEMI FURNISHED,,
"Rs. 55,00,000 (Negotiable)
(Fifty five lakh )",0-6-2-0,,,,,,,,NONE,LAND (RESIDENTIAL),NONE,GB10391,4 MONTHS AGO,64,,,
"Rs. 10,00,000 (Negotiable)
(10 lakh per ropani)",7-5-0-0,,,,,,,,NORTH-EAST,LAND (COMMERCIAL/RESIDENTIAL),NONE,GB03622,7 YEARS AGO,2875,,,
"Rs. 1,75,00,000 (Negotiable)
(One crore seventy five lakh )",0-3-3-3,0-3-0-0,,3,3,2,3,2.5,EAST-SOUTH-WEST,HOUSE (RESIDENTIAL),PILLAR SYSTEM,GB10157,6 MONTHS AGO,288,NOT FURNISHED,,
,2500 SQUARE FEET,,,,,,,,SOUTH,APARTMENT (RESIDENTIAL),PILLAR SYSTEM,GB09847,9 MONTHS AGO,1197,NOT FURNISHED,,
"Rs. 6,00,00,000 (Negotiable)
(Six crore )",0-5-2-0,,,,,,,,SOUTH-EAST,COMMERCIAL BUILDING (RESIDENTIAL),PILLAR SYSTEM,GB10697,1 MONTH AGO,1224,NOT FURNISHED,,
,1-0-0-0,,,,,,,,NONE,APARTMENT (RESIDENTIAL),PILLAR SYSTEM,GB09808,10 MONTHS AGO,1088,FULLY FURNISHED,,
"Rs. 25,00,000 (Negotiable)
(Twenty five lakh per aana)",0-24-0-0,,,,,,,,SOUTH-WEST,LAND (RESIDENTIAL),NONE,GB05843,5 YEARS AGO,2194,,,
"Rs. 5,10,00,000 (Negotiable)
(Five crore ten lakh )",0-7-1-0,,,7,3,2,,3.5,SOUTH-WEST,HOUSE (RESIDENTIAL),PILLAR SYSTEM,GB10219,5 MONTHS AGO,78,SEMI FURNISHED,,
"Rs. 25,00,000 (Negotiable)
(25 lakh per aana)",0-12-0-0,,,,,,,,WEST,LAND (RESIDENTIAL),WALL BEARING,GB03483,5 YEARS AGO,3113,,,
"Rs. 16,00,000 (Negotiable)
(Sixteen lakh )",0-,,,,,,,,NONE,RESTAURANT (RESIDENTIAL),PILLAR SYSTEM,GB10141,6 MONTHS AGO,90,NOT FURNISHED,,
"Rs. 4,98,00,000 (Negotiable)
(Four crore ninety eight lakh )",0-5-3-0,,,7,4,4,4,4.25,NONE,HOUSE (RESIDENTIAL),PILLAR SYSTEM,GB09778,5 MONTHS AGO,236,NOT FURNISHED,,
"Rs. 98,00,000 (Negotiable)
(Ninety eight lakh )",0-8-2-0,,,,,,,,NORTH-WEST,LAND (COMMERCIAL/RESIDENTIAL),NONE,GB10690,3 DAYS AGO,483,,,
,0-5-0-0,,,5,2,2,,3.5,SOUTH-WEST,HOUSE (RESIDENTIAL),PILLAR SYSTEM,GB10333,5 MONTHS AGO,100,SEMI FURNISHED,,
"Rs. 3,75,00,000 (Negotiable)
(Three crore seventy five lakh )",0-4-2-0,2500 SQUARE FEET,,5,3,3,4,2.5,SOUTH-WEST,HOUSE (COMMERCIAL/RESIDENTIAL),PILLAR SYSTEM,GB07835,2 YEARS AGO,3450,SEMI FURNISHED,,
"Rs. 35,00,000 (Negotiable)
(Thirty five lakh per anna)",0-20-0-0,,,,,,,,SOUTH-EAST,LAND (COMMERCIAL/RESIDENTIAL),NONE,GB06302,3 YEARS AGO,4301,,,
"Rs. 1,35,00,000
(One crore thirty five lakh )",0-2-3-0,,,2,1,1,,1,NORTH,HOUSE (RESIDENTIAL),PILLAR SYSTEM,GB10739,4 WEEKS AGO,47,,,
"Rs. 2,10,00,000 (Negotiable)
(Two Crore Ten Lakh)",0-2-2-0,,,9,,2,3,2.5,SOUTH-WEST,HOUSE (RESIDENTIAL),PILLAR SYSTEM,GB06355,4 YEARS AGO,4459,SEMI FURNISHED,,
"Rs. 4,50,00,000 (Negotiable)
(Four crore fifty lakh )",0-5-0-0,0-5-0-0,,4,2,1,5,3,SOUTH-WEST,HOUSE (RESIDENTIAL),PILLAR SYSTEM,GB08668,1 YEAR AGO,6476,FULLY FURNISHED,,
"Rs. 1,99,00,000 (Negotiable)
(One crore ninety nine lakh )",0-2-2-0,,,5,2,1,3,2.5,SOUTH-WEST,HOUSE (RESIDENTIAL),PILLAR SYSTEM,GB07828,3 YEARS AGO,9882,NOT FURNISHED,,
"Rs. 2,75,00,000 (Negotiable)
(Two crore seventy five lakh )",0-4-0-1,,,5,2,2,4,3,WEST,HOUSE (RESIDENTIAL),PILLAR SYSTEM,GB09741,10 MONTHS AGO,1465,NOT FURNISHED,,
"Rs. 4,50,000 (Negotiable)
(Four lakh fifty thousand )",0-5-0-0,,,,,,,,NONE,FLAT (RESIDENTIAL),PILLAR SYSTEM,GB10361,5 MONTHS AGO,40,NOT FURNISHED,,
,4100 SQUARE FEET,,,4,1,1,3,2.5,NORTH-WEST,HOUSE (RESIDENTIAL),PILLAR SYSTEM,GB10569,2 MONTHS AGO,677,NOT FURNISHED,,
"Rs. 60,000 (Negotiable)
(each floor 60 thousand per month)",0-,,,,,,,5,EAST,COMMERCIAL BUILDING (COMMERCIAL),PILLAR SYSTEM,GB05799,5 YEARS AGO,2005,NOT FURNISHED,1000 SQUARE FEET,
"Rs. 1,50,00,000 (Negotiable)
(One crore fifty lakh )",0-9-0-0,,,,,,,,NONE,LAND (COMMERCIAL/RESIDENTIAL),PILLAR SYSTEM,GB10248,5 MONTHS AGO,71,,,
"Rs. 3,50,000 / month (Negotiable)
(Three lakh fifty thousand )",2-1-0-0,,,4,2,2,,3,SOUTH-EAST,HOUSE (RESIDENTIAL),WALL BEARING,GB10387,4 MONTHS AGO,75,SEMI FURNISHED,,
"Rs. 2,62,00,000 (Negotiable)
(Two crore sixty two lakh )",0-5-0-0,3-0-2-0,,5,2,2,,3,EAST,HOUSE (RESIDENTIAL),PILLAR SYSTEM,GB10265,5 MONTHS AGO,82,FULLY FURNISHED,,
"Rs. 22,50,000 (Negotiable)
(Twenty two lakh fifty thousand )",0-4-0-0,,,,,,,,NONE,LAND (RESIDENTIAL),NONE,GB09972,8 MONTHS AGO,41,,,
"Rs. 1,75,00,000 (Negotiable)
(1 crore 75 lakh)",0-6-3-0,,,8,2,3,5,3.5,EAST,HOUSE (RESIDENTIAL),PILLAR SYSTEM,GB03596,7 YEARS AGO,4733,SEMI FURNISHED,,
"Rs. 13,00,000 (Negotiable)
(Thirteen lakh )",0-,,,,,,,,WEST,SHUTTER/S (RESIDENTIAL),PILLAR SYSTEM,GB10538,2 MONTHS AGO,190,FULLY FURNISHED,,
"Rs. 3,40,00,000 (Negotiable)
(Three crore forty lakh )",0-3-1-1,0-3-1-1,,5,1,1,,2.5,EAST,HOUSE (RESIDENTIAL),PILLAR SYSTEM,GB10303,5 MONTHS AGO,49,SEMI FURNISHED,,
"Rs. 50,00,000 (Negotiable)
(50 lakhs)",14 DHUR,14 DHUR,,,,,,,NORTH-WEST,HOUSE (RESIDENTIAL),WALL BEARING,GB04522,6 YEARS AGO,15274,NOT FURNISHED,,
"Rs. 2,55,00,000 (Negotiable)
(Two crore fifty five lakh )",0-4-0-0,,,5,2,2,,,NONE,HOUSE (RESIDENTIAL),PILLAR SYSTEM,GB10711,1 MONTH AGO,26,NOT FURNISHED,,
,0-7-0-0,,,,,,,,NORTH-EAST,LAND (RESIDENTIAL),NONE,GB09611,10 MONTHS AGO,765,,,
"Rs. 3,75,00,000 (Negotiable)
(Three crore seventy five lakh )",0-5-2-0,2642 SQUARE FEET,,5,1,1,,3,SOUTH,HOUSE (RESIDENTIAL),PILLAR SYSTEM,GB10578,2 MONTHS AGO,119,NOT FURNISHED,,
"Rs. 1,90,00,000 (Negotiable)
(One crore ninety lakh )",0-4-2-2,,,5,3,3,4,,EAST,HOUSE (RESIDENTIAL),PILLAR SYSTEM,GB06337,4 YEARS AGO,4364,SEMI FURNISHED,,
"Rs. 2,10,00,000 (Negotiable)
(Two crore ten lakh )",0-3-1-0,2100 SQUARE FEET,,6,3,2,6,2.5,WEST,HOUSE (RESIDENTIAL),PILLAR SYSTEM,GB07595,3 YEARS AGO,5088,NOT FURNISHED,,
,0-10-2-3,,,,,,,,NONE,LAND (COMMERCIAL/RESIDENTIAL),PILLAR SYSTEM,GB10517,3 MONTHS AGO,40,,,
"Rs. 92,00,000 (Negotiable)
(Ninety two lakh )",1-0-0-0,,,,,,,,NONE,HOUSE (RESIDENTIAL),PILLAR SYSTEM,GB02218,2 YEARS AGO,5883,NOT FURNISHED,,
"Rs. 1,55,00,000 (Negotiable)
(One crore fifty five lakh )",0-,,,2,1,1,,1,NONE,SCHOOL (RESIDENTIAL),PILLAR SYSTEM,GB10713,1 MONTH AGO,58,SEMI FURNISHED,,
,0-11-2-0,,,,,,,,WEST,HOUSE (RESIDENTIAL),WALL BEARING,GB03016,2 YEARS AGO,2860,NOT FURNISHED,,
"Rs. 2,70,00,000 (Negotiable)
(Two crore seventy lakh )",0-4-1-0,0-3-0-0,,,,,,,NONE,HOUSE (RESIDENTIAL),PILLAR SYSTEM,GB02631,2 YEARS AGO,2797,SEMI FURNISHED,,
,0-7-1-2,12000 SQUARE FEET,,36,,1,13,5.5,WEST,COMMERCIAL BUILDING (COMMERCIAL/RESIDENTIAL),PILLAR SYSTEM,GB05177,5 YEARS AGO,1936,NOT FURNISHED,2200 SQUARE FEET,
"Rs. 60,000 (Negotiable)
(full furnished 2bhk/1bhk for rent jhamsikhel Lalitpur )",0-,,,2,1,1,,1,SOUTH-EAST,APARTMENT (RESIDENTIAL),PILLAR SYSTEM,GB10822,2 DAYS AGO,31,FULLY FURNISHED,,
"Rs. 3,60,00,000 (Negotiable)
(Three crore sixty lakh )",0-6-0-0,,,3,1,1,3,2.5,WEST,HOUSE (RESIDENTIAL),PILLAR SYSTEM,GB08572,2 YEARS AGO,10274,SEMI FURNISHED,,
"Rs. 25,00,000 (Negotiable)
(Twenty five lakh per aana)",0-5-0-0 0-5-0-0,,,,,,,,NONE,LAND (RESIDENTIAL),NONE,GB06269,4 YEARS AGO,1799,,,
"Rs. 1,00,000 (Negotiable)
(One lakh per month)",0-8-0-0,10000 SQUARE FEET,,,,,,,NONE,COMMERCIAL BUILDING (RESIDENTIAL),PILLAR SYSTEM,GB09764,10 MONTHS AGO,338,NOT FURNISHED,,
"Rs. 39,00,000 (Negotiable)
(Thirty Nine Lakh per Aana.)",4-0-0-0,1500 SQUARE FEET,,,,,,,NONE,LAND (RESIDENTIAL),WALL BEARING,GB09258,6 HOURS AGO,203,,,
,2-2-0-0,,,,,,,3,NONE,SCHOOL (RESIDENTIAL),PILLAR SYSTEM,GB10466,4 MONTHS AGO,80,NOT FURNISHED,,
"Rs. 75,00,000 (Negotiable)
(per aana)",0-,,,,,,,,NONE,LAND (RESIDENTIAL),NONE,GB10823,2 DAYS AGO,135,,,
"Rs. 50,000 / month (Negotiable)
(Fifty thousand )",0-,0-7-0-0,,2,1,1,,,SOUTH,HOUSE (RESIDENTIAL),PILLAR SYSTEM,GB10570,2 MONTHS AGO,45,FULLY FURNISHED,,
"Rs. 1,75,000 (Negotiable)
(One lakh seventy five thousand per month)",0-8-0-0,4000 SQUARE FEET,,5,2,1,4,3,SOUTH-EAST,HOUSE (RESIDENTIAL),PILLAR SYSTEM,GB05859,2 YEARS AGO,4544,FULLY FURNISHED,,
"Rs. 1,95,00,000 (Negotiable)
(One crore ninety five lakh )",0-2-2-0,855 SQUARE FEET,,7,2,2,3,2.5,NONE,HOUSE (RESIDENTIAL),PILLAR SYSTEM,GB07297,2 YEARS AGO,8984,NOT FURNISHED,,
"Rs. 3,00,000 (Negotiable)
(Three lakh per aana)",5-0-0-0,,,,,,,,WEST,LAND (RESIDENTIAL),NONE,GB03744,4 YEARS AGO,3910,,,
"Rs. 2,60,00,000 (Negotiable)
(Two crore sixty lakh )",0-3-0-0,,,6,,,3,3,EAST,HOUSE (RESIDENTIAL),PILLAR SYSTEM,GB10458,1 MONTH AGO,866,NOT FURNISHED,,
"Rs. 4,25,00,000 (Negotiable)
(Four crore twenty five lakh )",0-5-2-1,,,6,2,2,7,3.5,SOUTH-WEST,HOUSE (RESIDENTIAL),PILLAR SYSTEM,GB08899,1 YEAR AGO,8364,FULLY FURNISHED,,
"Rs. 95,000 (Negotiable)
(Ninety five thousand per month)",0-5-2-2,,,4,2,1,4,2.5,NORTH-WEST,HOUSE (RESIDENTIAL),PILLAR SYSTEM,GB08927,1 YEAR AGO,10273,NOT FURNISHED,,
"Rs. 2,70,00,000 (Negotiable)
(Two crore seventy lakh )",0-3-2-0,3000 SQUARE FEET,,3,2,1,4,2.5,NONE,HOUSE (RESIDENTIAL),PILLAR SYSTEM,GB10299,3 MONTHS AGO,2173,SEMI FURNISHED,,
"Rs. 25,00,000 (Negotiable)
(Twenty five lakh )",1500 SQUARE FEET,,,,,,1,3,NONE,RESTAURANT (RESIDENTIAL),PILLAR SYSTEM,GB10626,1 MONTH AGO,366,FULLY FURNISHED,,
"Rs. 6,00,000 (Negotiable)
(Six lakh )",0-,,,,,,,,NONE,OFFICE SPACE (RESIDENTIAL),PILLAR SYSTEM,GB08217,2 YEARS AGO,2657,NOT FURNISHED,150 SQUARE FEET,
"Rs. 8,64,00,000 (Negotiable)
(Eight crore sixty four lakh )",,,,,,,,,NONE,LAND (COMMERCIAL),PILLAR SYSTEM,GB10634,1 MONTH AGO,5,,,
"Rs. 35,00,000 (Negotiable)
(35 lakh per aana)",0-6-2-0,,,,,,,,WEST,LAND (RESIDENTIAL),PILLAR SYSTEM,GB03957,5 YEARS AGO,2843,,,
"Rs. 1,30,00,000 (Negotiable)",12 KATTHA,12 KATTHA,,4,,,,1,WEST,HOUSE (RESIDENTIAL),NONE,GB10433,4 MONTHS AGO,78,NOT FURNISHED,,
"Rs. 3,25,00,000 (Negotiable)
(Three crore twenty five lakh )",0-3-3-0,,,5,2,2,4,,EAST,HOUSE (RESIDENTIAL),PILLAR SYSTEM,GB09252,1 YEAR AGO,2740,NOT FURNISHED,2800 SQUARE FEET,
"Rs. 61,00,000 (Negotiable)
(Sixty one lakh )",0-8-0-0,,,,,,,,NONE,LAND (COMMERCIAL/RESIDENTIAL),PILLAR SYSTEM,GB10425,4 MONTHS AGO,82,,,
"Rs. 1,20,00,000 (Negotiable)
(One crore twenty lakh )",0-5-2-0,,,6,2,2,5,2.5,NORTH,HOUSE (COMMERCIAL/RESIDENTIAL),PILLAR SYSTEM,GB07399,2 YEARS AGO,11867,NOT FURNISHED,,
"Rs. 90,000 (Negotiable)
(90 thousand per month)",0-8-2-0,3200 SQUARE FEET,,4,1,1,4,2,,BUNGALOW (RESIDENTIAL),PILLAR SYSTEM,GB05175,5 YEARS AGO,6212,FULLY FURNISHED,,
"Rs. 3,30,00,000 (Negotiable)
(Three crore thirty lakh )",0-,0-4-0-0,,,,,,,SOUTH-WEST,HOUSE (RESIDENTIAL),NONE,GB10242,5 MONTHS AGO,70,SEMI FURNISHED,,
"Rs. 35,000 (Negotiable)
(Thirty five thousand )",600 SQUARE FEET,,,3,1,1,1,1,NORTH,FLAT (RESIDENTIAL),PILLAR SYSTEM,GB10628,2 WEEKS AGO,693,NOT FURNISHED,,
"Rs. 1,45,00,000 (Negotiable)
(One crore forty five lakh )",0-4-0-0,,,,,,,,SOUTH-WEST,HOUSE (RESIDENTIAL),PILLAR SYSTEM,GB10746,4 WEEKS AGO,46,,,
"Rs. 1,90,00,000 (Negotiable)
(1 crore 90 lakh)",12 DHUR,12 DHUR,,6,2,1,,2,EAST,HOUSE (RESIDENTIAL),PILLAR SYSTEM,GB04401,6 YEARS AGO,5844,NOT FURNISHED,,
"Rs. 15,00,000
(Fifteen lakh )",0-5-0-0,,,,,,,,NONE,LAND (RESIDENTIAL),PILLAR SYSTEM,GB10656,1 MONTH AGO,20,,,
"Rs. 9,000 / month (Negotiable)
(Nine thousand )",,100 SQUARE FEET,,,,,,1,NORTH,SHUTTER/S (RESIDENTIAL),PILLAR SYSTEM,GB10153,6 MONTHS AGO,39,NOT FURNISHED,,
"Rs. 55,000 (Negotiable)
(Fifty five thousand per month)",0-5-1-0,,,,,,,2.5,NORTH-WEST,BUNGALOW (RESIDENTIAL),PILLAR SYSTEM,GB10120,5 MONTHS AGO,2016,SEMI FURNISHED,,
"Rs. 2,05,00,000 (Negotiable)
(Two crore five lakh )",,1042 SQUARE FEET,,2,1,1,2,,EAST,APARTMENT (RESIDENTIAL),PILLAR SYSTEM,GB09970,8 MONTHS AGO,2412,NOT FURNISHED,,
"Rs. 2,75,00,000 (Negotiable)",0-,,,,,,,,NONE,HOUSE (RESIDENTIAL),NONE,GB10366,5 MONTHS AGO,48,NOT FURNISHED,,
"Rs. 2,55,00,000 (Negotiable)
(Two crore fifty five lakh )",0-3-0-0,0-3-0-0,,7,1,1,,3,WEST,HOUSE (RESIDENTIAL),PILLAR SYSTEM,GB10706,1 MONTH AGO,59,NOT FURNISHED,,
"Rs. 2,75,00,000 (Negotiable)
(3 aana)",0-,,,,,,,,NONE,HOUSE (RESIDENTIAL),NONE,GB10702,1 MONTH AGO,23,NOT FURNISHED,,
"Rs. 29,00,000 (Negotiable)
(Twenty nine lakh )",0-9-2-0,,,,,,,,NORTH,HOUSE (RESIDENTIAL),PILLAR SYSTEM,GB10513,3 MONTHS AGO,35,,,
"Rs. 7,25,00,000 (Negotiable)
(Seven crore twenty five lakh )",3422 SQUARE FEET,,,6,1,1,,2.5,NORTH-EAST,HOUSE (RESIDENTIAL),PILLAR SYSTEM,GB10061,6 MONTHS AGO,124,NOT FURNISHED,,
"Rs. 15,00,000 (Negotiable)
(Fifteen lakh )",0-,,,,,,,,SOUTH-WEST,HOUSE (RESIDENTIAL),NONE,GB10082,7 MONTHS AGO,86,NOT FURNISHED,,
"Rs. 2,20,00,000 (Negotiable)
(Two crore twenty lakh )",0-3-2-0,2020 SQUARE FEET,,6,2,3,3,2.5,NORTH-EAST,HOUSE (RESIDENTIAL),PILLAR SYSTEM,GB05693,3 YEARS AGO,2880,SEMI FURNISHED,,
,0-31-0-0,,,,,,,,WEST,LAND (RESIDENTIAL),NONE,GB05781,3 YEARS AGO,3096,,,
"Rs. 3,10,00,000 (Negotiable)
(Three crore ten lakh )",1-2-0-0,,,,,,,,WEST,LAND (RESIDENTIAL),NONE,GB06183,4 YEARS AGO,2353,,,
"Rs. 1,00,00,000 (Negotiable)
(One crore )",0-0-3-0,0-3-0-0,,8,,,2,5,EAST,COMMERCIAL BUILDING (COMMERCIAL/RESIDENTIAL),PILLAR SYSTEM,GB02627,2 YEARS AGO,4360,SEMI FURNISHED,,
"Rs. 6,00,000 (Negotiable)
(Six lakh )",,1000 SQUARE FEET,,,,,,,NONE,OFFICE SPACE (RESIDENTIAL),PILLAR SYSTEM,GB10154,6 MONTHS AGO,306,FULLY FURNISHED,,
"Rs. 1,70,000 (Negotiable)
(One lakh seventy thousand per annum)",3-12-0-0,,,,,,,,NORTH-EAST,LAND (COMMERCIAL/RESIDENTIAL),NONE,GB08903,1 YEAR AGO,2733,,,
,0-9-0-0,0-9-0-0,,7,3,2,,3,NORTH-EAST,HOUSE (RESIDENTIAL),PILLAR SYSTEM,GB03537,5 YEARS AGO,4316,SEMI FURNISHED,,
"Rs. 6,30,000 (Negotiable)
(Six lakh thirty thousand )",0-2-2-0,,,,,1,1,,NORTH-EAST,RESTAURANT (COMMERCIAL),PILLAR SYSTEM,GB10708,1 MONTH AGO,353,FULLY FURNISHED,,
"Rs. 1,85,00,000 (Negotiable)
(One crore eighty five lakh )",0-3-0-0,,,4,2,2,4,2.5,WEST,HOUSE (RESIDENTIAL),PILLAR SYSTEM,GB07085,4 YEARS AGO,6451,NOT FURNISHED,,
"Rs. 2,60,00,000 (Negotiable)
(Two crore sixty lakh )",0-3-2-0,2303 SQUARE FEET,,7,2,2,4,2.5,EAST,HOUSE (RESIDENTIAL),PILLAR SYSTEM,GB09071,1 YEAR AGO,6329,NOT FURNISHED,,
"Rs. 55,00,000 (Negotiable)
(Fifty five lakh )",385 SQUARE FEET,,,1,1,1,1,,NONE,APARTMENT (RESIDENTIAL),PILLAR SYSTEM,GB10524,1 MONTH AGO,1120,SEMI FURNISHED,,
,24 DHUR,,,,,,,,NORTH-WEST,HOUSE (RESIDENTIAL),PILLAR SYSTEM,GB09831,9 MONTHS AGO,2294,SEMI FURNISHED,,
"Rs. 63,00,000 (Negotiable)
(Sixty three lakh per aana)",0-8-2-3,,,,,,,,NONE,LAND (RESIDENTIAL),PILLAR SYSTEM,GB10070,7 MONTHS AGO,155,,,
"Rs. 25,00,000 (Negotiable)
(Twenty five lakh per anna)",0-3-3-1,,,,,,,,EAST,LAND (COMMERCIAL/RESIDENTIAL),NONE,GB07548,3 YEARS AGO,8913,,,
"Rs. 2,45,00,000 (Negotiable)
(Two crore forty five lakh )",0-3-0-0,,,5,3,2,,2.5,EAST,HOUSE (RESIDENTIAL),PILLAR SYSTEM,GB10730,4 WEEKS AGO,76,SEMI FURNISHED,,
"Rs. 17,50,000 (Negotiable)
(Seventeen lakh fifty thousand per aana)",0-3-3-3,,,,,,,,WEST,LAND (RESIDENTIAL),NONE,GB06643,4 YEARS AGO,6914,,,
"Rs. 2,95,00,000 (Negotiable)
(2 crore 95 lakh)",0-5-0-0,,,5,1,1,4,2.5,EAST,HOUSE (RESIDENTIAL),PILLAR SYSTEM,GB04133,5 YEARS AGO,33931,SEMI FURNISHED,,
"Rs. 12,00,000 (Negotiable)
(12 lakh per aana)",0-8-0-0,,,,,,,,EAST,LAND (RESIDENTIAL),PILLAR SYSTEM,GB05724,5 YEARS AGO,2412,,,
"Rs. 23,00,000 (Negotiable)
(23 lakh)",,,,,,1,2,,EAST,HOUSE (RESIDENTIAL),PILLAR SYSTEM,GB05413,5 YEARS AGO,2198,FULLY FURNISHED,,
"Rs. 2,05,00,000 (Negotiable)
(Two crore five lakh )",0-2-3-3,,,,,,,,EAST,LAND (RESIDENTIAL),NONE,GB10567,2 MONTHS AGO,789,,,
"Rs. 28,00,000 (Negotiable)
(Twenty eight lakh )",0-2-5-0,,,,,,,,WEST,RESTAURANT (COMMERCIAL),PILLAR SYSTEM,GB10511,3 MONTHS AGO,320,FULLY FURNISHED,,
"Rs. 20,00,000 (Negotiable)
(Twenty lakh per anna )",7-0-0-0,,,,,,,,NONE,LAND (RESIDENTIAL),NONE,GB09437,1 YEAR AGO,1984,,,
"Rs. 1,70,00,000 (Negotiable)
(One crore seventy lakh )",0-5-0-3,,,,,,,,NONE,LAND (RESIDENTIAL),PILLAR SYSTEM,GB10134,6 MONTHS AGO,102,,,
"Rs. 6,35,00,000 (Negotiable)
(Six crore thirty five lakh )",0-5-0-0,0-4-0-0,,5,2,1,6,2.5,NORTH-EAST,HOUSE (RESIDENTIAL),PILLAR SYSTEM,GB10013,4 MONTHS AGO,3064,NOT FURNISHED,,
"Rs. 4,00,00,000 (Negotiable)",0-6-0-0,,,5,3,1,,3.5,SOUTH,HOUSE (RESIDENTIAL),PILLAR SYSTEM,GB10170,6 MONTHS AGO,87,NOT FURNISHED,,
"Rs. 3,90,00,000 (Negotiable)
(Three crore ninety lakh )",0-5-2-0,0-3-0-0,,7,3,3,4,3,WEST,HOUSE (RESIDENTIAL),PILLAR SYSTEM,GB09850,5 MONTHS AGO,125,SEMI FURNISHED,,
"Rs. 25,00,000 (Negotiable)
(25 lakh per anna)",0-6-0-0,,,,,,,,,LAND (RESIDENTIAL),NONE,GB02986,7 YEARS AGO,2273,,,
"Rs. 2,10,00,000 (Negotiable)
(Two crore ten lakh )",0-3-0-2,1700 SQUARE FEET,,4,1,1,3,2.5,WEST,HOUSE (RESIDENTIAL),PILLAR SYSTEM,GB06598,2 YEARS AGO,18919,SEMI FURNISHED,,
"Rs. 24,000 / month (Negotiable)
(Twenty four thousand )",0-,,,2,1,1,,3,NORTH-WEST,HOUSE (COMMERCIAL/RESIDENTIAL),PILLAR SYSTEM,GB09798,2 WEEKS AGO,56,NOT FURNISHED,,
"Rs. 35,000 / month (Negotiable)
(Thirty five thousand per month)",0-14-0-0,0-6-0-0,,3,1,1,1,1,NORTH,HOUSE (COMMERCIAL/RESIDENTIAL),PILLAR SYSTEM,GB10077,7 MONTHS AGO,116,,,
"Rs. 15,00,000 (Negotiable)
(Fifteen lakh per aana)",0-4-1-3,,,,,,,,WEST,LAND (RESIDENTIAL),NONE,GB10470,2 WEEKS AGO,1166,,,
"Rs. 2,50,00,000 (Negotiable)
(Two crore fifty lakh )",0-3-0-3,0-3-0-3,,4,2,2,4,2.5,SOUTH,HOUSE (RESIDENTIAL),PILLAR SYSTEM,GB10146,6 MONTHS AGO,97,FULLY FURNISHED,,
"Rs. 1,98,00,000 (Negotiable)
(One crore ninety eight lakh )",0-3-3-3,,,,,,,,NONE,LAND (RESIDENTIAL),PILLAR SYSTEM,GB10402,4 MONTHS AGO,108,,,
"Rs. 2,25,00,000 (Negotiable)
(2 Crore 25 Lakh)",0-5-0-0,1761 SQUARE FEET,,3,1,1,3,2.5,SOUTH-EAST,BUNGALOW (RESIDENTIAL),PILLAR SYSTEM,GB05352,4 YEARS AGO,12441,FULLY FURNISHED,,
"Rs. 2,75,00,000 (Negotiable)
(3-0-2)",0-,,,,,,,,SOUTH,HOUSE (RESIDENTIAL),NONE,GB10263,5 MONTHS AGO,51,NOT FURNISHED,,
,7-0-0-0,14400 SQUARE FEET,,16,,2,8,6,EAST,HOUSE (COMMERCIAL/RESIDENTIAL),PILLAR SYSTEM,GB08363,1 YEAR AGO,3643,NOT FURNISHED,,
"Rs. 3,90,00,000 (Negotiable)
(Three crore ninety lakh )",0-4-0-0,,,5,1,1,7,4.5,SOUTH,HOUSE (COMMERCIAL/RESIDENTIAL),PILLAR SYSTEM,GB07424,2 YEARS AGO,4130,NOT FURNISHED,,
"Rs. 60,000 (Negotiable)
(Sixty thousand per month)",1-4-0-0,0-4-0-0,,10,,,2,2.5,EAST,HOUSE (COMMERCIAL/RESIDENTIAL),PILLAR SYSTEM,GB06987,4 YEARS AGO,2326,NOT FURNISHED,,
"Rs. 45,00,000
(Forty five lakh )",0-6-0-0,,,,,,,,NONE,LAND (COMMERCIAL/RESIDENTIAL),NONE,GB10655,2 WEEKS AGO,1976,,,
"Rs. 80,00,000 (Negotiable)
(Eighty lakh )",0-3-2-0,,,3,4,1,3,3,NORTH,COMMERCIAL BUILDING (COMMERCIAL/RESIDENTIAL),PILLAR SYSTEM,GB04751,4 YEARS AGO,9022,NOT FURNISHED,,
"Rs. 2,70,00,000 (Negotiable)
(Two crore seventy lakh )",0-4-0-0,,,4,,,3,2.5,NONE,HOUSE (RESIDENTIAL),PILLAR SYSTEM,GB08859,2 YEARS AGO,6299,FULLY FURNISHED,,
"Rs. 8,00,000 (Negotiable)
(Eight lakh per aana)",3401 SQUARE METER,,,,,,,,NONE,LAND (COMMERCIAL/RESIDENTIAL),NONE,GB08334,2 YEARS AGO,3773,,,
"Rs. 3,50,00,000 (Negotiable)
(Three crore fifty lakh )",0-5-2-0,,,12,1,6,8,4,SOUTH-WEST,HOUSE (COMMERCIAL/RESIDENTIAL),PILLAR SYSTEM,GB04723,3 YEARS AGO,4136,NOT FURNISHED,,
"Rs. 5,00,000 (Negotiable)
(Five lakh per month)",2-0-0-0,,,6,2,1,6,3,SOUTH-WEST,HOUSE (COMMERCIAL/RESIDENTIAL),PILLAR SYSTEM,GB06854,1 YEAR AGO,2926,SEMI FURNISHED,,
"Rs. 6,50,00,000 (Negotiable)
(Six crore fifty lakh )",0-13-0-0,0-6-0-0,,9,2,2,3,2.5,WEST,HOUSE (RESIDENTIAL),PILLAR SYSTEM,GB02231,2 YEARS AGO,3348,FULLY FURNISHED,,
"Rs. 2,85,00,000 (Negotiable)
(Two crore eighty five lakh )",0-3-2-0,0-3-2-0,,6,2,2,3,2.5,SOUTH,HOUSE (RESIDENTIAL),PILLAR SYSTEM,GB10145,6 MONTHS AGO,58,SEMI FURNISHED,,
,0-6-0-0,,,,,,,,NONE,LAND (RESIDENTIAL),PILLAR SYSTEM,GB10502,3 MONTHS AGO,73,,,
"Rs. 3,50,00,000 (Negotiable)
(Three crore fifty lakh )",128 SQUARE METER,28682868 SQUARE FEET,,5,3,3,,3.5,SOUTH,HOUSE (RESIDENTIAL),PILLAR SYSTEM,GB10370,4 MONTHS AGO,86,SEMI FURNISHED,,
"Rs. 4,00,00,000 (Negotiable)
(Four crore )",0-4-0-1,,,9,3,3,4,4,EAST,HOUSE (COMMERCIAL/RESIDENTIAL),PILLAR SYSTEM,GB06778,4 YEARS AGO,2755,NOT FURNISHED,,
"Rs. 3,25,00,000 (Negotiable)
(3 aana 2 paisa)",0-3-2-0,0-3-2-0,,6,2,2,,3.5,SOUTH-WEST,HOUSE (RESIDENTIAL),PILLAR SYSTEM,GB10257,5 MONTHS AGO,79,NOT FURNISHED,,
"Rs. 78,00,000 (Negotiable)
(Per ana)",0-,,,,,,,,SOUTH-EAST,SCHOOL (COMMERCIAL/RESIDENTIAL),WALL BEARING,GB10445,3 MONTHS AGO,113,NOT FURNISHED,,
"Rs. 3,50,000 (Negotiable)
(Three lakh fifty thousand )",,,,,,,,,NONE,HOUSE (RESIDENTIAL),NONE,GB10086,7 MONTHS AGO,39,NOT FURNISHED,,
"Rs. 50,00,000 (Negotiable)
(Fifty lakh )",0-6-1-0,,,,,,,,NONE,LAND (RESIDENTIAL),PILLAR SYSTEM,GB10386,4 MONTHS AGO,39,,,
"Rs. 15,00,000 (Negotiable)
(Fifteen lakh )",15 DHUR,,,,,,,,NONE,LAND (RESIDENTIAL),PILLAR SYSTEM,GB09998,8 MONTHS AGO,52,,,
,2-0-0-0,,,10,3,3,6,3,WEST,HOUSE (COMMERCIAL/RESIDENTIAL),PILLAR SYSTEM,GB05707,5 YEARS AGO,3059,SEMI FURNISHED,,
"Rs. 5,00,00,000 (Negotiable)
(Five crore )",0-22-0-0,,,21,,,,3,SOUTH-EAST,HOUSE (COMMERCIAL/RESIDENTIAL),PILLAR SYSTEM,GB05657,5 YEARS AGO,2138,NOT FURNISHED,,
"Rs. 15,50,000 (Negotiable)
(15.5 lakh and 14 lakh per aana)",0-5-2-0 0-3-2-0,,,,,,,,NONE,LAND (COMMERCIAL/RESIDENTIAL),NONE,GB06393,4 YEARS AGO,3636,,,
"Rs. 3,50,00,000 (Negotiable)
(3 Crore 50 Lakh)",0-6-0-0,2100 SQUARE FEET,,3,1,2,3,2.5,SOUTH-EAST,BUNGALOW (RESIDENTIAL),PILLAR SYSTEM,GB05351,5 YEARS AGO,8400,FULLY FURNISHED,,
"Rs. 3,25,00,000 (Negotiable)
(Three Crore Twenty Five Lakhs )",0-4-0-0,3775 SQUARE FEET,,10,4,1,5,3.5,EAST,HOUSE (RESIDENTIAL),PILLAR SYSTEM,GB05833,5 YEARS AGO,5207,SEMI FURNISHED,,
"Rs. 1,70,00,000 (Negotiable)
(One crore seventy lakh )",0-4-0-0,,,8,1,3,4,2.5,EAST,HOUSE (RESIDENTIAL),PILLAR SYSTEM,GB04607,4 YEARS AGO,20779,SEMI FURNISHED,,
"Rs. 1,50,00,000 (Negotiable)
(One crore fifty lakh )",0-4-0-0,,,2,1,1,1,1,NONE,HOUSE (RESIDENTIAL),WALL BEARING,GB10000,7 MONTHS AGO,118,NOT FURNISHED,,
"Rs. 2,45,00,000 (Negotiable)
(Two crore forty five lakh )",0-3-3-0,,,6,2,2,4,2.5,SOUTH-WEST,HOUSE (RESIDENTIAL),PILLAR SYSTEM,GB06500,4 YEARS AGO,2831,SEMI FURNISHED,,
"Rs. 36,00,000 (Negotiable)
(Thirty six lakh per aana)",243 SQUARE METER,,,,,,,,NORTH-EAST,LAND (COMMERCIAL/RESIDENTIAL),NONE,GB09100,1 YEAR AGO,3590,,,
"Rs. 3,50,000 (Negotiable)
(Three lakh fifty thousand per dhur)",40 DHUR,40 DHUR,,,,,,,NORTH-EAST,LAND (COMMERCIAL/RESIDENTIAL),NONE,GB10322,5 MONTHS AGO,72,,,
"Rs. 35,00,000 (Negotiable)
(35 lakh per anna)",0-8-0-0,,,,,,,,,LAND (RESIDENTIAL),NONE,GB02980,7 YEARS AGO,2039,,,
"Rs. 90,000
(Ninety thousand )",3 KATTHA,,,4,2,2,,2,NONE,HOUSE (RESIDENTIAL),PILLAR SYSTEM,GB10451,4 MONTHS AGO,40,,,
"Rs. 2,20,000 (Negotiable)
(2 lak 20 thousand per dhur)",10 DHUR,,,,,,,,EAST,LAND (COMMERCIAL/RESIDENTIAL),PILLAR SYSTEM,GB04402,6 YEARS AGO,1703,,,
"Rs. 22,00,000 (Negotiable)
(Twenty Two Lakhs Per Aana)",0-5-1-0,,,,,,,,EAST,LAND (RESIDENTIAL),NONE,GB05818,5 YEARS AGO,3634,,,
"Rs. 4,00,000 (Negotiable)
(Four lakh per anna)",5-8-0-0,,,,,,,,NONE,LAND (COMMERCIAL/RESIDENTIAL),NONE,GB07542,2 YEARS AGO,713,,,
"Rs. 4,50,00,000 (Negotiable)
(Four crore fifty lakh )",1-7-2-0,2100 SQUARE FEET,,6,1,1,,2.5,SOUTH-WEST,HOUSE (RESIDENTIAL),PILLAR SYSTEM,GB06472,1 YEAR AGO,4476,NOT FURNISHED,,
"Rs. 240 (Negotiable)
(2 Aana 3 paisa)",0-2-0-3,0-2-3-0,,5,2,2,,2.5,NORTH,HOUSE (RESIDENTIAL),PILLAR SYSTEM,GB10399,4 MONTHS AGO,77,FULLY FURNISHED,,
"Rs. 70,00,000
(Seventy lakh )",0-4-2-0,,,,,,,,NONE,LAND (RESIDENTIAL),PILLAR SYSTEM,GB10786,2 WEEKS AGO,5,,,
"Rs. 12,00,00,000 (Negotiable)
(Twelve crore )",0-6-1-0,,,,,,,3,NONE,HOUSE (COMMERCIAL/RESIDENTIAL),PILLAR SYSTEM,GB03436,4 YEARS AGO,1552,SEMI FURNISHED,,
"Rs. 2,95,000 / month (Negotiable)
(Two lakh ninety five thousand )",0-8-0-0,0-3-0-0,,5,2,1,,2.5,SOUTH,HOUSE (RESIDENTIAL),PILLAR SYSTEM,GB10256,5 MONTHS AGO,75,FULLY FURNISHED,,
,0-4-0-0,,,,,,,,NONE,BUNGALOW (RESIDENTIAL),PILLAR SYSTEM,GB10073,7 MONTHS AGO,931,NOT FURNISHED,,
"Rs. 65,000 / month (Negotiable)
(Sixty five thousand )",0-3-0-0,,,3,3,1,,2.5,SOUTH-EAST,HOUSE (RESIDENTIAL),PILLAR SYSTEM,GB10582,2 MONTHS AGO,44,FULLY FURNISHED,,
"Rs. 1,87,50,000 (Negotiable)
(1 crore 87 lakh 50 thousand)",0-4-1-3,,,,,,,,EAST,LAND (COMMERCIAL/RESIDENTIAL),NONE,GB04446,6 YEARS AGO,2130,,,
"Rs. 35,00,000 (Negotiable)
(Thirty five lakh per aana)",2-8-0-0,,,,,,,,EAST,LAND (COMMERCIAL/RESIDENTIAL),NONE,GB10150,6 MONTHS AGO,128,,,
"Rs. 4,00,00,000 (Negotiable)
(Four crore )",0-4-2-0,2835 SQUARE FEET,,6,2,2,3,4,SOUTH,HOUSE (COMMERCIAL/RESIDENTIAL),PILLAR SYSTEM,GB07259,2 YEARS AGO,4340,NOT FURNISHED,,
"Rs. 1,70,00,000 (Negotiable)
(One crore seventy lakh )",0-2-0-2,,,7,1,3,4,3.5,SOUTH-EAST,HOUSE (RESIDENTIAL),PILLAR SYSTEM,GB03966,2 YEARS AGO,6991,SEMI FURNISHED,,
,0-6-0-0,2053 SQUARE METER,,14,3,4,,3,EAST,HOUSE (RESIDENTIAL),PILLAR SYSTEM,GB10378,4 MONTHS AGO,96,FULLY FURNISHED,,
"Rs. 1,60,00,000 (Negotiable)
(One crore sixty lakh )",0-3-1-0,0-3-1-0,,2,1,1,,1,NONE,HOUSE (RESIDENTIAL),PILLAR SYSTEM,GB10341,5 MONTHS AGO,87,SEMI FURNISHED,,
"Rs. 1,30,00,000 (Negotiable)
(One crore thirty lakh )",680 SQUARE FEET,,,,,,,,EAST,APARTMENT (RESIDENTIAL),PILLAR SYSTEM,GB09738,11 MONTHS AGO,1881,NOT FURNISHED,,
"Rs. 1,25,000 / month (Negotiable)
(One lakh twenty five thousand )",2-4-0-0,,,,,,,,NONE,LAND (COMMERCIAL/RESIDENTIAL),PILLAR SYSTEM,GB10456,4 MONTHS AGO,37,,,
"Rs. 30,00,000 (Negotiable)
(Thirty lakh )",7 DHUR,,,,,,,,NONE,LAND (RESIDENTIAL),PILLAR SYSTEM,GB10168,6 MONTHS AGO,104,,,
"Rs. 45,00,000 (Negotiable)
(Forty five lakh )",0-3-3-0,,,,,,,,SOUTH,LAND (RESIDENTIAL),NONE,GB10290,2 MONTHS AGO,83,,,
"Rs. 60,00,000 (Negotiable)
(Sixty lakh per aana)",0-4-0-0,,,,,,,,NORTH,LAND (COMMERCIAL/RESIDENTIAL),NONE,GB10820,3 DAYS AGO,233,,,
"Rs. 71,00,000 (Negotiable)
(Total)",0-4-1-1,,,,,,,,SOUTH-EAST,LAND (RESIDENTIAL),NONE,GB10575,2 MONTHS AGO,63,,,
"Rs. 8,00,00,000 (Negotiable)
(Eight crore )",0-8-0-0,4400 SQUARE FEET,,,,,,,EAST,HOUSE (RESIDENTIAL),PILLAR SYSTEM,GB10276,2 WEEKS AGO,4605,SEMI FURNISHED,,
"Rs. 1,85,00,000 (Negotiable)
(One crore eighty five lakh )",0-4-0-2,,,6,2,2,4,2.5,WEST,HOUSE (RESIDENTIAL),PILLAR SYSTEM,GB06698,4 YEARS AGO,7528,SEMI FURNISHED,,
"Rs. 1,70,00,000 (Negotiable)
(1 crore 70 lakh)",1 KATTHA,,,5,1,1,3,2,,HOUSE (RESIDENTIAL),PILLAR SYSTEM,GB04306,5 YEARS AGO,1999,SEMI FURNISHED,,
,0-,,,,,,,,SOUTH-WEST,HOUSE (RESIDENTIAL),PILLAR SYSTEM,GB10662,1 MONTH AGO,23,,,
,0-4-0-0 TO 0-14-0-0,,,,,,,,SOUTH-EAST,LAND (COMMERCIAL/RESIDENTIAL),PILLAR SYSTEM,GB05690,4 YEARS AGO,4464,,,
"Rs. 28,00,000 (Negotiable)
(Twenty eight lakh )",0-3-0-2,,,,,,,,EAST-SOUTH-WEST,LAND (COMMERCIAL/RESIDENTIAL),NONE,GB10576,2 WEEKS AGO,870,,,
"Rs. 14,50,000
(Fourteen lakh fifty thousand )",3-2-0-0,,,,,,,,NONE,LAND (RESIDENTIAL),PILLAR SYSTEM,GB10710,1 MONTH AGO,16,,,
"Rs. 1,30,00,000 (Negotiable)
(One crore thirty lakh )",0-3-2-0,,,4,1,1,1,,NONE,HOUSE (RESIDENTIAL),PILLAR SYSTEM,GB10527,3 MONTHS AGO,70,NOT FURNISHED,,
"Rs. 60 (Negotiable)
(Rs. 60 - Rs. 120 per square feet)",3244 SQUARE FEET,,,,,,,4,SOUTH,COMMERCIAL BUILDING (RESIDENTIAL),PILLAR SYSTEM,GB07948,2 YEARS AGO,1881,NOT FURNISHED,,
"Rs. 6,50,00,000 (Negotiable)
(6)",0-6-0-0,,,,,,,,NONE,HOUSE (RESIDENTIAL),NONE,GB10268,5 MONTHS AGO,103,NOT FURNISHED,,
"Rs. 30,00,000 (Negotiable)
(Thirty lakh )",0-,,,,,,,,NONE,RESTAURANT (RESIDENTIAL),PILLAR SYSTEM,GB10172,6 MONTHS AGO,34,NOT FURNISHED,,
"Rs. 15,50,000 (Negotiable)
(15.5 lakh per aana)",0-8-0-0,,,,,,,,EAST,LAND (RESIDENTIAL),NONE,GB03060,7 YEARS AGO,2104,,,
"Rs. 30,00,000 / month (Negotiable)
(Thirty lakh per lakh)",0-12-0-0,,,,,,,,NORTH-WEST,LAND (RESIDENTIAL),NONE,GB10087,7 MONTHS AGO,79,,,
"Rs. 1,40,00,000
(One crore forty lakh )",0-14-0-0,,,,,,,,NONE,HOUSE (RESIDENTIAL),PILLAR SYSTEM,GB10743,4 WEEKS AGO,82,,,
"Rs. 1,35,00,000 (Negotiable)
(One crore thirty five lakh )",0-3-0-0,0-3-0-0,,3,1,1,2,1,SOUTH,HOUSE (RESIDENTIAL),PILLAR SYSTEM,GB10226,5 MONTHS AGO,125,NOT FURNISHED,,
"Rs. 1,42,00,000 (Negotiable)
(1 crore 42 lakh)",0-3-0-0,,,5,,1,2,2.5,NORTH-EAST,HOUSE (RESIDENTIAL),PILLAR SYSTEM,GB05716,5 YEARS AGO,3524,SEMI FURNISHED,,
"Rs. 16,00,000 (Negotiable)
(Sixteen lakh per aana)",0-10-0-0,,,,,,,,NONE,LAND (COMMERCIAL/RESIDENTIAL),NONE,GB10059,7 MONTHS AGO,1179,,,
"Rs. 21,50,000 (Negotiable)
(Twenty one lakh fifty thousand per aana)",0-4-2-3,,,,,,,,SOUTH,LAND (RESIDENTIAL),PILLAR SYSTEM,GB06251,4 YEARS AGO,4756,,,
"Rs. 30,00,000 (Negotiable)
(Thirty Lakhs per anna)",0-7-3-0,,,,,,,,WEST,LAND (RESIDENTIAL),NONE,GB05215,5 YEARS AGO,4189,,,
"Rs. 40,00,000 (Negotiable)
(Forty lakh )",0-10-0-0,,,,,,,,NONE,LAND (RESIDENTIAL),NONE,GB01982,2 YEARS AGO,3178,,,
"Rs. 80,00,000 (Negotiable)
(Eighty lakh )",1-2-0-0,,,,,,,,NONE,LAND (RESIDENTIAL),NONE,GB10499,3 MONTHS AGO,887,,,
"Rs. 3,20,000 (Negotiable)
(Three lakh twenty thousand per month)",3100 SQUARE FEET,,,,,,,,NORTH-EAST,BUNGALOW (RESIDENTIAL),PILLAR SYSTEM,GB09775,10 MONTHS AGO,738,NOT FURNISHED,,
"Rs. 55,00,000 (Negotiable)
(Fifty five lakh per aana)",0-16-0-0,,,,,,,,EAST,LAND (COMMERCIAL/RESIDENTIAL),NONE,GB10081,7 MONTHS AGO,95,,,
"Rs. 3,10,00,000 (Negotiable)
(Three crore ten lakh )",,1100 SQUARE FEET,,12,6,6,,6,EAST,APARTMENT (RESIDENTIAL),PILLAR SYSTEM,GB10212,5 MONTHS AGO,167,NOT FURNISHED,,
"Rs. 3,50,00,000 (Negotiable)
(3 Crore 50 Lakh)",0-13-0-0,,,8,2,2,7,2.5,NONE,HOUSE (RESIDENTIAL),PILLAR SYSTEM,GB01149,2 YEARS AGO,3168,FULLY FURNISHED,,
"Rs. 2,90,00,000 (Negotiable)
(Two crore ninety lakh )",0-8-0-0,,,2,1,1,2,1,EAST,HOUSE (RESIDENTIAL),PILLAR SYSTEM,GB03010,2 YEARS AGO,2516,SEMI FURNISHED,,
"Rs. 8,00,000 (Negotiable)
(8 lakh per anna)",0-12-0-0,,,,,,,,SOUTH-EAST,SCHOOL (RESIDENTIAL),PILLAR SYSTEM,GB02977,2 YEARS AGO,2937,NOT FURNISHED,,
"Rs. 50,000 (Negotiable)
(Fifty thousand per month)",0-8-0-0,,,,,,14,7,WEST,COMMERCIAL BUILDING (COMMERCIAL/RESIDENTIAL),PILLAR SYSTEM,GB07650,3 YEARS AGO,1724,NOT FURNISHED,1426 SQUARE FEET,
,0-3-2-0,0-3-0-0,,7,2,2,,3,SOUTH-WEST,HOUSE (RESIDENTIAL),PILLAR SYSTEM,GB10270,5 MONTHS AGO,110,SEMI FURNISHED,,
"Rs. 2,75,00,000 (Negotiable)
(Two crore seventy five lakh )",0-4-0-0,,,10,,2,4,2.5,NONE,HOUSE (RESIDENTIAL),PILLAR SYSTEM,GB02493,2 YEARS AGO,5439,NOT FURNISHED,,
"Rs. 5,50,00,000 (Negotiable)
(Five crore fifty lakh per aana)",155 SQUARE METER,123 SQUARE METER,,,,,,,NONE,HOUSE (RESIDENTIAL),PILLAR SYSTEM,GB10393,4 MONTHS AGO,749,NOT FURNISHED,,
"Rs. 3,60,00,000 (Negotiable)
(3.60 cord )",0-,0-4 AANA-0-0,,4,2,2,,2.5,SOUTH,HOUSE (RESIDENTIAL),PILLAR SYSTEM,GB10318,5 MONTHS AGO,48,NOT FURNISHED,,
"Rs. 47,50,000 (Negotiable)
(47.5 lakh Anna)",0-3.5 ANNA-0-0,,,,,,,,EAST,LAND (RESIDENTIAL),NONE,GB10319,5 MONTHS AGO,79,,,
"Rs. 60,000 / month (Negotiable)
(Sixty thousand )",0-5-0-0,,,6,2,2,3,2.5,SOUTH-EAST,HOUSE (RESIDENTIAL),PILLAR SYSTEM,GB10589,2 MONTHS AGO,647,NOT FURNISHED,,
"Rs. 49,65,000 (Negotiable)
(Forty nine lakh sixty five thousand)",1507 SQUARE FEET,,,,,,2,5,NONE,OFFICE SPACE (RESIDENTIAL),PILLAR SYSTEM,GB07658,3 YEARS AGO,1667,FULLY FURNISHED,1507 SQUARE FEET,
"Rs. 4,80,000 (Negotiable)
(Four lakh eighty thousand )",11 DHUR,,,,,,,,NORTH,LAND (RESIDENTIAL),NONE,GB09987,8 MONTHS AGO,73,,,
"Rs. 1,35,00,000 (Negotiable)
(One crore thirty five lakh )",0-2-3-1,,,5,1,1,3,2.5,WEST,HOUSE (RESIDENTIAL),PILLAR SYSTEM,GB06969,4 YEARS AGO,4107,SEMI FURNISHED,,
"Rs. 5,00,00,000 (Negotiable)
(Five crore )",0-6-0-0,,,,,,,,NONE,HOUSE (RESIDENTIAL),PILLAR SYSTEM,GB10777,2 WEEKS AGO,18,,,
"Rs. 2,80,00,000 (Negotiable)
(Two crore eighty lakh )",0-8-2-2,,,6,1,1,4,2.5,SOUTH,BUNGALOW (RESIDENTIAL),PILLAR SYSTEM,GB05407,2 YEARS AGO,5120,SEMI FURNISHED,,
"Rs. 90,00,000 (Negotiable)
(Ninety lakh )",2800 SQUARE FEET,1800 SQUARE FEET,,,,,2,,NONE,RESTAURANT (RESIDENTIAL),PILLAR SYSTEM,GB10442,4 MONTHS AGO,379,NOT FURNISHED,,
,3 KATTHA,,,,,,,,NONE,LAND (RESIDENTIAL),PILLAR SYSTEM,GB10650,1 MONTH AGO,43,,,
"Rs. 4,05,00,000 (Negotiable)
(Four crore five lakh )",0-5-0-0,,,5,1,1,4,2.5,EAST,HOUSE (RESIDENTIAL),PILLAR SYSTEM,GB10018,7 MONTHS AGO,94,NOT FURNISHED,,
"Rs. 2,00,00,000 (Negotiable)
(Two crore)",0-4-2-0,4500 SQUARE FEET,,8,1,3,3,3,SOUTH-EAST,HOUSE (RESIDENTIAL),PILLAR SYSTEM,GB05356,4 YEARS AGO,4541,SEMI FURNISHED,,
"Rs. 41,00,000 (Negotiable)
(Forty one lakh )",0-,,,,,,,,NONE,APARTMENT (RESIDENTIAL),PILLAR SYSTEM,GB10826,12 HOURS AGO,8,NOT FURNISHED,,
"Rs. 1,00,00,000 (Negotiable)
(One crore )",1 KATTHA,,,,,,,,NONE,LAND (RESIDENTIAL),PILLAR SYSTEM,GB09997,8 MONTHS AGO,56,,,
"Rs. 7,50,00,000
(Seven crore fifty lakh )",0-6-1-0,,,5,1,1,,2.5,NONE,HOUSE (RESIDENTIAL),PILLAR SYSTEM,GB10714,1 MONTH AGO,79,SEMI FURNISHED,,
"Rs. 70,50,000 (Negotiable)
(Seventy lakh fifty thousand )",0-3-1-3,,,,,,,,SOUTH-WEST,LAND (RESIDENTIAL),NONE,GB10584,2 MONTHS AGO,845,,,
"Rs. 55,00,000 (Negotiable)
(55 lakh per aana)",0-17-0-0,,,,,,,,SOUTH,HOUSE (RESIDENTIAL),PILLAR SYSTEM,GB04850,5 YEARS AGO,7263,NOT FURNISHED,,
"Rs. 3,95,00,000 (Negotiable)
(4)",0-,,,,,,,,NONE,HOUSE (RESIDENTIAL),NONE,GB10269,5 MONTHS AGO,48,NOT FURNISHED,,
"Rs. 3,75,00,000 (Negotiable)
(Three crore seventy five lakh )",0-4-2-3,,,6,2,2,,3,EAST,HOUSE (RESIDENTIAL),PILLAR SYSTEM,GB10166,6 MONTHS AGO,97,SEMI FURNISHED,,
"Rs. 5,00,000 (Negotiable)
(Five lakh )",1-4-0-0,4875 SQUARE FEET,,4,5,1,5,3,NORTH-EAST,BUNGALOW (COMMERCIAL/RESIDENTIAL),PILLAR SYSTEM,GB10446,4 MONTHS AGO,1056,SEMI FURNISHED,,
"Rs. 2,50,000 (Negotiable)
(Two lakh fifty thousand per dhur)",10 DHUR,,,,,,,,NORTH-EAST-SOUTH,LAND (COMMERCIAL/RESIDENTIAL),NONE,GB10694,3 DAYS AGO,496,,,
"Rs. 30,00,000 (Negotiable)
(30 lakh)",8 DHUR,,,,,,,,NORTH,LAND (COMMERCIAL/RESIDENTIAL),PILLAR SYSTEM,GB04409,4 YEARS AGO,2794,,,
"Rs. 56,00,000 (Negotiable)
(Fifty six lakh )",3-9-1-2,,,,,,,,NONE,LAND (RESIDENTIAL),PILLAR SYSTEM,GB10775,2 WEEKS AGO,9,,,
"Rs. 12,00,000 (Negotiable)
(Twelve lakh )",0-4-2-0,,,,,,,,EAST-SOUTH-WEST,LAND (COMMERCIAL/RESIDENTIAL),NONE,GB10509,3 MONTHS AGO,473,,,
"Rs. 2,65,00,000 (Negotiable)
(Two crore sixty five lakh )",0-4-0-0,0-4-0-0,,5,3,3,,3,SOUTH-EAST,HOUSE (RESIDENTIAL),PILLAR SYSTEM,GB10531,3 MONTHS AGO,94,,,
"Rs. 38,000 (Negotiable)
(Thirty eight thousand )",685 SQUARE FEET,,,3,,,1,,NORTH,OFFICE SPACE (RESIDENTIAL),PILLAR SYSTEM,GB09271,1 YEAR AGO,823,NOT FURNISHED,,
"Rs. 1,90,00,000 (Negotiable)
(One crore ninety lakh)",0-3-0-0,2100 SQUARE FEET,,6,3,3,3,3,SOUTH-EAST,HOUSE (RESIDENTIAL),PILLAR SYSTEM,GB07574,3 YEARS AGO,7029,NOT FURNISHED,,
"Rs. 2,20,00,000 (Negotiable)
(2 crore 20 lakh)",0-3-1-1,2200 SQUARE FEET,,6,2,2,4,2.5,WEST,HOUSE (RESIDENTIAL),PILLAR SYSTEM,GB04261,5 YEARS AGO,18757,SEMI FURNISHED,,
,0-5-0-0,,,,,,,4,SOUTH-WEST,COMMERCIAL BUILDING (RESIDENTIAL),PILLAR SYSTEM,GB03034,4 YEARS AGO,5992,SEMI FURNISHED,,
"Rs. 12,00,000
(Twelve lakh )",,,,,,,,,NONE,LAND (COMMERCIAL/RESIDENTIAL),PILLAR SYSTEM,GB10649,1 MONTH AGO,31,,,
"Rs. 2,35,00,000 (Negotiable)
(3 aana 2 dam)",0-3-0-2,,,5,1,2,4,,SOUTH,HOUSE (RESIDENTIAL),NONE,GB10144,6 MONTHS AGO,178,NOT FURNISHED,,
"Rs. 15,00,000 (Negotiable)
(15 lakh per anna)",0-32-0-0,,,,,,,,NORTH-WEST,LAND (COMMERCIAL/RESIDENTIAL),PILLAR SYSTEM,GB05390,5 YEARS AGO,4643,,,
"Rs. 75,00,000 (Negotiable)
(Seventy five lakh per aana)",0-4-0-0,,,,,,,,NORTH-WEST-SOUTH,LAND (COMMERCIAL/RESIDENTIAL),NONE,GB10688,3 DAYS AGO,399,,,
"Rs. 6,00,000 (Negotiable)
(Six lakh )",200 SQUARE FEET,,,,,,,,NONE,SHUTTER/S (COMMERCIAL),PILLAR SYSTEM,GB10084,2 MONTHS AGO,406,NOT FURNISHED,,
"Rs. 1,85,00,000 (Negotiable)
(One crore eighty five lakh )",0-4-2-0,,,2,1,1,1,1,EAST,HOUSE (RESIDENTIAL),PILLAR SYSTEM,GB10490,1 MONTH AGO,1943,NOT FURNISHED,,
"Rs. 2,20,00,000 (Negotiable)
(2 crore 20 lakh)",0-4-3-3,,,5,1,1,4,2.5,NORTH-WEST,HOUSE (RESIDENTIAL),PILLAR SYSTEM,GB05063,2 YEARS AGO,6168,SEMI FURNISHED,,
"Rs. 15,00,000 (Negotiable)
(Fifteen lakh per aana)",0-4-0-0,,,,,,,,NORTH-WEST,LAND (RESIDENTIAL),NONE,GB10692,3 DAYS AGO,602,,,
"Rs. 9,25,00,000 (Negotiable)
(Nine crore twenty five lakh )",0-2-0-3,0-2-0-3,,,,,,7,NONE,HOUSE (RESIDENTIAL),PILLAR SYSTEM,GB10099,7 MONTHS AGO,129,NOT FURNISHED,,
"Rs. 4,00,00,000 (Negotiable)
(Four crore )",25-0-0-0,,,,,,,,NONE,LAND (COMMERCIAL/RESIDENTIAL),PILLAR SYSTEM,GB10388,4 MONTHS AGO,52,,,
"Rs. 150 (Negotiable)
(One hundred fifty per sq. ft)",800 SQUARE FEET,,,,,,,,NONE,OFFICE SPACE (RESIDENTIAL),PILLAR SYSTEM,GB10814,7 HOURS AGO,64,NOT FURNISHED,,
"Rs. 20,00,00,000 (Negotiable)
(20 crores)",102 HAATH,,,,,,,,NORTH-EAST,HOUSE (COMMERCIAL/RESIDENTIAL),PILLAR SYSTEM,GB04495,6 YEARS AGO,1467,SEMI FURNISHED,,
"Rs. 18,00,000 (Negotiable)
(18 lakh per aana)",0-25-0-0,,,,,,,,SOUTH,LAND (COMMERCIAL/RESIDENTIAL),NONE,GB05353,5 YEARS AGO,10437,,,
"Rs. 1,45,00,000 (Negotiable)
(1 crore 45 lakh)",0-2-3-2,,,4,2,2,3,2.5,WEST,HOUSE (RESIDENTIAL),PILLAR SYSTEM,GB05120,3 YEARS AGO,7044,SEMI FURNISHED,,
"Rs. 2,50,00,000 (Negotiable)
(Two crore fifty lakh)",0-5-1-0,0-5-0-0,,4,2,2,2,2.5,NORTH,HOUSE (RESIDENTIAL),PILLAR SYSTEM,GB02775,2 YEARS AGO,2029,SEMI FURNISHED,,
"Rs. 3,60,00,000 (Negotiable)
(Three Crore Sixty Lakh )",0-6-2-0,1350 SQUARE FEET,,6,3,3,7,,WEST,HOUSE (RESIDENTIAL),PILLAR SYSTEM,GB06324,4 YEARS AGO,3207,SEMI FURNISHED,,
"Rs. 1,85,000 / month (Negotiable)
(One lakh eighty five thousand )",0-,,,4,1,1,,2.5,NONE,HOUSE (RESIDENTIAL),PILLAR SYSTEM,GB10220,5 MONTHS AGO,74,FULLY FURNISHED,,
"Rs. 2,95,00,000 (Negotiable)
(Two crore ninety five lakh )",0-3-1-0,,,8,4,3,4,3.5,NORTH,HOUSE (RESIDENTIAL),PILLAR SYSTEM,GB08471,2 YEARS AGO,8113,NOT FURNISHED,,
"Rs. 16,50,000 (Negotiable)
(Sixteen lakh fifty thousand )",0-,,,14,,1,3,,NONE,HOSTEL (RESIDENTIAL),PILLAR SYSTEM,GB10762,2 WEEKS AGO,426,FULLY FURNISHED,,
"Rs. 100 (Negotiable)
(One hundred per square feet )",4000 SQUARE FEET,,,,,,,5,EAST,COMMERCIAL BUILDING (RESIDENTIAL),PILLAR SYSTEM,GB09024,1 YEAR AGO,2270,NOT FURNISHED,3200 SQUARE FEET,
,0-3-0-0,,,,,,,,NORTH-EAST-SOUTH,LAND (RESIDENTIAL),NONE,GB10693,2 DAYS AGO,832,,,
"Rs. 2,25,00,000 (Negotiable)
(Two crore twenty five lakh )",0-5-2-0,0-3-0-0,,5,1,2,3,2.5,EAST,HOUSE (RESIDENTIAL),PILLAR SYSTEM,GB04778,2 YEARS AGO,25240,SEMI FURNISHED,,
,0-17-0-0,,,11,2,2,5,2.5,SOUTH,HOUSE (RESIDENTIAL),PILLAR SYSTEM,GB03682,5 YEARS AGO,3894,NOT FURNISHED,,
"Rs. 24,000 / month (Negotiable)
(Twenty four thousand per month)",0-5-1-0,,,2,1,1,2,3.5,EAST,HOUSE (RESIDENTIAL),PILLAR SYSTEM,GB07266,1 YEAR AGO,7762,SEMI FURNISHED,,
"Rs. 1,62,00,000 (Negotiable)
(One crore sixty two lakh )",0-3-0-0,0-3-0-0,,9,2,2,,3.5,NONE,HOUSE (RESIDENTIAL),PILLAR SYSTEM,GB10262,5 MONTHS AGO,113,SEMI FURNISHED,,
"Rs. 2,50,00,000 (Negotiable)
(Two crore fifty lakh )",0-4-1-2,1050 SQUARE FEET,,11,2,3,4,3.5,SOUTH-EAST,HOUSE (RESIDENTIAL),PILLAR SYSTEM,GB08178,2 YEARS AGO,6630,NOT FURNISHED,,
"Rs. 7,25,00,000 (Negotiable)
(Seven crore twenty five lakh )",0-7-0-0,0-5-0-0,,9,4,4,6,2.5,EAST,HOUSE (RESIDENTIAL),PILLAR SYSTEM,GB10310,5 MONTHS AGO,1430,SEMI FURNISHED,,
"Rs. 65,00,000 (Negotiable)
(Sixty five lakh )",,,,7,4,4,7,4,NONE,APARTMENT (RESIDENTIAL),PILLAR SYSTEM,GB10162,5 MONTHS AGO,455,FULLY FURNISHED,,
"Rs. 3,90,00,000 (Negotiable)
(Three crore ninety lakh )",0-5-0-2,4800 SQUARE FEET,,9,4,4,5,3.5,SOUTH-WEST,HOUSE (RESIDENTIAL),PILLAR SYSTEM,GB03481,3 YEARS AGO,2280,SEMI FURNISHED,,
"Rs. 2,70,00,000 (Negotiable)
(Two crore seventy lakh )",0-3-2-3,2879 SQUARE FEET,,6,1,3,3,3.5,EAST,HOUSE (COMMERCIAL/RESIDENTIAL),PILLAR SYSTEM,GB10075,5 MONTHS AGO,4478,NOT FURNISHED,,
"Rs. 2,95,00,000 (Negotiable)
(Two crore ninety five lakh )",0-4-3-0,,,5,3,3,5,,SOUTH-EAST,HOUSE (RESIDENTIAL),PILLAR SYSTEM,GB09718,11 MONTHS AGO,973,NOT FURNISHED,,
"Rs. 2,40,00,000
(Two crore forty lakh ( Fixed))",0-3-2-0,2400 SQUARE FEET,,6,2,2,4,,SOUTH,HOUSE (RESIDENTIAL),PILLAR SYSTEM,GB09856,3 MONTHS AGO,2725,SEMI FURNISHED,,220 SQUARE FEET
"Rs. 1,50,00,000 (Negotiable)
(One crore fifty lakh )",0-12-3-0,,,15,,2,4,3.5,SOUTH-EAST,HOUSE (COMMERCIAL/RESIDENTIAL),PILLAR SYSTEM,GB06190,4 YEARS AGO,2055,SEMI FURNISHED,,
"Rs. 5,00,000 / month
(Five lakh )",0-0-0-0,,,,,1,,,SOUTH-WEST,OFFICE SPACE (RESIDENTIAL),NONE,GB10244,5 MONTHS AGO,545,FULLY FURNISHED,2754 SQUARE FEET,
"Rs. 80,000 / month (Negotiable)
(Eighty thousand )",0-10-0-0,1400 SQUARE FEET,,2,1,1,,1,SOUTH,HOUSE (COMMERCIAL/RESIDENTIAL),PILLAR SYSTEM,GB10385,4 MONTHS AGO,31,NOT FURNISHED,,
,,,,,,,,,NONE,HOUSE (RESIDENTIAL),PILLAR SYSTEM,GB10778,2 WEEKS AGO,31,,,
"Rs. 1,70,00,000
(One crore seventy lakh )",0-2-2-2,0-2-2-2,,5,,1,,3,EAST,HOUSE (RESIDENTIAL),PILLAR SYSTEM,GB10507,3 MONTHS AGO,76,NOT FURNISHED,,
"Rs. 6,000 (Negotiable)",0-,,,1,,,,1,SOUTH,HOUSE (RESIDENTIAL),NONE,GB10448,4 MONTHS AGO,40,NOT FURNISHED,,
"Rs. 50,000 / month (Negotiable)
(Fifty thousand )",0-,0-5-2-0,,,,,,,EAST,HOUSE (RESIDENTIAL),PILLAR SYSTEM,GB10060,7 MONTHS AGO,137,NOT FURNISHED,,
"Rs. 42,00,000 (Negotiable)
(Forty two lakh Per anna)",0-6-0-0,,,,,,,,SOUTH-EAST,LAND (RESIDENTIAL),NONE,GB06554,4 YEARS AGO,4978,,,
"Rs. 3,50,00,000 (Negotiable)
(5 kattha 13 dhurr)",5 KATTHA,5 KATTHA-0-0-0,,,,,,,NORTH,LAND (COMMERCIAL/RESIDENTIAL),NONE,GB10564,2 MONTHS AGO,17,,,
"Rs. 1,55,00,000 (Negotiable)
(One crore fifty five lakh )",,,,3,1,1,,2.5,NONE,HOUSE (RESIDENTIAL),PILLAR SYSTEM,GB10747,4 WEEKS AGO,37,,,
"Rs. 2,20,00,000 (Negotiable)
(Two crore twenty lakh )",0-3-0-0,1883 SQUARE FEET,,4,2,2,3,2.5,EAST,HOUSE (RESIDENTIAL),PILLAR SYSTEM,GB04311,2 YEARS AGO,26523,SEMI FURNISHED,,
"Rs. 6,00,000 (Negotiable)
(Six lakh per aana)",6-3-0-0,,,,,,,,NONE,LAND (RESIDENTIAL),NONE,GB09276,1 YEAR AGO,1782,,,
"Rs. 30,00,000 (Negotiable)
(30 lakh per aana)",0-10-2-0,,,,,,,,SOUTH-EAST,LAND (RESIDENTIAL),PILLAR SYSTEM,GB05704,5 YEARS AGO,4562,,,
"Rs. 63,00,000 (Negotiable)
(Sixty three lakh )",426 SQUARE FEET,,,1,1,1,1,,SOUTH-EAST,APARTMENT (RESIDENTIAL),PILLAR SYSTEM,GB09730,9 MONTHS AGO,1278,NOT FURNISHED,,
"Rs. 65,00,000 (Negotiable)
(Sixty five lakh )",,604 SQUARE FEET,,2,1,1,1,7,SOUTH-WEST,APARTMENT (RESIDENTIAL),PILLAR SYSTEM,GB10064,7 MONTHS AGO,196,SEMI FURNISHED,,
,0-5-2-0,,,6,2,1,,2.5,EAST,HOUSE (RESIDENTIAL),PILLAR SYSTEM,GB09985,8 MONTHS AGO,219,SEMI FURNISHED,,
"Rs. 2,00,00,000 (Negotiable)
(Two crore )",1223 SQUARE FEET,,,3,1,1,2,,SOUTH-WEST,APARTMENT (RESIDENTIAL),PILLAR SYSTEM,GB09769,10 MONTHS AGO,781,NOT FURNISHED,,
"Rs. 1,75,00,000 (Negotiable)
(One crore seventy five lakh )",0-3-2-0,,,2,1,1,3,2.5,SOUTH,HOUSE (RESIDENTIAL),WALL BEARING,GB10551,1 MONTH AGO,1077,SEMI FURNISHED,,
"Rs. 2,75,00,000 (Negotiable)
(Two crore seventy five lakh )",0-,1368 SQUARE FEET,,3,1,1,,7,NONE,APARTMENT (COMMERCIAL/RESIDENTIAL),PILLAR SYSTEM,GB10254,5 MONTHS AGO,71,SEMI FURNISHED,,
"Rs. 12,50,000 (Negotiable)
(12 lakh 50 thousand per aana for 32 aana, 15 lakh per aana for pieces land.)",0-32-0-0,,,,,,,,EAST,LAND (RESIDENTIAL),NONE,GB05165,5 YEARS AGO,3404,,,
"Rs. 100 (Negotiable)
(One hundred rupees per sq.ft)",0-4-1-0,,,5,,,5,5,NONE,COMMERCIAL BUILDING (RESIDENTIAL),PILLAR SYSTEM,GB06518,2 YEARS AGO,4199,NOT FURNISHED,,990 SQUARE FEET
,0-2-2-3,,,4,2,2,,2.3,WEST,HOUSE (RESIDENTIAL),PILLAR SYSTEM,GB10648,1 MONTH AGO,52,SEMI FURNISHED,,
"Rs. 1,80,00,000 (Negotiable)
(One crore eighty lakh )",0-3-0-0,0-3-0-0,,6,,1,,3,NONE,HOUSE (RESIDENTIAL),PILLAR SYSTEM,GB10506,3 MONTHS AGO,98,NOT FURNISHED,,
"Rs. 42,00,000
(Forty two lakh )",,,,,,,,,NONE,LAND (RESIDENTIAL),PILLAR SYSTEM,GB10782,2 WEEKS AGO,28,,,
"Rs. 99,00,000 (Negotiable)
(Ninety nine lakh )",0-4-0-0,,,,,,,,SOUTH,LAND (RESIDENTIAL),NONE,GB10793,2 WEEKS AGO,1116,,,
"Rs. 5,00,00,000 (Negotiable)
(5 crore)",2-5-0-0,,,5,1,1,2,2,,BUNGALOW (RESIDENTIAL),PILLAR SYSTEM,GB04023,5 YEARS AGO,5116,FULLY FURNISHED,,
"Rs. 80,00,000 (Negotiable)
(Eighty lakh per aana)",0-20-0-0,,,,,,,,WEST,LAND (RESIDENTIAL),PILLAR SYSTEM,GB10631,1 MONTH AGO,1027,,,
"Rs. 45,00,000 (Negotiable)
(Forty five lakh )",0-5-2-0,,,,,,,,NONE,LAND (RESIDENTIAL),NONE,GB10246,5 MONTHS AGO,382,,,
"Rs. 2,80,000 (Negotiable)
(Two lakh eighty thousand )",0-,,,,,,,,NONE,SHUTTER/S (RESIDENTIAL),PILLAR SYSTEM,GB10828,9 HOURS AGO,123,NOT FURNISHED,,
"Rs. 5,00,00,000
(Five crore )",,,,,,,,,NONE,HOUSE (RESIDENTIAL),PILLAR SYSTEM,GB10779,2 WEEKS AGO,24,,,
"Rs. 1,45,00,000 (Negotiable)
(One crore forty five lakh )",0-4-0-0,679 SQUARE FEET,,5,3,2,3,2.5,WEST,HOUSE (RESIDENTIAL),PILLAR SYSTEM,GB04541,2 YEARS AGO,19586,SEMI FURNISHED,,
"Rs. 4,00,00,000 (Negotiable)
(Four crore )",0-1-0-0,0-1-0-0,,5,2,1,2,4.5,NONE,HOUSE (COMMERCIAL/RESIDENTIAL),PILLAR SYSTEM,GB10017,7 MONTHS AGO,92,NOT FURNISHED,,
"Rs. 12,00,000 (Negotiable)
(12 lakh per aana)",0-6-0-0,,,,,,,,EAST,LAND (RESIDENTIAL),PILLAR SYSTEM,GB04344,6 YEARS AGO,1845,,,
"Rs. 4,50,000 / month (Negotiable)
(Four lakh fifty thousand )",0-8-0-0,0-4-0-0,,11,4,4,,7,EAST,HOUSE (COMMERCIAL/RESIDENTIAL),PILLAR SYSTEM,GB09051,9 MONTHS AGO,568,SEMI FURNISHED,,
"Rs. 52,00,000 (Negotiable)
(Fifty two lakh per aana)",0-5-2-0,,,,,,,,NONE,LAND (RESIDENTIAL),NONE,GB06905,4 YEARS AGO,5640,,,
"Rs. 1,99,00,000 (Negotiable)
(One crore ninety nine lakh )",0-3-0-0,,,4,1,1,2,2,SOUTH,HOUSE (RESIDENTIAL),PILLAR SYSTEM,GB10824,8 HOURS AGO,110,SEMI FURNISHED,,
"Rs. 2,80,00,000 (Negotiable)
(Two crore eighty lakh )",0-10-2-0,,,5,2,1,3,2.5,EAST,HOUSE (RESIDENTIAL),PILLAR SYSTEM,GB07409,1 YEAR AGO,4854,NOT FURNISHED,,
"Rs. 1,75,00,000 (Negotiable)
(One crore seventy five lakh)",0-3-0-1,1400 SQUARE FEET,,5,2,2,3,2.5,SOUTH,HOUSE (RESIDENTIAL),PILLAR SYSTEM,GB07552,3 YEARS AGO,4593,NOT FURNISHED,600 SQUARE FEET,
,,,,,,,,,NONE,HOUSE (RESIDENTIAL),PILLAR SYSTEM,GB10799,2 WEEKS AGO,53,,,
,0-4-0-2,0-3-1-0,,14,,,,4,SOUTH-WEST,HOUSE (RESIDENTIAL),WALL BEARING,GB10528,3 MONTHS AGO,114,SEMI FURNISHED,,
"Rs. 4,50,000 (Negotiable)
(Four lakh fifty thousand )",9 DHUR,,,,,,,,NORTH,LAND (COMMERCIAL/RESIDENTIAL),NONE,GB05835,3 YEARS AGO,7375,,,
"Rs. 3,15,00,000 (Negotiable)
(Three crore fifteen lakh )",0-5-1-1,2750 SQUARE FEET,,6,3,2,5,2.5,EAST,HOUSE (RESIDENTIAL),PILLAR SYSTEM,GB06841,1 YEAR AGO,6860,SEMI FURNISHED,,
"Rs. 11,84,00,000 (Negotiable)
(Eleven crore eighty four lakh )",2-10-2-3,,,,,,,,NONE,LAND (COMMERCIAL/RESIDENTIAL),PILLAR SYSTEM,GB10167,6 MONTHS AGO,55,,,
"Rs. 4,00,00,000 (Negotiable)
(Four crore )",0-4-2-0,,,6,3,2,,3.5,SOUTH,HOUSE (RESIDENTIAL),PILLAR SYSTEM,GB10337,5 MONTHS AGO,42,SEMI FURNISHED,,
"Rs. 2,35,00,000 (Negotiable)
(Two crore thirty five lakh )",0-3-3-0,2041 SQUARE FEET,,4,2,2,4,2.5,SOUTH,HOUSE (RESIDENTIAL),PILLAR SYSTEM,GB05700,2 YEARS AGO,22098,SEMI FURNISHED,,
,72900 SQUARE FEET,,,,,,,,NONE,LAND (RESIDENTIAL),NONE,GB02736,4 YEARS AGO,2964,,,
"Rs. 3,20,00,000
(Three crore twenty lakh )",0-3-3-2,0-3-0-0,,,,,,4,NORTH,SCHOOL (COMMERCIAL),PILLAR SYSTEM,GB10568,2 MONTHS AGO,58,NOT FURNISHED,,
"Rs. 1,70,00,000 (Negotiable)
(One crore seventy lakh )",0-3-0-0,,,6,1,2,3,2.5,NORTH-WEST,HOUSE (RESIDENTIAL),PILLAR SYSTEM,GB08592,1 YEAR AGO,4579,NOT FURNISHED,,
"Rs. 17,00,00,000
(Seventeen crore )",1-1-0-0,,,,,,,,NONE,HOUSE (RESIDENTIAL),PILLAR SYSTEM,GB10744,4 WEEKS AGO,40,,,
"Rs. 1,60,00,000 (Negotiable)
(One crore sixty lakh )",0-3-0-0,,,4,2,3,3,2.5,SOUTH-EAST,HOUSE (RESIDENTIAL),PILLAR SYSTEM,GB07120,10 MONTHS AGO,5600,SEMI FURNISHED,,
"Rs. 48,00,000 (Negotiable)
(Forty eight lakh per aana)",0-19-0-0,,,,,,,,NORTH-EAST,LAND (COMMERCIAL/RESIDENTIAL),NONE,GB09500,1 YEAR AGO,1141,,6502 SQUARE FEET,
,"0-3-0-0, 0-4-0-0, 0-5-0-0",,,,,,,,EAST,LAND (COMMERCIAL/RESIDENTIAL),NONE,GB06255,2 YEARS AGO,5625,,,
"Rs. 12,50,000 (Negotiable)
(Twelve Lakh Fifty Thousand per aana)",0-10-0-0,,,,,,,,EAST,LAND (COMMERCIAL/RESIDENTIAL),NONE,GB06364,4 YEARS AGO,5268,,,
"Rs. 75,00,000 (Negotiable)
(Seventy five lakh )",14 DHUR,,,,,,,,SOUTH,LAND (RESIDENTIAL),NONE,GB04935,3 YEARS AGO,7397,,,
,0-3-3-0,,,4,2,1,,,NONE,HOUSE (RESIDENTIAL),PILLAR SYSTEM,GB10788,2 WEEKS AGO,44,,,
"Rs. 1,30,00,000 (Negotiable)
(One crore thirty lakh )",1300 SQUARE METER,,,27,,,,4,NORTH-EAST-SOUTH,HOTELS & RESORTS (RESIDENTIAL),PILLAR SYSTEM,GB10622,1 MONTH AGO,997,FULLY FURNISHED,,
"Rs. 18,000 (Negotiable)",0-,,,,,,,,NONE,HOUSE (RESIDENTIAL),NONE,GB10472,4 MONTHS AGO,69,NOT FURNISHED,,
"Rs. 4,50,00,000 (Negotiable)
(Four crore fifty lakh )",0-5-2-2,2000 SQUARE FEET,,7,1,1,9,3.5,EAST,HOUSE (RESIDENTIAL),PILLAR SYSTEM,GB09842,5 MONTHS AGO,128,FULLY FURNISHED,,
"Rs. 1,00,000 / month (Negotiable)
(One lakh )",0-3-0-0,0-2-0-0,,3,,,3,3.5,SOUTH,HOUSE (RESIDENTIAL),PILLAR SYSTEM,GB10010,7 MONTHS AGO,50,NOT FURNISHED,,
,9-9-1-0,,,,,,,,NONE,LAND (RESIDENTIAL),PILLAR SYSTEM,GB10530,3 MONTHS AGO,74,,,
"Rs. 4,50,00,000 (Negotiable)
(Four crore fifty lakh )",0-4-2-0,,,4,2,1,5,2.5,SOUTH-EAST,HOUSE (RESIDENTIAL),PILLAR SYSTEM,GB09499,1 YEAR AGO,2854,NOT FURNISHED,2800 SQUARE FEET,
"Rs. 2,25,000 (Negotiable)
(2 lakh 25 thousand per dhur)",25 DHUR,,,,,,,,EAST,LAND (RESIDENTIAL),NONE,GB04557,6 YEARS AGO,6528,,,
"Rs. 1,90,00,000 (Negotiable)
(One crore ninety lakh)",0-3-2-0,,,5,2,2,3,2.5,SOUTH,HOUSE (RESIDENTIAL),PILLAR SYSTEM,GB06375,4 YEARS AGO,4904,SEMI FURNISHED,,
"Rs. 48,00,000 (Negotiable)
(48 lakh per aana)",0-4-2-3,,,,,,,,NORTH,LAND (COMMERCIAL/RESIDENTIAL),NONE,GB05316,5 YEARS AGO,6039,,,
,0-4-2-0,,,,,,,,NONE,LAND (RESIDENTIAL),PILLAR SYSTEM,GB10657,1 MONTH AGO,35,,,
"Rs. 7,00,00,000 (Negotiable)
(7 crore)",578 SQUARE FEET,578 SQUARE FEET,,20,,1,4,3,,HOUSE (COMMERCIAL),PILLAR SYSTEM,GB03510,5 YEARS AGO,6076,NOT FURNISHED,,
"Rs. 4,75,00,000 (Negotiable)
(Four crore seventy five lakh )",0-5-3-0,,,7,2,2,8,3.5,NORTH-EAST,HOUSE (RESIDENTIAL),PILLAR SYSTEM,GB08887,11 MONTHS AGO,8535,FULLY FURNISHED,,
"Rs. 5,35,00,000 (Negotiable)
(Five crore thirty five lakh )",0-4-0-0,,,6,1,1,,3,NONE,HOUSE (RESIDENTIAL),PILLAR SYSTEM,GB10715,1 MONTH AGO,40,,,
"Rs. 2,40,00,000 (Negotiable)
(Two crore forty lakh )",0-,0-4-1-3,,,,,,,SOUTH,HOUSE (RESIDENTIAL),NONE,GB10164,6 MONTHS AGO,95,NOT FURNISHED,,
,0-4-0-0,,,6,1,2,,2.5,EAST,HOUSE (RESIDENTIAL),PILLAR SYSTEM,GB10774,3 WEEKS AGO,49,SEMI FURNISHED,,
"Rs. 3,35,00,000 (Negotiable)
(Three crore thirty five lakh )",0-4-0-1,,,15,1,1,,3.5,NORTH,HOUSE (RESIDENTIAL),PILLAR SYSTEM,GB10652,1 MONTH AGO,26,SEMI FURNISHED,,
,0-4-3-3,,,,,,,,SOUTH-WEST,LAND (COMMERCIAL/RESIDENTIAL),NONE,GB09155,1 YEAR AGO,3205,,,
"Rs. 2,80,00,000 (Negotiable)
(3)",0-3-0-0,0-3-0-0,,5,2,2,,3.5,NORTH,HOUSE (RESIDENTIAL),PILLAR SYSTEM,GB10398,4 MONTHS AGO,142,FULLY FURNISHED,,
"Rs. 1,75,00,000 (Negotiable)
(One crore seventy five lakh )",1026 SQUARE FEET,1026 SQUARE FEET,,11,2,3,9,3,SOUTH-EAST,HOUSE (RESIDENTIAL),PILLAR SYSTEM,GB10062,7 MONTHS AGO,83,SEMI FURNISHED,,
"Rs. 5,25,00,000 (Negotiable)
(Five crore twenty five lakh )",0-9-0-0,,,5,2,2,5,2.5,SOUTH-EAST,BUNGALOW (RESIDENTIAL),PILLAR SYSTEM,GB05745,3 YEARS AGO,6167,FULLY FURNISHED,,
"Rs. 2,30,00,000 (Negotiable)
(2 crore 30 lakh)",0-2-3-0,2000 SQUARE FEET,,2,1,1,3,2.5,EAST,HOUSE (RESIDENTIAL),PILLAR SYSTEM,GB05644,5 YEARS AGO,5634,SEMI FURNISHED,,
"Rs. 25,000 (Negotiable)
(Twenty five thousand )",0-,622 SQUARE FEET,,2,1,1,1,,NONE,APARTMENT (RESIDENTIAL),PILLAR SYSTEM,GB10011,7 MONTHS AGO,179,SEMI FURNISHED,,
"Rs. 1,35,00,000 (Negotiable)
(One crore thirty five lakh )",0-2-0-0,,,6,,1,3,3,NORTH,HOUSE (COMMERCIAL/RESIDENTIAL),PILLAR SYSTEM,GB07073,4 YEARS AGO,2855,SEMI FURNISHED,,
"Rs. 66,00,000 (Negotiable)
(Sixty six lakh )",0-4-3-0,,,,,,,,NORTH,LAND (COMMERCIAL/RESIDENTIAL),NONE,GB10510,3 MONTHS AGO,2057,,,
,676 HAATH,,,,,,,,NORTH,LAND (RESIDENTIAL),NONE,GB10522,3 MONTHS AGO,391,,,
"Rs. 2,30,00,000 (Negotiable)
(Two crore thirty lakh )",3-3-3-0,,,4,1,1,3,2.5,EAST,HOUSE (RESIDENTIAL),PILLAR SYSTEM,GB06165,4 YEARS AGO,7168,SEMI FURNISHED,,
"Rs. 55,00,000 (Negotiable)
(Fifty five lakh per aana)",0-9-0-0,,,,,,,,NORTH,LAND (RESIDENTIAL),NONE,GB10467,11 HOURS AGO,100,,,
"Rs. 1,30,000 (Negotiable)
(1 lakh 30 thousand per month)",0-32-0-0,,,4,1,1,4,2.5,SOUTH,BUNGALOW (RESIDENTIAL),PILLAR SYSTEM,GB05402,5 YEARS AGO,4066,SEMI FURNISHED,,
"Rs. 2,25,00,000 (Negotiable)
(Two crore twenty five lakh )",22 DHUR,1200 SQUARE FEET,,4,1,1,,2,NONE,SCHOOL (RESIDENTIAL),PILLAR SYSTEM,GB10579,2 MONTHS AGO,48,,,
"Rs. 2,45,00,000 (Negotiable)
(Two crore forty five lakh )",0-4-0-0,2046 SQUARE FEET,,6,2,2,5,2.5,SOUTH-EAST,HOUSE (RESIDENTIAL),PILLAR SYSTEM,GB07722,2 YEARS AGO,5875,NOT FURNISHED,,
"Rs. 14,00,000 (Negotiable)
(14 lakh per anna)","0-4-0-0, 0-6-0-0",,,,,,,,SOUTH-EAST,LAND (RESIDENTIAL),PILLAR SYSTEM,GB05618,5 YEARS AGO,4663,,,
"Rs. 12,00,000 (Negotiable)
(Twelve lakh (Negotiable))",0-,,,,,,,,NONE,RESTAURANT (COMMERCIAL),PILLAR SYSTEM,GB10259,5 MONTHS AGO,85,NOT FURNISHED,,
"Rs. 5,00,000 (Negotiable)
(Five lakh )",7-0-0-0,,,,,,,,EAST,LAND (COMMERCIAL/RESIDENTIAL),NONE,GB02988,2 YEARS AGO,1542,,,
"Rs. 5,75,00,000 (Negotiable)
(Five crore seventy five lakh )",0-5-2-0,3300 SQUARE FEET,,10,3,3,,4,NORTH,HOUSE (RESIDENTIAL),PILLAR SYSTEM,GB09897,5 MONTHS AGO,153,SEMI FURNISHED,,
"Rs. 70,000 (Negotiable)
(Seventy thousand per month)",1275 SQUARE FEET,1275 SQUARE FEET,,3,1,1,2,6,EAST,APARTMENT (RESIDENTIAL),PILLAR SYSTEM,GB05288,10 MONTHS AGO,8164,FULLY FURNISHED,,
,0-3-3-0,0-3-3-0,,,,,,6,NONE,COMMERCIAL BUILDING (RESIDENTIAL),PILLAR SYSTEM,GB06802,4 YEARS AGO,3761,SEMI FURNISHED,,
"Rs. 9,35,00,000 (Negotiable)
(Nine crore thirty five lakh )",0-8-1-0,,,,,,5,4,NORTH-WEST,COMMERCIAL BUILDING (RESIDENTIAL),PILLAR SYSTEM,GB05681,4 YEARS AGO,5800,NOT FURNISHED,,
"Rs. 9,50,000 (Negotiable)
(Nine lakh fifty thousand per aana)",1-5-0-0,,,,,,,,EAST,LAND (COMMERCIAL/RESIDENTIAL),NONE,GB06930,4 YEARS AGO,3263,,,
,10 DHUR,8 DHUR,,2,1,1,,2,SOUTH-WEST,HOUSE (RESIDENTIAL),PILLAR SYSTEM,GB10572,2 MONTHS AGO,18,NOT FURNISHED,,
"Rs. 22,50,000 (Negotiable)
(Twenty two lakh fifty thousand )",0-3-1-0,,,,,,,,NONE,LAND (RESIDENTIAL),PILLAR SYSTEM,GB10469,4 MONTHS AGO,71,,,
"Rs. 2,80,00,000 (Negotiable)",0-5-1-0,,,5,2,1,,3,NORTH-EAST,HOUSE (RESIDENTIAL),PILLAR SYSTEM,GB10606,1 MONTH AGO,69,SEMI FURNISHED,,
"Rs. 2,40,00,000
(Two crore forty lakh )",0-,3000 SQUARE FEET,,,,,,,NONE,HOUSE (RESIDENTIAL),PILLAR SYSTEM,GB10827,12 HOURS AGO,17,FULLY FURNISHED,,
"Rs. 3,50,000 (Negotiable)
(Three lakh fifty thousand )",0-20-0-0,,,5,1,1,6,3,EAST,BUNGALOW (RESIDENTIAL),PILLAR SYSTEM,GB10769,2 WEEKS AGO,666,SEMI FURNISHED,,
"Rs. 11,75,000 (Negotiable)
(Eleven lakh seventy five thousand )",0-,,,,,,,,NONE,LAND (RESIDENTIAL),PILLAR SYSTEM,GB10454,4 MONTHS AGO,36,,,
"Rs. 8,75,000 (Negotiable)
(8 lakh 75 thousand per aana)",10-2-0-0,,,,,,,,SOUTH,LAND (COMMERCIAL/RESIDENTIAL),PILLAR SYSTEM,GB04451,6 YEARS AGO,2107,,,
"Rs. 2,90,00,000 (Negotiable)
(Two crore ninety lakh )",0-6-2-0,,,6,1,1,4,2.5,SOUTH-EAST,HOUSE (RESIDENTIAL),PILLAR SYSTEM,GB06447,2 YEARS AGO,8143,SEMI FURNISHED,,
,,,,,,,,4,NONE,COMMERCIAL BUILDING (RESIDENTIAL),PILLAR SYSTEM,GB10558,2 MONTHS AGO,465,NOT FURNISHED,3296 SQUARE FEET,
"Rs. 2,40,00,000 (Negotiable)
(Two crore forty lakh )",0-4-0-0,2100 SQUARE FEET,,3,1,1,3,2.5,SOUTH-WEST,HOUSE (COMMERCIAL/RESIDENTIAL),PILLAR SYSTEM,GB07067,3 YEARS AGO,8842,SEMI FURNISHED,,
"Rs. 60,000 (Negotiable)
(Sixty thousand per month)",1362 SQUARE FEET,,,3,1,1,2,,SOUTH,APARTMENT (RESIDENTIAL),PILLAR SYSTEM,GB10815,2 DAYS AGO,150,FULLY FURNISHED,,
"Rs. 2,00,00,000 (Negotiable)
(Two crore )",,,,2,,1,1,1,EAST,HOUSE (RESIDENTIAL),PILLAR SYSTEM,GB05828,3 YEARS AGO,13390,NOT FURNISHED,,
"Rs. 3,75,000 (Negotiable)
(3 lakh 75 thousand per dhur)",9 DHUR,,,,,,,,SOUTH,LAND (RESIDENTIAL),PILLAR SYSTEM,GB04425,6 YEARS AGO,2680,,,
"Rs. 1,90,00,000 (Negotiable)
(1 crore 90 lakh)",0-5-0-0,,,6,1,2,,3,NONE,HOUSE (RESIDENTIAL),PILLAR SYSTEM,GB03669,5 YEARS AGO,2880,NOT FURNISHED,,
"Rs. 15,50,000 (Negotiable)
(Fifteen lakh fifty thousand per aana)",0-6-0-0 0-6-0-0,,,,,,,,NORTH-EAST,LAND (RESIDENTIAL),NONE,GB06263,4 YEARS AGO,4693,,,
"Rs. 2,95,00,000 (Negotiable)
(Two crore ninety five lakh (Fixed))",0-4-1-0,,,6,3,3,5,3,NONE,HOUSE (COMMERCIAL/RESIDENTIAL),PILLAR SYSTEM,GB08776,2 YEARS AGO,3280,NOT FURNISHED,,
"Rs. 75,00,000 (Negotiable)
(Seventy five lakh )",0-9-0-0,,,,,,,,EAST,LAND (COMMERCIAL/RESIDENTIAL),NONE,GB08088,2 YEARS AGO,4616,,,
"Rs. 12,50,000 (Negotiable)
(Twelve lakh fifty thousand )",,,,,,,,,NONE,SHUTTER/S (RESIDENTIAL),PILLAR SYSTEM,GB09977,8 MONTHS AGO,62,NOT FURNISHED,,
"Rs. 75,00,000 (Negotiable)
(Seventy five lakh per aana)",0-24-0-0,,,,,,,,SOUTH,LAND (COMMERCIAL/RESIDENTIAL),PILLAR SYSTEM,GB06037,2 YEARS AGO,4322,,,
"Rs. 3,50,00,000 (Negotiable)
(Three crore fifty lakh )",0-4-0-0,,,15,,1,5,4.5,EAST,HOUSE (COMMERCIAL/RESIDENTIAL),PILLAR SYSTEM,GB06161,4 YEARS AGO,2131,NOT FURNISHED,,
"Rs. 1,35,00,000 (Negotiable)
(1 crore 35 lakh)",0-4-0-0,1852 SQUARE FEET,,4,2,2,2,2,EAST,HOUSE (RESIDENTIAL),PILLAR SYSTEM,GB05163,5 YEARS AGO,3629,SEMI FURNISHED,,
"Rs. 1,65,00,000 (Negotiable)
(One crore sixty five lakh )",0-2-2-0,,,4,1,2,3,,NONE,HOUSE (RESIDENTIAL),PILLAR SYSTEM,GB10165,6 MONTHS AGO,103,NOT FURNISHED,,
"Rs. 29,50,000 (Negotiable)
(Twenty nine lakh fifty thousand per aana)",0-6-0-1,,,,,,,,SOUTH-EAST,LAND (RESIDENTIAL),PILLAR SYSTEM,GB05751,5 YEARS AGO,4119,,,
"Rs. 11,00,000 (Negotiable)
(Eleven lakh )",0-,,,,,,,,NONE,RESTAURANT (RESIDENTIAL),PILLAR SYSTEM,GB10787,3 DAYS AGO,226,NOT FURNISHED,,
"Rs. 3,90,00,000 (Negotiable)
(Three crore ninety lakh )",0-5-0-3,1185 SQUARE FEET,,4,1,1,4,,NORTH,HOUSE (RESIDENTIAL),NONE,GB10809,8 HOURS AGO,130,SEMI FURNISHED,,
"Rs. 45,00,000 (Negotiable)
(Forty five lakh )",0-3-1-1,,,,,,,,NONE,LAND (RESIDENTIAL),PILLAR SYSTEM,GB10376,2 MONTHS AGO,128,,,
"Rs. 1,20,000 (Negotiable)
(One lakh twenty thousand )",0-5-0-0,,,,,,,,NONE,APARTMENT (RESIDENTIAL),PILLAR SYSTEM,GB09688,11 MONTHS AGO,881,NOT FURNISHED,,
"Rs. 2,77,00,000
(Two crore seventy seven lakh )",,,,22,,8,,6,NONE,HOUSE (RESIDENTIAL),PILLAR SYSTEM,GB10745,4 WEEKS AGO,52,,,
"Rs. 8,00,000 (Negotiable)
(8 lakh per aana)",15-0-0-0,,,,,,,,NONE,LAND (COMMERCIAL/RESIDENTIAL),PILLAR SYSTEM,GB05811,5 YEARS AGO,5602,,,
"Rs. 19,00,000 (Negotiable)
(Nineteen lakh )",0-5-0-0,,,,,,,,NONE,LAND (RESIDENTIAL),PILLAR SYSTEM,GB10808,2 DAYS AGO,63,,,
"Rs. 50,00,000 (Negotiable)
(Fifty lakh per aana)",0-4-0-0,,,,,,,,EAST,LAND (RESIDENTIAL),NONE,GB10691,3 DAYS AGO,615,,,
"Rs. 2,40,00,000 (Negotiable)
(Two crore forty lakh )",1369 SQUARE METER,1369 SQUARE METER,,4,2,2,2,2,EAST,HOUSE (RESIDENTIAL),PILLAR SYSTEM,GB09991,8 MONTHS AGO,103,SEMI FURNISHED,,
,30-0-0-0,,,,,,,,,LAND (RESIDENTIAL),NONE,GB05343,4 YEARS AGO,836,,,
"Rs. 1,40,000
(One lakh forty thousand )",0-4-0-0,0-2-0-0,,,,,,,NONE,HOUSE (RESIDENTIAL),PILLAR SYSTEM,GB10315,5 MONTHS AGO,76,,,
"Rs. 5,25,00,000 (Negotiable)
(Five crore twenty five lakh )",0-7-2-0,,,10,4,3,7,4.5,NORTH-WEST,HOUSE (COMMERCIAL/RESIDENTIAL),PILLAR SYSTEM,GB05292,5 YEARS AGO,7640,SEMI FURNISHED,,
"Rs. 65,00,000 (Negotiable)
(Sixty five lakh )",0-4-0-2,,,,,,,,NONE,LAND (RESIDENTIAL),PILLAR SYSTEM,GB10381,4 MONTHS AGO,72,,,
"Rs. 85,000 (Negotiable)
(Eighty five thousand per month)",,,,4,1,1,3,2.5,EAST,BUNGALOW (RESIDENTIAL),PILLAR SYSTEM,GB10067,7 MONTHS AGO,40,FULLY FURNISHED,,
"Rs. 17,00,000 (Negotiable)
(17 lakh per aana)",0-12-2-0,,,,,,,,SOUTH,LAND (RESIDENTIAL),NONE,GB04570,6 YEARS AGO,7652,,,
"Rs. 3,00,00,000 (Negotiable)
(Three crore )",0-0-2-3,0-0-2-3,,,,,,5,SOUTH,HOUSE (RESIDENTIAL),PILLAR SYSTEM,GB09995,8 MONTHS AGO,119,NOT FURNISHED,,
"Rs. 3,30,00,000 (Negotiable)
(Three crore thirty lakh )",0-4-0-0,,,,,,,,NONE,HOUSE (RESIDENTIAL),PILLAR SYSTEM,GB10238,4 MONTHS AGO,989,NOT FURNISHED,,
,0-4-0-2,,,,,,,,SOUTH-EAST,LAND (RESIDENTIAL),NONE,GB05791,3 YEARS AGO,4817,,,
"Rs. 25,000 (Negotiable)
(Twenty five thousand per month )",0-,,,2,1,1,,1,NONE,HOUSE (RESIDENTIAL),NONE,GB09202,1 MONTH AGO,108,NOT FURNISHED,,
"Rs. 2,00,000 / month (Negotiable)
(Two lakh per month)",0-24-0-0,,,4,1,1,2,2.5,EAST,HOUSE (RESIDENTIAL),NONE,GB10092,7 MONTHS AGO,68,SEMI FURNISHED,,
,0-4-0-2,,,,,,,,NONE,LAND (RESIDENTIAL),PILLAR SYSTEM,GB10658,1 MONTH AGO,33,,,
"Rs. 2,35,00,000 (Negotiable)
(Two crore thirty five lakh )",0-4-1-0,,,3,1,1,,4,NORTH,HOUSE (RESIDENTIAL),PILLAR SYSTEM,GB10709,1 MONTH AGO,55,SEMI FURNISHED,,
"Rs. 15,00,000
(Fifteen lakh )",0-7-3-0,,,,,,,,NONE,LAND (RESIDENTIAL),PILLAR SYSTEM,GB10476,3 MONTHS AGO,70,,,
"Rs. 82,00,000 (Negotiable)
(Eighty two lakh )",0-4-3-0,,,,,,,,NONE,LAND (RESIDENTIAL),PILLAR SYSTEM,GB09996,8 MONTHS AGO,102,,,
"Rs. 2,40,00,000 (Negotiable)
(Two crore forty lakh )",0-4-0-0,,,4,3,2,,2.5,EAST,HOUSE (RESIDENTIAL),PILLAR SYSTEM,GB10377,4 MONTHS AGO,153,FULLY FURNISHED,,
,0-3-1-3,,,3,1,1,3,2.5,NORTH,HOUSE (RESIDENTIAL),PILLAR SYSTEM,GB06797,4 MONTHS AGO,31088,SEMI FURNISHED,,
,0-12-1-0,4200 SQUARE FEET,,4,1,1,3,2,SOUTH-EAST,BUNGALOW (RESIDENTIAL),PILLAR SYSTEM,GB07665,5 MONTHS AGO,18928,NOT FURNISHED,,
,0-4-0-0,4300 SQUARE FEET,,9,,,3,,WEST,COMMERCIAL BUILDING (RESIDENTIAL),PILLAR SYSTEM,GB06211,4 YEARS AGO,2399,SEMI FURNISHED,,
,22-0-0-0,,,,,,,,EAST,LAND (COMMERCIAL/RESIDENTIAL),PILLAR SYSTEM,GB03598,4 YEARS AGO,2038,,,
"Rs. 3,75,00,000 (Negotiable)
(Three crore seventy five lakh )",0-6-0-0,,,9,3,4,6,3.5,NORTH,HOUSE (RESIDENTIAL),PILLAR SYSTEM,GB06908,3 YEARS AGO,7700,SEMI FURNISHED,,
"Rs. 1,35,00,000 (Negotiable)
(One crore thirty five lakh)",0-2-2-2,1565 SQUARE FEET,,4,1,2,3,2.5,SOUTH,HOUSE (RESIDENTIAL),PILLAR SYSTEM,GB06561,2 YEARS AGO,7428,SEMI FURNISHED,,
"Rs. 5,500 (Negotiable)
(Five thousand five hundred )",0-,,,1,,,,,NONE,HOUSE (RESIDENTIAL),NONE,GB10156,6 MONTHS AGO,39,NOT FURNISHED,,
"Rs. 81,00,000 (Negotiable)
(Eighty one lakh )",,,,,,,,,NORTH-WEST,LAND (RESIDENTIAL),NONE,GB06954,4 YEARS AGO,3823,,,
"Rs. 45,00,000 (Negotiable)
(45 lakh per anna)",0-12-1-0,,,,,,,,NORTH-WEST,LAND (COMMERCIAL/RESIDENTIAL),NONE,GB04545,6 YEARS AGO,8253,,,
"Rs. 28,00,000 (Negotiable)
(Twenty eight lakh per aana )",0-3-2-0,,,,,,,,SOUTH-EAST,LAND (RESIDENTIAL),PILLAR SYSTEM,GB06221,4 YEARS AGO,7395,,,
"Rs. 3,00,000 (Negotiable)
(Three lakh per ropani)",15-0-0-0,,,,,,,,NORTH-EAST,LAND (RESIDENTIAL),NONE,GB10022,7 MONTHS AGO,54,,,
"Rs. 3,50,000 (Negotiable)
(Three lakh fifty thousand )",13-8-0-0,,,,,,,,EAST,LAND (COMMERCIAL/RESIDENTIAL),NONE,GB02497,2 YEARS AGO,3990,,,
"Rs. 8,99,00,000 (Negotiable)
(Eight crore ninety nine lakh )",3 KATTHA,,,,,,,,NONE,LAND (RESIDENTIAL),NONE,GB03862,1 YEAR AGO,9054,,,
"Rs. 1,60,000 (Negotiable)
(One lakh sixty thousand )",0-,,,,,,,,NONE,HOUSE (RESIDENTIAL),NONE,GB10323,5 MONTHS AGO,142,NOT FURNISHED,,
