City,Address,Area(In Sq.Feet),Price(Float),Bedroom,Bathroom,Road,Face,Floors
 Lalitpur, Tikathali,1112.3125,17000000.0,2,1,13.0,North,1.0
 Kathmandu, Tarkeshwor,1026.75,17000000.0,5,2,10.0,East,2.0
 Kathmandu, Naxal,3336.9375,83500000.0,4,4,13.0,South East,3.0
 Kathmandu, Chandragiri,1711.25,22000000.0,6,3,10.0,East,3.0
 Lalitpur, Imadol,1197.875,28000000.0,7,3,18.0,North East,3.0
 Lalitpur, Tikathali,1369.0,35000000.0,6,5,10.0,North East,3.0
 Lalitpur, Mahalaxmi Nagarpalika,1026.75,18000000.0,4,3,13.0,North,3.0
 Kathmandu, Kalanki,1369.0,33500000.0,8,5,8.0,East,4.0
 Lalitpur, Nakkhu,1454.5625,36000000.0,4,5,13.0,South West,2.0
 Kathmandu, Ranibari,7101.6875,22000000.0,9,4,8.0,South East,3.0
 Lalitpur, Imadol,1112.3125,25500000.0,4,4,13.0,North East,3.0
 Lalitpur, Imadol,1197.875,28500000.0,4,4,13.0,North West,3.0
 Kathmandu, Bafal,4107.0,75000000.0,10,3,13.0,West,3.0
 Lalitpur, Kupondole,2053.5,62000000.0,6,3,13.0,South,3.0
 Lalitpur, Bhaisepati,1540.125,37500000.0,3,4,18.0,South,3.0
 Lalitpur, Hattiban,1026.75,20000000.0,3,2,14.0,South East,2.0
 Kathmandu, Sinamangal,2053.5,55100000.0,7,5,13.0,East,3.0
 Kathmandu, Gurujudhara,2738.0,50000000.0,7,6,13.0,South East,4.0
 Lalitpur, Imadol,1026.75,12900000.0,2,2,14.0,South,2.0
 Kathmandu, Gongabu,128.8,35000000.0,4,3,12.0,South,3.0
 Kathmandu, Budhanilkantha,1369.0,34000000.0,5,3,16.0,North East,2.0
 Kathmandu, Tokha,2909.125,70000000.0,5,7,18.0,North West,3.0
 Lalitpur, Imadol,1197.875,26500000.0,4,3,13.0,East,3.0
 Bhaktapur, Sipadol,1540.125,37500000.0,7,4,20.0,North,3.0
 Kathmandu, Naikap,2738.0,44000000.0,3,3,20.0,East,3.0
 Lalitpur, Tikathali,1283.4375,37500000.0,5,4,13.0,South East,2.5
 Lalitpur, Imadol,1240.65625,31500000.0,6,4,13.0,East,2.5
 Kathmandu, Sitapaila,3657.796875,73100000.0,4,4,18.0,South West,2.0
 Lalitpur, Mahalaxmi Nagarpalika,1197.875,26000000.0,6,4,13.0,South,2.5
 Kathmandu, Kapan,1369.0,27000000.0,11,3,10.0,South East,3.0
 Lalitpur, Imadol,1197.875,26500000.0,4,3,20.0,South,3.0
 Lalitpur, Imadol,1197.875,28500000.0,9,4,13.0,South,3.0
 Kathmandu, Dhumbarahi,1882.375,55000000.0,10,7,13.0,North,4.0
 Kathmandu, Sitapaila,2203.234375,53600000.0,3,4,20.0,North,3.5
 Lalitpur, Imadol,1219.265625,28500000.0,6,5,12.0,East,3.0
 Lalitpur, Imadol,2053.5,38500000.0,7,5,18.0,East,3.0
 Kathmandu, Budhanilkantha,2738.0,79000000.0,5,5,26.0,East,2.0
 Lalitpur, Hattiban,1369.0,32500000.0,5,4,13.0,South,3.0
 Lalitpur, Hattiban,1369.0,35000000.0,5,4,13.0,North East,3.5
 Lalitpur, Hattiban,1112.3125,29000000.0,6,4,13.0,West,2.5
 Kathmandu, Dallu,1026.75,41000000.0,6,3,16.0,South,3.0
 Kathmandu, Kageshwari-Manohara,1369.0,26500000.0,6,3,13.0,East,3.0
 Lalitpur, Imadol,1197.875,15500000.0,1,1,14.0,East,1.0
 Kathmandu, Budhanilkantha,1369.0,32500000.0,5,4,13.0,South,3.0
 Kathmandu, Budhanilkantha,1454.5625,42500000.0,5,4,13.0,West,3.0
 Kathmandu, Budhanilkantha,1711.25,43500000.0,6,5,13.0,North East,4.0
 Lalitpur, Imadol,1112.3125,25000000.0,5,4,13.0,East,3.5
 Lalitpur, Imadol,1026.75,24000000.0,4,3,13.0,East,2.5
 Lalitpur, Imadol,1026.75,23500000.0,4,4,13.0,South,2.5
 Lalitpur, Lubhu,1711.25,27500000.0,4,2,13.0,West,3.0
 Kathmandu, Kalanki,3508.0625,37000000.0,3,3,14.0,East,3.0
 Kathmandu, Koteshwor,1369.0,41500000.0,5,5,19.686,South,4.0
 Lalitpur, Imadol,1112.3125,26500000.0,5,4,13.0,North,3.0
 Kathmandu, Pepsicola,1005.359375,19000000.0,3,2,12.0,South East,4.0
 Kathmandu, Budhanilkantha,1711.25,37500000.0,8,2,20.0,West,2.0
 Kathmandu, Chappal Karkhana,3764.75,100000000.0,10,7,12.0,South East,4.0
 Bhaktapur, Madhyapur Thimi,1710.0,39800000.0,8,4,13.0,East,3.0
 Kathmandu, Basundhara,1369.0,30000000.0,4,4,10.0,South,3.0
 Kathmandu, Budhanilkantha,1026.75,22500000.0,4,3,13.0,South,2.0
 Lalitpur, Jhamsikhel,1026.75,41000000.0,6,5,13.0,South East,3.0
 Kathmandu, Kapan,941.1875,24500000.0,6,2,24.0,South,2.0
 Kathmandu, Jorpati,1796.8125,28500000.0,5,2,12.0,South,2.0
 Bhaktapur, Dadikot,1796.8125,15000000.0,2,2,4.0,West,2.0
 Bhaktapur, Balkot,3080.25,52500000.0,5,5,26.0,North,2.5
 Kathmandu, Budhanilkantha,8128.4375,49500000.0,5,5,15.0,South,2.5
 Kathmandu, Baluwatar,2053.5,75000000.0,8,9,11.0,South East,4.0
 Lalitpur, Sano Gaun,1796.8125,33900000.0,5,4,16.0,South East,4.0
 Lalitpur, Imadol,1112.3125,27000000.0,5,4,13.0,South,3.0
 Kathmandu, Budhanilkantha,6160.5,115000000.0,5,4,14.0,South West,3.0
 Lalitpur, Bhaisepati,1369.0,46500000.0,4,4,13.0,East,3.0
 Lalitpur, Bhaisepati,6160.5,210000000.0,6,4,22.0,East,3.0
 Kathmandu, Balkhu,2738.0,72500000.0,6,5,20.0,South,3.0
 Lalitpur, Imadol,1026.75,23500000.0,5,3,13.0,East,3.0
 Kathmandu, Chapali,5476.0,150000.0,5,4,13.0,East,3.0
 Lalitpur, Bhaisepati,1197.875,37500000.0,4,4,20.0,North East,4.0
 Kathmandu, Kadaghari,1197.875,27000000.0,6,3,13.0,North,3.0
 Lalitpur, Bhaisepati,1197.875,35000000.0,4,4,20.0,East,3.0
 Kathmandu, Budhanilkantha,2823.5625,77500000.0,5,5,20.0,East,3.0
 Kathmandu, Budhanilkantha,1796.8125,50000000.0,4,5,14.0,East,3.0
 Lalitpur, Imadol,1026.75,16000000.0,2,1,13.0,South West,1.0
 Kathmandu, Budhanilkantha,1625.6875,45000000.0,5,4,13.0,South,3.0
 Kathmandu, Budhanilkantha,1711.25,45000000.0,6,4,13.0,East,3.0
 Kathmandu, Budhanilkantha,1540.125,45000000.0,3,4,20.0,South West,3.0
 Kathmandu, Tokha,1411.78125,41000000.0,5,4,20.0,South East,3.0
 Lalitpur, Bhaisepati,1197.875,38000000.0,4,4,13.0,East,3.0
 Kathmandu, Tokha,1369.0,37500000.0,6,4,13.0,East,3.0
 Kathmandu, Budhanilkantha,2053.5,59500000.0,5,5,13.0,South,3.0
 Kathmandu, Budhanilkantha,1711.25,42500000.0,5,4,13.0,South East,3.0
 Kathmandu, Hattigauda,1882.375,45000000.0,5,4,13.0,East,3.0
 Kathmandu, Dhapasi,5476.0,135000000.0,6,7,13.0,East,3.0
 Lalitpur, Hattiban,1540.125,46000000.0,4,4,13.0,East,3.0
 Kathmandu, Dhapasi,1112.3125,23000000.0,4,3,13.0,North East,3.0
 Kathmandu, Kirtipur,1711.25,24000000.0,2,2,22.967,South West,1.0
 Lalitpur, Bhaisepati,2909.125,150000000.0,6,7,13.0,East,3.0
 Kathmandu, Budhanilkantha,770.0625,135000000.0,6,6,20.0,East,3.0
 Kathmandu, Budhanilkantha,1283.4375,42500000.0,5,5,16.0,South East,2.0
 Lalitpur, Bhaisepati,1882.375,53000000.0,4,4,13.0,South,2.0
 Lalitpur, Hattiban,2053.5,45000000.0,5,5,16.0,North,2.5
 Bhaktapur, Changunarayan,1283.4375,21000000.0,10,3,10.0,East,3.0
 Lalitpur, Godawari,1369.0,17500000.0,7,4,20.0,East,3.0
 Lalitpur, Imadol,1112.3125,20500000.0,4,4,13.0,North,3.0
 Kathmandu, Thankot,1711.25,27600000.0,4,3,20.0,East,3.0
 Lalitpur, Imadol,1197.875,31500000.0,4,4,13.0,North,3.0
 Lalitpur, Imadol,1026.75,23500000.0,4,4,13.0,North,3.0
 Kathmandu, Kapan,2053.5,29500000.0,6,3,8.0,East,3.0
 Kathmandu, Hattigauda,2224.625,36500000.0,5,3,13.0,North East,3.0
 Kathmandu, Sanobharyang,1796.8125,22000000.0,8,2,14.0,East,2.0
 Kathmandu, Bafal,1369.0,28500000.0,5,3,13.0,South West,2.0
 Kathmandu, Tarkeshwor,1197.875,36000000.0,6,4,13.0,North West,3.0
 Kathmandu, Thulo Bharyang,1197.875,32500000.0,5,4,13.0,South,3.0
 Kathmandu, Grande Villa,1668.46875,39000000.0,4,3,16.0,North,2.0
 Lalitpur, Nakhipot,1026.75,29000000.0,4,4,19.0,South,3.0
 Lalitpur, Jawalakhel,4107.0,95000000.0,4,3,26.0,North West,3.0
 Lalitpur, Thecho,3336.9375,79500000.0,5,5,13.0,South,3.0
 Lalitpur, Gwarko,1796.8125,35500000.0,6,5,14.0,South,3.0
 Lalitpur, Mahalaxmi Nagarpalika,1882.375,37500000.0,5,4,15.0,West,3.0
 Kathmandu, Dhumbarahi,2053.5,65000000.0,5,4,20.0,East,3.0
 Kathmandu, Ason,342.25,38000000.0,4,4,5.0,East,6.0
 Lalitpur, Dhapakhel,1711.25,28000000.0,6,3,13.0,East,3.0
 Bhaktapur, Duwakot,1369.0,20000000.0,5,3,33.0,North East,3.0
 Lalitpur, Mahalaxmisthan,1369.0,26500000.0,4,4,13.0,North West,3.0
 Lalitpur, Imadol,3080.25,33500000.0,1,1,13.0,South,1.0
 Bhaktapur, Bhaktapur,1026.75,20000000.0,4,3,20.0,South East,3.0
 Kathmandu, Chabahil,3422.5,70000000.0,10,6,32.81,North West,4.0
 Kathmandu, Sitapaila,1369.0,35500000.0,6,4,12.0,East,3.0
 Kathmandu, Sitapaila,1240.65625,23500000.0,7,3,13.0,East,2.0
 Kathmandu, Tokha,1112.3125,26000000.0,3,4,13.0,South West,3.0
 Lalitpur, Imadol,1347.609375,27000000.0,2,3,13.0,North East,3.0
 Kathmandu, Chandol,3251.375,112500000.0,4,4,20.0,East,3.0
 Lalitpur, Hattiban,2673.828125,57500000.0,5,5,24.0,West,3.0
 Kathmandu, Goldhunga,1711.25,29900000.0,8,4,10.0,West,4.0
 Bhaktapur, Changunarayan,1048.140625,18000000.0,5,3,13.0,South East,3.0
 Kathmandu, Mid Baneshwor,1732.640625,65000000.0,9,3,26.0,South East,4.0
 Kathmandu, Minbhawan,2738.0,80000000.0,12,4,18.0,East,4.0
 Kathmandu, Raniban,1711.25,47500000.0,5,5,13.0,South,3.0
 Kathmandu, Raniban,1026.75,30000000.0,3,3,13.0,West,2.0
 Lalitpur, Bhaisepati,1283.4375,30000000.0,4,3,13.0,West,3.0
 Kathmandu, Sanobharyang,1454.5625,36000000.0,7,3,16.0,West,3.0
 Lalitpur, Hattiban,7443.9375,25600000.0,4,4,11.0,East,2.0
 Kathmandu, Koteshwor,1369.0,30000000.0,6,3,15.0,North,3.0
 Kathmandu, Budhanilkantha,1433.171875,28000000.0,5,3,13.0,North West,3.0
 Kathmandu, Budhanilkantha,5818.25,95093750.0,7,5,16.0,South,3.0
 Lalitpur, Gwarko,4107.0,60000000.0,3,6,13.0,East,3.0
 Kathmandu, Kapan,1369.0,22000000.0,3,3,8.0,East,3.0
 Kathmandu, Basundhara,1882.375,32500000.0,6,3,15.0,South,2.5
 Lalitpur, Sunakothi,1369.0,35000000.0,3,3,18.0,East,2.0
 Kathmandu, Jorpati,1026.75,22500000.0,4,3,14.0,North West,3.0
 Kathmandu, Mandikatar,1711.25,35000000.0,5,4,13.0,East,2.0
 Lalitpur, Tikathali,1112.3125,19500000.0,5,3,13.0,North,3.0
 Kathmandu, Dhapasi,3422.5,61000000.0,4,3,12.0,East,3.0
 Kathmandu, Jorpati,1369.0,23000000.0,7,4,10.0,East,3.0
 Kathmandu, Chapali,4877.0625,69000000.0,3,3,20.0,South,2.0
 Kathmandu, Chundevi,2053.5,72500000.0,8,9,14.0,South East,4.0
 Kathmandu, Narephate,1369.0,31500000.0,5,4,14.0,West,3.0
 Kathmandu, Pepsicola,1197.875,23000000.0,5,5,11.0,North East,3.0
 Kathmandu, Koteshwor,1155.09375,29500000.0,5,3,26.0,North,3.0
 Kathmandu, Budhanilkantha,1540.125,32500000.0,5,4,14.0,West,3.0
 Lalitpur, Harisiddhi,1197.875,22000000.0,5,3,13.0,South,3.0
 Kathmandu, Basundhara,2139.0625,35000000.0,2,1,12.0,East,2.0
 Kathmandu, Budhanilkantha,7871.75,125000000.0,5,6,14.0,North,3.0
 Kathmandu, Budhanilkantha,3422.5,70000000.0,5,5,14.0,North,3.0
 Kathmandu, Kapan,1390.390625,28000000.0,6,3,13.0,North,3.0
 Kathmandu, Budhanilkantha,2395.75,57000000.0,4,4,13.0,South West,3.0
 Kathmandu, Minbhawan,1711.25,39000000.0,4,4,13.0,South West,3.0
 Kathmandu, Bohoratar,3422.5,48500000.0,4,4,13.0,West,2.0
 Kathmandu, Sitapaila,1283.4375,18500000.0,3,3,10.0,South,2.0
 Lalitpur, Godawari,1540.125,21000000.0,6,3,18.0,South East,2.0
 Lalitpur, Jharuwarashi,1647.078125,13000000.0,3,2,12.0,East,3.0
 Lalitpur, Imadol,855.625,20500000.0,4,3,13.0,North East,3.0
 Lalitpur, Imadol,1197.875,26000000.0,4,4,13.0,East,3.0
 Kathmandu, Balambu,1026.75,17000000.0,6,3,16.0,East,3.0
 Kathmandu, Gokarneshwor,1711.25,26000000.0,11,3,12.0,South East,3.0
 Kathmandu, Balaju,1796.8125,26000000.0,4,3,13.0,East,2.0
 Lalitpur, Imadol,1197.875,22500000.0,4,4,13.0,South,3.0
 Kathmandu, Budhanilkantha,2738.0,45000000.0,4,4,20.0,South,3.0
 Kathmandu, Budhanilkantha,3080.25,55000000.0,4,5,18.0,North,3.0
 Kathmandu, khahare,1796.8125,27000000.0,6,6,14.0,North West,3.0
 Lalitpur, Nakhipot,1369.0,28500000.0,5,5,22.0,South,3.0
 Kathmandu, Kadaghari,1112.3125,13000000.0,6,2,8.0,West,2.0
 Kathmandu, Budhanilkantha,1369.0,35000000.0,4,3,14.0,North,3.0
 Kathmandu, Balaju,3422.5,48500000.0,4,4,14.0,East,3.0
 Kathmandu, Baniyatar,1711.25,25000000.0,7,5,11.0,South,3.0
 Kathmandu, Budhanilkantha,2909.125,55000000.0,4,4,13.0,North East,2.0
 Lalitpur, Thaiba,4107.0,27000000.0,15,7,13.0,West,2.0
 Kathmandu, Syuchatar,1026.75,24800000.0,5,4,13.0,South,3.0
 Kathmandu, Chandragiri,1026.75,17000000.0,6,3,16.0,East,3.0
 Kathmandu, Goldhunga,1197.875,17800000.0,9,3,13.0,East,3.0
 Kathmandu, Swayambhu,2053.5,50000000.0,5,3,13.0,South,2.0
 Kathmandu, Basantapur,342.25,22500000.0,3,4,10.0,South East,6.0
 Bhaktapur, Sirutar,1711.25,26000000.0,3,3,13.0,South West,2.0
 Kathmandu, Kapan,1732.640625,29500000.0,7,3,13.0,South,3.0
 Kathmandu, Budhanilkantha,1369.0,37500000.0,6,5,13.0,North,3.0
 Kathmandu, Budhanilkantha,1369.0,33500000.0,6,5,13.0,North,3.0
 Kathmandu, Bansbari,4107.0,81600000.0,4,4,13.0,North East,3.0
 Kathmandu, Gothatar,1112.3125,15800000.0,2,1,13.0,East,2.0
 Kathmandu, Baluwatar,2224.625,65000000.0,5,5,20.0,West,3.0
 Kathmandu, Baluwatar,2738.0,56000000.0,4,4,13.0,North,3.0
 Kathmandu, Baghbazaar,1133.703125,35000000.0,9,7,10.0,North,5.0
 Lalitpur, Imadol,1197.84,21000000.0,4,4,13.0,East,3.0
 Lalitpur, Imadol,1026.75,21500000.0,4,4,13.0,East,3.0
 Lalitpur, Imadol,1197.875,24500000.0,4,4,13.0,East,3.0
 Lalitpur, Imadol,1026.75,21500000.0,4,3,13.0,East,3.0
 Lalitpur, Imadol,1197.875,22500000.0,4,4,13.0,East,3.0
 Lalitpur, Imadol,1369.0,33500000.0,8,5,13.0,South,4.0
 Lalitpur, Imadol,1026.75,21000000.0,4,4,13.0,North,3.0
 Lalitpur, Imadol,1369.0,29500000.0,6,4,13.0,South East,3.0
 Kathmandu, Budhanilkantha,2738.0,35000000.0,6,6,20.0,East,3.0
 Lalitpur, Sanepa,8214.0,240000000.0,5,5,13.0,East,2.0
 Kathmandu, Baghbazaar,1133.703125,35000000.0,9,5,12.0,North,5.0
 Kathmandu, Bhangal,1796.8125,33500000.0,4,4,12.0,South,3.0
 Kathmandu, Tarkeshwor,1561.515625,25000000.0,5,4,12.0,East,3.0
 Kathmandu, Chandragiri,1454.5625,29500000.0,7,4,14.0,West,2.0
 Lalitpur, Nakhipot,1197.875,26500000.0,5,4,13.0,North,4.0
 Kathmandu, Chandol,1369.0,35000000.0,5,4,12.0,North,2.0
 Kathmandu, Golfutar,1026.75,23000000.0,3,4,26.0,East,3.0
 Kathmandu, Basundhara,1796.8125,36000000.0,4,6,15.0,South East,3.5
 Lalitpur, Imadol,1048.140625,24000000.0,4,3,20.0,West,3.0
 Kathmandu, Dhapasi,1026.75,21000000.0,5,3,13.0,West,2.0
 Lalitpur, Dhobighat,7187.25,95000000.0,5,4,20.0,East,3.0
 Kathmandu, Chappal Karkhana,1839.59375,40000000.0,7,4,12.0,North,3.5
 Kathmandu, Buddhanagar,855.625,24500000.0,3,3,10.0,South,2.5
 Kathmandu, Gaurighat,1026.75,25000000.0,8,3,12.0,East,3.0
 Kathmandu, Budhanilkantha,1112.3125,16000000.0,4,3,10.0,East,3.0
 Kathmandu, Gokarneshwor,1369.0,13000000.0,3,1,14.0,South,1.0
 Kathmandu, Naxal,1369.0,80000000.0,6,5,14.0,East,4.0
 Kathmandu, Sano Bharyang,2053.5,50000000.0,5,3,13.0,South East,3.0
 Lalitpur, Patan,1283.4375,28000000.0,9,5,13.0,East,4.0
 Lalitpur, Imadol,1026.75,18500000.0,4,3,13.0,North,2.5
 Kathmandu, Sanobharyang,1454.5625,295000000.0,7,4,13.0,East,2.5
 Kathmandu, Sukedhara,1112.3125,28000000.0,10,3,25.0,South,4.0
 Kathmandu, Kalanki,1711.25,24000000.0,12,4,10.0,North,4.0
 Kathmandu, Budhanilkantha,3123.03125,60000000.0,7,4,13.0,East,2.5
 Lalitpur, Imadol,1026.75,18500000.0,4,4,13.0,North,2.5
 Lalitpur, Imadol,1197.875,23500000.0,4,4,13.0,South,2.5
 Kathmandu, Pepsicola,1112.3125,22200000.0,10,3,20.0,East,4.0
 Kathmandu, Narephate,1454.5625,50000000.0,5,4,12.0,South,3.0
 Kathmandu, Bohoratar,770.0625,7875000.0,3,1,20.0,South West,1.0
 Lalitpur, Chakupat,684.5,14000000.0,5,2,10.0,North,4.0
 Kathmandu, Budhanilkantha,1711.25,46000000.0,5,6,14.0,West,2.5
 Lalitpur, Sanepa,12663.25,266400000.0,4,4,20.0,South West,2.0
 Kathmandu, Budhanilkantha,3764.75,110000000.0,3,4,14.0,West,2.0
 Kathmandu, Mid Baneshwor,5476.0,100000000.0,3,3,10.0,North,2.0
 Lalitpur, Godawari,20535.0,180000000.0,4,4,20.0,North East,3.0
 Lalitpur, Imadol,1112.3125,21000000.0,5,4,20.0,West,8.0
 Lalitpur, Imadol,1112.3125,22500000.0,4,3,20.0,South,8.0
 Kathmandu, Mulpani,1754.03125,28000000.0,5,4,20.0,North,2.5
 Kathmandu, Samakhusi,1026.75,34500000.0,4,4,13.0,East,3.0
 Kathmandu, Boudha,1262.046875,26500000.0,5,3,13.0,North,2.5
 Kathmandu, Balaju,2053.5,25000000.0,3,3,14.0,South,3.0
 Kathmandu, Hattigauda,1711.25,34500000.0,5,5,13.0,South,3.0
 Kathmandu, Kageshwari-Manohara,705.890625,12500000.0,4,3,10.0,East,3.0
 Lalitpur, Satdobato,1625.6875,32500000.0,5,4,10.0,South East,3.0
 Lalitpur, Bhaisepati,1133.703125,28500000.0,4,4,13.0,East,2.0
 Kathmandu, Tokha,7786.1875,35000000.0,4,4,20.0,East,3.0
 Kathmandu, Koteshwor,1711.25,38000000.0,6,4,13.0,West,3.0
 Bhaktapur, Kausaltar,1369.0,32500000.0,6,4,20.0,South,3.0
 Kathmandu, Baluwatar,6738.046875,305156250.0,8,4,26.0,East,2.0
 Kathmandu, Dillibazar,1754.03125,42500000.0,8,4,13.5,West,4.0
 Lalitpur, Sano Gaun,1454.5625,22000000.0,3,4,20.0,South,3.0
 Kathmandu, Budhanilkantha,3080.25,63000000.0,5,5,22.0,North West,3.0
 Kathmandu, Pepsicola,855.625,15000000.0,4,2,13.0,North West,2.0
 Kathmandu, Battisputali,1540.125,43000000.0,6,6,15.0,South,3.0
 Kathmandu, Dillibazar,910.0,40000000.0,4,4,14.0,East,5.0
 Kathmandu, Ason,748.671875,80000000.0,8,4,25.0,South West,5.0
 Kathmandu, Sunderbasti,1967.9375,31500000.0,5,4,14.0,East,2.0
 Kathmandu, Kapan,1540.125,27200000.0,6,3,13.0,East,2.5
 Lalitpur, Imadol,1197.875,15000000.0,2,1,14.0,North West,1.0
 Lalitpur, Thaiba,1069.53125,17000000.0,4,3,20.0,North,3.0
 Kathmandu, Bafal,1540.125,24500000.0,7,3,13.0,North,2.5
 Lalitpur, Nakkhu,1540.125,29000000.0,4,5,15.0,South,2.5
 Lalitpur, Nakkhu,1369.0,29000000.0,4,5,20.0,East,2.5
 Lalitpur, Bhaisepati,1369.0,32500000.0,4,5,20.0,West,3.0
 Kathmandu, Thapagaun,1347.609375,36000000.0,7,4,20.0,North,3.0
 Lalitpur, Bhaisepati,1369.0,30000000.0,4,4,14.0,East,2.5
 Lalitpur, Bhaisepati,1219.265625,24500000.0,4,5,20.0,South,2.5
 Lalitpur, Imadol,1133.703125,22000000.0,5,5,13.0,East,2.5
 Lalitpur, Imadol,1197.875,25000000.0,5,3,20.0,West,2.5
 Lalitpur, Dhobighat,3080.25,150000000.0,6,7,16.0,East,3.0
 Kathmandu, Nagarjun,1240.65625,22000000.0,7,4,10.0,South,2.5
 Lalitpur, Imadol,1369.0,19500000.0,5,3,15.0,West,8.0
 Kathmandu, Buddhanagar,1711.25,56500000.0,10,5,16.0,East,3.0
 Kathmandu, Sitapaila,1197.875,21000000.0,5,2,13.0,South,2.0
 Kathmandu, Sukedhara,2053.5,42000000.0,5,5,14.0,East,3.0
 Kathmandu, Sanobharyang,1347.609375,31500000.0,7,2,16.0,North,2.0
 Kathmandu, Bafal,1026.75,23000000.0,6,2,10.0,South,2.0
 Lalitpur, Bhaisepati,1369.0,31000000.0,4,3,18.0,South East,3.0
 Kathmandu, Syuchatar,406.421875,22000000.0,4,2,14.0,North East,2.0
 Lalitpur, Sano Gaun,1369.0,21500000.0,5,2,20.0,East,2.0
 Lalitpur, Nakkhu,1197.875,26500000.0,4,4,20.0,South East,2.5
 Kathmandu, Baluwatar,1796.8125,55000000.0,4,5,12.0,South East,3.0
 Kathmandu, Tahachal,1882.375,55000000.0,7,8,15.0,North,2.0
 Bhaktapur, Balkot,1026.75,19000000.0,3,4,10.0,North,3.0
 Kathmandu, Maharajgunj,10952.0,350000000.0,6,6,17.0,East,3.0
 Lalitpur, Lalitpur,1369.0,34000000.0,5,3,16.0,South West,3.0
 Kathmandu, Chamati,1197.875,34000000.0,6,3,20.0,East,2.5
 Kathmandu, Chamati,877.015625,21500000.0,4,2,20.0,South East,3.0
 Kathmandu, Sitapaila,85.5625,26000000.0,8,5,14.0,West,3.0
 Kathmandu, Baniyatar,983.96875,19000000.0,4,3,14.0,North,2.5
 Kathmandu, Nepaltar,1197.875,25000000.0,10,5,15.0,North,3.5
 Kathmandu, Kapan,1540.125,42000000.0,6,4,20.0,South West,3.5
 Kathmandu, Golfutar,2139.0625,40000000.0,4,5,13.0,North,3.0
 Kathmandu, Raniban,1540.125,23500000.0,5,3,10.0,West,2.5
 Kathmandu, Ranibari,2738.0,44000000.0,3,1,20.0,East,1.0
 Lalitpur, Tikathali,1026.75,16500000.0,6,3,10.0,South,3.0
 Bhaktapur, Sipadol,1197.875,19500000.0,6,3,10.0,East,3.0
 Kathmandu, Budhanilkantha,941.1875,16000000.0,3,3,13.0,South West,3.0
 Kathmandu, Naikap,941.1875,17000000.0,5,5,13.0,East,2.0
 Kathmandu, Sanobharyang,1197.875,23000000.0,6,4,13.0,West,2.5
 Kathmandu, Bohoratar,1026.75,16500000.0,5,3,22.0,North,2.5
 Kathmandu, Satungal,1240.65625,18000000.0,5,4,13.0,East,2.5
 Kathmandu, Bafal,1369.0,31000000.0,6,3,16.0,South West,2.5
 Kathmandu, Baluwatar,1796.8125,55000000.0,6,6,13.0,East,6.0
 Kathmandu, Bafal,1197.875,22500000.0,5,3,13.0,East,2.5
 Kathmandu, Nagarjun,1197.875,30000000.0,4,3,16.0,East,2.5
 Kathmandu, Budhanilkantha,3080.25,55000000.0,4,4,20.0,South East,3.0
 Kathmandu, Budhanilkantha,2481.3125,58000000.0,5,5,20.0,East,3.0
 Kathmandu, Nagarjun,855.625,18500000.0,5,3,13.0,North East,2.5
 Kathmandu, Chhauni,1582.90625,27000000.0,5,2,8.0,South East,2.5
 Kathmandu, Nagarjun,1711.25,31500000.0,5,2,13.0,South East,2.0
 Kathmandu, Basundhara,6845.0,110000000.0,6,5,13.0,East,2.0
 Kathmandu, Budhanilkantha,4107.0,57000000.0,7,5,15.0,East,2.0
 Kathmandu, Budhanilkantha,2395.75,57500000.0,4,5,22.0,East,2.0
 Kathmandu, Baneshwor,1369.0,28500000.0,11,5,20.0,South,3.5
 Kathmandu, Minbhawan,6160.5,160000000.0,4,3,32.0,South,2.0
 Kathmandu, Budhanilkantha,1197.875,24500000.0,6,4,13.0,East,2.5
 Bhaktapur, Bode,7529.5,140000000.0,5,7,20.0,East,3.0
 Lalitpur, Patan,1026.75,24000000.0,7,4,13.0,West,4.0
 Lalitpur, Hattiban,1711.25,35000000.0,11,5,16.0,East,3.0
 Lalitpur, Sovahity,1026.75,20000000.0,4,3,10.0,South,2.5
 Lalitpur, Imadol,1796.8125,32500000.0,6,5,13.0,South East,3.0
 Kathmandu, Hattigauda,855.625,15000000.0,4,2,8.0,South,3.0
 Kathmandu, Boudha,1561.515625,20531250.0,4,3,16.0,South West,3.0
 Lalitpur, Imadol,1369.0,35000000.0,13,6,15.0,North,4.5
 Kathmandu, Hattigauda,6845.0,100000000.0,5,6,15.0,East,3.0
 Kathmandu, Jorpati,941.1875,13000000.0,5,2,8.0,North East,3.0
 Kathmandu, Budhanilkantha,4107.0,60000000.0,6,6,13.0,East,3.0
 Kathmandu, Tokha,1283.4375,23500000.0,7,6,15.0,East,3.0
 Kathmandu, Budhanilkantha,1796.8125,50000000.0,4,4,20.0,West,3.0
 Kathmandu, Pepsicola,1026.75,25000000.0,5,4,18.0,North East,2.5
 Kathmandu, Maharajgunj,2738.0,48000000.0,7,6,10.0,South,3.0
 Lalitpur, Imadol,1882.375,31000000.0,6,3,12.0,East,3.0
 Kathmandu, Budhanilkantha,1026.75,25000000.0,9,3,13.0,South,3.0
 Lalitpur, Imadol,1026.75,21000000.0,5,4,12.0,West,2.5
 Lalitpur, Imadol,1026.75,19500000.0,5,4,12.0,East,2.5
 Kathmandu, Syuchatar,1454.5625,21000000.0,5,4,16.0,West,2.0
 Kathmandu, Syuchatar,1369.0,25000000.0,7,5,13.0,North East,3.0
 Kathmandu, Naikap,1369.0,22500000.0,5,4,14.0,North East,2.0
 Kathmandu, Syuchatar,1369.0,24500000.0,7,4,13.0,East,2.0
 Kathmandu, Syuchatar,1283.4375,22400000.0,6,4,13.0,North East,3.0
 Lalitpur, Imadol,1197.875,21400000.0,4,4,13.0,North East,2.5
 Lalitpur, Imadol,1026.75,12500000.0,2,1,13.0,East,1.5
 Kathmandu, Budhanilkantha,1369.0,22000000.0,6,4,15.0,East,3.0
 Kathmandu, Koteshwor,2139.0625,46500000.0,7,4,20.0,North,4.0
 Kathmandu, Mandikatar,17797.0,260000000.0,5,4,18.0,East,3.0
 Kathmandu, Pasikot,6845.0,70000000.0,5,5,13.0,South,3.0
 Kathmandu, Dhumbarahi,2395.75,45000000.0,10,10,12.0,East,4.0
 Kathmandu, Chandol,1369.0,33500000.0,4,5,16.0,East,3.0
 Kathmandu, Budhanilkantha,4107.0,72000000.0,5,6,15.0,South East,3.0
 Kathmandu, Budhanilkantha,2738.0,42500000.0,5,5,13.0,East,3.0
 Kathmandu, Budhanilkantha,2652.4375,59000000.0,4,6,20.0,South East,3.0
 Kathmandu, Bhangal,1454.5625,16500000.0,5,4,13.0,South West,3.0
 Kathmandu, Boudha,1026.75,19000000.0,6,3,8.0,East,3.0
 Kathmandu, Budhanilkantha,2139.0625,32000000.0,4,6,20.0,North,3.0
 Kathmandu, Budhanilkantha,3764.75,85000000.0,8,8,13.0,South,3.0
 Kathmandu, Budhanilkantha,2053.5,36000000.0,5,7,14.0,East,3.0
 Kathmandu, Bansbari,2738.0,47500000.0,4,5,16.0,East,2.0
 Kathmandu, Budhanilkantha,2738.0,45000000.0,5,7,20.0,South East,3.0
 Kathmandu, Bansbari,2053.5,36000000.0,6,6,10.0,South East,3.0
 Kathmandu, Sunderbasti,1796.8125,26500000.0,6,5,12.0,East,3.0
 Kathmandu, Baneshwor,2738.0,47500000.0,5,4,10.0,West,2.5
 Lalitpur, Nakhipot,3058.859375,57500000.0,6,5,20.0,West,3.0
 Kathmandu, Bansbari,2738.0,45000000.0,6,5,16.0,North West,3.0
 Kathmandu, Golfutar,6502.75,100000000.0,6,6,13.0,East,3.0
 Kathmandu, Golfutar,2139.0625,43000000.0,4,4,20.0,South East,3.0
 Kathmandu, Budhanilkantha,7187.25,100000000.0,5,7,15.0,South,3.0
 Kathmandu, Samakhusi,2395.75,55000000.0,7,7,20.0,North,3.0
 Kathmandu, Samakhusi,1369.0,32000000.0,6,6,15.0,East,3.0
 Kathmandu, Chappal Karkhana,1026.75,32000000.0,4,5,13.0,South West,3.0
 Kathmandu, Maharajgunj,6160.5,169999992.0,7,4,12.0,East,3.0
 Kathmandu, Budhanilkantha,1540.125,25000000.0,7,5,12.0,North West,2.0
 Kathmandu, Baluwatar,770.0625,23000000.0,4,2,15.0,East,3.0
 Kathmandu, Baneshwor,7529.5,150000000.0,8,5,14.0,East,2.0
 Kathmandu, Budhanilkantha,2053.5,45000000.0,5,6,26.0,East,3.0
 Lalitpur, Balkumari,3508.0625,47000000.0,4,4,20.0,South,2.0
 Bhaktapur, Balkot,2395.75,70000000.0,5,9,14.0,East,2.0
 Kathmandu, Kalanki,1454.5625,38000000.0,9,5,26.0,South East,4.0
 Kathmandu, Kadaghari,1048.140625,19000000.0,6,3,13.0,South,3.5
 Kathmandu, Sitapaila,1369.0,30000000.0,6,4,11.0,North West,2.0
 Kathmandu, Pepsicola,1112.3125,21500000.0,6,6,13.0,East,2.5
 Lalitpur, Jawalakhel,1069.53125,39800000.0,6,5,14.0,South East,3.0
 Kathmandu, Kadaghari,1112.3125,21000000.0,6,4,13.0,West,2.5
 Kathmandu, Sitapaila,2053.5,29000000.0,6,4,10.0,East,3.0
 Lalitpur, Lubhu,1219.265625,17000000.0,5,5,13.0,East,4.0
 Kathmandu, Kapan,1454.5625,26500000.0,11,4,13.0,East,3.0
 Kathmandu, Gokarneshwor,1112.3125,10500000.0,2,2,12.0,South East,1.5
 Kathmandu, Gyaneshwor,2224.625,56000000.0,6,5,15.0,South,3.0
 Lalitpur, Mahalaxmi Nagarpalika,1283.4375,21500000.0,2,4,12.0,North,3.0
 Kathmandu, Tarkeshwor,1454.5625,18000000.0,4,3,26.0,South,3.0
 Lalitpur, Mahalaxmisthan,1026.75,12500000.0,2,1,15.0,South,1.0
 Kathmandu, Pasikot,1796.8125,28000000.0,8,3,14.0,East,3.0
 Bhaktapur, Duwakot,1369.0,14500000.0,6,3,10.0,North,3.0
 Bhaktapur, Bhaktapur,1369.0,8000000.0,3,1,8.0,East,1.0
 Kathmandu, Kavresthali,1454.5625,24000000.0,5,3,13.0,East,2.0
 Lalitpur, Imadol,1197.875,25000000.0,5,3,13.0,South West,2.5
 Lalitpur, Imadol,1197.875,28700000.0,5,4,13.0,East,2.5
 Lalitpur, Tikathali,941.1875,11200000.0,2,1,13.0,East,1.5
 Lalitpur, Imadol,941.1875,11500000.0,2,1,13.0,West,1.5
 Lalitpur, Hattiban,1711.25,46000000.0,5,4,14.0,East,2.0
 Kathmandu, Guheshwori,919.796875,21500000.0,8,4,13.0,West,2.0
 Lalitpur, Imadol,1112.3125,19500000.0,6,3,12.0,South,2.5
 Lalitpur, Bhaisepati,1369.0,25000000.0,6,4,13.0,North,3.0
 Kathmandu, Kageshwari-Manohara,1048.140625,18500000.0,6,3,13.0,South West,3.0
 Kathmandu, Lazimpat,2139.0625,69000000.0,18,9,14.0,East,4.0
 Kathmandu, Bhatbhateni,4107.0,110000000.0,5,5,15.0,East,3.0
 Lalitpur, Tikathali,1561.515625,19500000.0,5,4,15.0,South East,2.0
 Kathmandu, Gairidhara,1711.25,53500000.0,5,7,15.0,East,4.0
 Bhaktapur, Suryabinayak,1369.0,28500000.0,12,3,13.0,East,3.0
 Kathmandu, Thulo Bharyang,1197.875,25500000.0,3,3,12.0,East,8.0
 Kathmandu, Thali,1369.0,15000000.0,2,1,18.0,North East,1.0
 Kathmandu, Chandol,3379.71875,80000000.0,5,6,20.0,East,2.5
 Lalitpur, Sanepa,1540.125,32500000.0,6,4,12.0,East,3.0
 Kathmandu, Bishal Nagar,2738.0,48000000.0,6,3,12.0,North West,3.0
 Kathmandu, Dhapasi,4877.0625,55000000.0,5,3,14.0,East,3.0
 Kathmandu, Basundhara,1026.75,30000000.0,6,3,5.0,South,3.0
 Lalitpur, Ekantakuna,4107.0,45000000.0,3,3,15.0,West,2.0
 Kathmandu, Lazimpat,2738.0,60000000.0,11,3,20.0,East,2.0
 Kathmandu, Kapan,1796.8125,23500000.0,5,5,13.0,South West,3.0
 Kathmandu, Baneshwor,2738.0,80000000.0,13,4,14.0,East,4.0
 Kathmandu, Budhanilkantha,2823.5625,58000000.0,9,4,20.0,East,3.0
 Lalitpur, Imadol,748.671875,13500000.0,3,2,18.0,West,2.0
 Kathmandu, Budhanilkantha,10267.5,180000000.0,7,7,15.0,East,3.0
 Kathmandu, Kalanki,4192.5625,160000000.0,20,5,20.0,East,5.0
 Kathmandu, Kamaladi,3529.453125,220000000.0,16,4,20.0,East,4.0
 Kathmandu, Hattigauda,1711.25,33400000.0,5,5,13.0,South West,3.0
 Kathmandu, Samakhusi,5476.0,140000000.0,12,4,20.0,East,4.0
 Kathmandu, Kirtipur,1283.4375,17000000.0,6,3,12.0,South East,3.0
 Kathmandu, Tinkune,3422.5,60000000.0,6,3,14.0,East,2.0
 Lalitpur, Lalitpur,4877.0625,51000000.0,8,4,14.0,East,3.0
 Kathmandu, Mulpani,2738.0,49800000.0,5,6,20.0,East,3.0
 Kathmandu, Ravi Bhawan,18567.0625,217000000.0,11,4,14.0,East,4.0
 Lalitpur, Khumaltar,3422.5,60000000.0,6,2,14.0,North,2.0
 Kathmandu, Hattigauda,1711.25,31000000.0,6,5,13.0,North,3.0
 Kathmandu, Ghattekulo,4877.0625,100000000.0,8,4,14.0,East,3.0
 Kathmandu, Dallu,2481.3125,55000000.0,7,3,14.0,South,3.0
 Kathmandu, Sanobharyang,1112.3125,23000000.0,5,3,14.0,East,3.0
 Lalitpur, Chakupat,1625.6875,35000000.0,5,3,13.0,South,3.0
 Kathmandu, Mandikatar,120.0,25000000.0,7,5,13.0,West,3.0
 Kathmandu, Nepaltar,1197.875,25000000.0,8,5,13.0,East,3.0
 Kathmandu, Banasthali,3508.0625,50000000.0,7,4,14.0,East,3.0
 Lalitpur, Bhaisepati,1475.953125,27500000.0,5,3,20.0,East,2.0
 Kathmandu, Dillibazar,1283.4375,56000000.0,20,6,20.0,East,6.0
 Kathmandu, Basundhara,4107.0,62500000.0,8,4,20.0,North,3.0
 Lalitpur, Imadol,1026.75,16000000.0,5,3,12.0,East,3.0
 Kathmandu, Golfutar,1197.875,23000000.0,5,5,33.0,North,3.0
 Kathmandu, Basundhara,1711.25,35000000.0,6,7,15.0,East,3.0
 Kathmandu, Chabahil,10952.0,150000000.0,5,6,15.0,East,3.0
 Kathmandu, Chandragiri,855.625,12900000.0,4,3,13.0,South,3.0
 Kathmandu, Tokha,1882.375,25000000.0,7,6,18.0,West,3.0
 Kathmandu, Golfutar,6673.875,110000000.0,6,3,20.0,East,2.0
 Kathmandu, Banasthali,4385.078125,100000000.0,5,6,13.0,East,3.0
 Kathmandu, Baluwatar,4406.46875,100000000.0,10,8,20.0,North,3.5
 Kathmandu, Sukedhara,1369.0,32500000.0,6,4,12.0,South East,2.5
 Kathmandu, Chapali,1540.125,39900000.0,5,4,14.0,North West,3.0
 Kathmandu, Budhanilkantha,1711.25,15000000.0,2,2,12.0,South,1.0
 Kathmandu, Sitapaila,1369.0,25500000.0,6,6,13.0,East,3.0
 Kathmandu, Budhanilkantha,2738.0,52500000.0,5,5,20.0,South East,3.0
 Kathmandu, Budhanilkantha,1369.0,26500000.0,6,6,13.0,East,3.0
 Bhaktapur, Sipadol,1197.875,19000000.0,7,3,10.0,East,3.0
 Kathmandu, Budhanilkantha,6502.75,55000000.0,5,6,20.0,South,3.0
 Kathmandu, Sitapaila,1369.0,24000000.0,4,4,13.0,East,2.5
 Kathmandu, Dhapasi,2139.0625,37000000.0,6,6,32.0,South East,3.0
 Kathmandu, Golfutar,6502.75,102500000.0,6,6,13.0,East,3.0
 Lalitpur, Imadol,1197.875,21000000.0,4,3,13.0,East,2.5
 Lalitpur, Imadol,1026.75,17500000.0,5,3,13.0,South,3.0
 Kathmandu, Baluwatar,3422.5,130000000.0,5,6,15.0,East,3.0
 Kathmandu, Budhanilkantha,7187.25,105000000.0,8,8,15.0,East,4.0
 Kathmandu, Budhanilkantha,1369.0,105000000.0,5,5,15.0,South,3.0
 Kathmandu, Mandikatar,2395.75,40000000.0,7,7,15.0,East,4.0
 Kathmandu, Kapan,1369.0,27500000.0,6,5,16.0,East,3.0
 Kathmandu, Hattigauda,1711.25,26500000.0,6,6,14.0,West,3.0
 Kathmandu, Budhanilkantha,3764.75,60000000.0,6,6,15.0,South East,3.0
 Kathmandu, Budhanilkantha,1112.3125,22500000.0,6,6,18.0,North East,3.0
 Kathmandu, Baluwatar,10267.5,250000000.0,6,5,15.0,East,3.0
 Kathmandu, Tokha,3080.25,40000000.0,9,6,13.0,East,4.0
 Kathmandu, Sukedhara,1454.5625,30000000.0,6,5,15.0,East,3.0
 Kathmandu, Maligaon,4107.0,65000000.0,6,6,14.0,East,3.0
 Kathmandu, Budhanilkantha,1711.25,33000000.0,5,6,13.0,North,3.0
 Kathmandu, Budhanilkantha,1369.0,30500000.0,5,5,13.0,West,2.0
 Kathmandu, Mandikatar,1112.3125,14000000.0,2,2,13.0,South West,1.0
 Kathmandu, Budhanilkantha,1369.0,28000000.0,6,6,13.0,South East,3.0
 Kathmandu, Tokha,1369.0,41000000.0,10,5,26.0,South East,4.0
 Kathmandu, Budhanilkantha,1796.8125,27000000.0,6,6,14.0,East,3.0
 Kathmandu, Tokha,1112.3125,22000000.0,5,5,13.0,East,3.0
 Kathmandu, Budhanilkantha,2738.0,37000000.0,5,5,15.0,South East,3.0
 Kathmandu, Naikap,1369.0,22500000.0,5,3,13.0,East,3.0
 Kathmandu, Jorpati,1197.875,21000000.0,5,3,12.0,South West,3.0
 Kathmandu, Makalbari,1475.953125,20000000.0,7,3,10.0,West,2.5
 Kathmandu, Dhapasi,2994.6875,40000000.0,8,4,12.0,South,3.0
 Lalitpur, Imadol,1026.75,12500000.0,2,1,20.0,West,1.0
 Lalitpur, Imadol,1112.3125,19500000.0,5,3,20.0,East,2.5
 Kathmandu, Manamaiju,1411.78125,26000000.0,8,4,16.0,South,3.0
 Lalitpur, Imadol,1026.75,23500000.0,6,4,10.0,North,3.0
 Kathmandu, Kalanki,1369.0,17000000.0,4,3,10.0,North West,2.5
 Lalitpur, Imadol,1112.3125,12500000.0,2,1,13.0,South,1.5
 Lalitpur, Imadol,1155.09375,12500000.0,2,1,13.0,West,1.5
 Lalitpur, Tikathali,1026.75,12500000.0,2,1,13.0,South,1.5
 Lalitpur, Imadol,1197.875,19000000.0,4,3,13.0,North West,2.5
 Kathmandu, Kadaghari,1369.0,15500000.0,2,1,20.0,South West,1.5
 Lalitpur, Imadol,1369.0,22000000.0,5,3,10.0,North West,2.5
 Lalitpur, Godawari,1711.25,12500000.0,3,1,16.0,West,2.0
 Lalitpur, Imadol,1026.75,13000000.0,4,2,13.0,North East,1.5
 Lalitpur, Tikathali,941.1875,11000000.0,2,1,13.0,West,1.5
 Lalitpur, Bhaisepati,1625.6875,31500000.0,4,4,12.0,South,3.0
 Kathmandu, Tokha,1711.25,30000000.0,6,5,14.0,North,3.0
 Lalitpur, Harisiddhi,1090.921875,20000000.0,3,3,18.0,South East,3.0
 Kathmandu, Budhanilkantha,2738.0,57500000.0,4,5,20.0,South West,3.0
 Kathmandu, Sankhamul,1240.65625,35000000.0,7,3,12.0,West,2.5
 Kathmandu, Chabahil,1112.3125,25000000.0,6,4,20.0,East,4.0
 Kathmandu, Golfutar,1369.0,37000000.0,5,6,20.0,South,3.0
 Kathmandu, Golfutar,1369.0,37000000.0,5,5,20.0,South,3.0
 Kathmandu, Sukedhara,2053.5,45000000.0,6,6,20.0,East,3.0
 Kathmandu, Manamaiju,7443.9375,17000000.0,5,3,12.0,East,3.0
 Kathmandu, Narephate,2053.5,33000000.0,6,4,20.0,East,2.5
 Kathmandu, Goldhunga,1026.75,16500000.0,6,3,10.0,South East,2.5
 Kathmandu, Sitapaila,1283.4375,20500000.0,4,4,13.0,East,2.5
 Lalitpur, Imadol,7786.1875,25000000.0,7,6,13.0,North East,3.0
 Lalitpur, Imadol,1369.0,21000000.0,4,5,20.0,South West,1.0
 Kathmandu, Gairidhara,1711.25,55000000.0,4,5,14.0,East,3.0
 Kathmandu, Sanobharyang,1112.3125,22500000.0,6,5,14.0,East,3.0
 Kathmandu, Budhanilkantha,2053.5,45000000.0,5,6,13.0,North East,3.0
 Kathmandu, Golfutar,6502.75,102500000.0,6,6,13.0,East,3.0
 Kathmandu, Swayambhu,1026.75,23500000.0,6,5,13.0,East,3.0
 Kathmandu, Kadaghari,1197.875,13000000.0,2,1,10.0,East,1.0
 Kathmandu, Budhanilkantha,1369.0,32500000.0,5,5,13.0,East,3.0
 Kathmandu, Satungal,1711.25,26000000.0,11,9,13.0,North,3.0
 Kathmandu, Baluwatar,2053.5,61000000.0,5,6,14.0,North,3.0
 Lalitpur, Dhapakhel,855.625,17700000.0,3,4,12.0,West,2.5
 Kathmandu, Chapali,1711.25,24000000.0,7,8,13.0,South East,4.0
 Kathmandu, Pasikot,1026.75,16800000.0,5,5,14.0,North East,3.0
 Kathmandu, Budhanilkantha,2738.0,42000000.0,5,5,20.0,East,3.0
 Kathmandu, Budhanilkantha,1026.75,22500000.0,5,5,14.0,South East,3.0
 Kathmandu, Budhanilkantha,2139.0625,34000000.0,6,6,30.0,North East,3.0
 Kathmandu, Balaju,4534.8125,29150000.0,1,1,10.0,East,1.0
 Kathmandu, Chapali,4107.0,42500000.0,5,6,14.0,South East,3.0
 Kathmandu, Baluwatar,1711.25,39000000.0,7,3,10.0,North,2.5
 Lalitpur, Bhaisepati,2481.3125,37500000.0,8,6,12.0,North West,4.0
 Kathmandu, Tinthana,1026.75,16000000.0,5,3,13.0,East,2.5
 Lalitpur, Tikathali,1369.0,21500000.0,6,4,20.0,West,2.5
 Kathmandu, Baluwatar,2053.5,60000000.0,5,5,13.0,South,2.5
 Kathmandu, Pasikot,4107.0,55000000.0,5,5,22.0,North,2.0
 Kathmandu, Pasikot,7187.25,81000000.0,6,6,15.0,East,3.0
 Kathmandu, Thankot,1026.75,13000000.0,6,2,23.0,West,3.0
 Kathmandu, Naxal,4107.0,65000000.0,6,5,12.0,East,2.0
 Kathmandu, Gairigaun,3080.25,80000000.0,16,10,8.0,South,4.0
 Kathmandu, Bafal,1369.0,31000000.0,7,3,10.0,South,3.0
 Kathmandu, Dhapasi,2738.0,65000000.0,5,6,22.0,South East,3.0
 Lalitpur, Tikathali,1369.0,20000000.0,5,2,15.0,East,4.0
 Lalitpur, Imadol,1369.0,23500000.0,6,4,13.0,West,3.0
 Bhaktapur, Balkot,1754.03125,39500000.0,4,3,28.0,South,3.0
 Kathmandu, Shantinagar,2652.4375,43500000.0,7,3,13.0,West,3.0
 Kathmandu, Budhanilkantha,7187.25,160000000.0,6,6,20.0,East,3.0
 Kathmandu, Samakhusi,4449.25,85000000.0,5,6,20.0,East,3.0
 Kathmandu, Golfutar,2053.5,45000000.0,6,6,15.0,East,3.0
 Kathmandu, Samakhusi,3764.75,61000000.0,12,8,13.0,East,4.0
 Kathmandu, Chabahil,1796.8125,49500000.0,5,5,14.0,East,3.0
 Kathmandu, Baniyatar,1454.5625,24000000.0,6,6,15.0,North East,3.0
 Kathmandu, Basundhara,3422.5,60000000.0,7,7,15.0,South,3.0
 Kathmandu, Basundhara,2738.0,45000000.0,6,6,20.0,South West,3.0
 Kathmandu, Basundhara,1112.3125,22500000.0,5,5,14.0,East,3.0
 Kathmandu, Budhanilkantha,5818.25,62000000.0,5,6,14.0,South West,3.0
 Kathmandu, Dhapasi,4107.0,69000000.0,7,7,20.0,South East,3.0
 Kathmandu, Golfutar,2053.5,45000000.0,6,7,15.0,East,3.0
 Kathmandu, Sukedhara,2053.5,42000000.0,8,7,20.0,South East,4.0
 Lalitpur, Imadol,1197.875,13000000.0,2,1,10.0,North East,1.35
 Lalitpur, Imadol,1090.921875,12700000.0,2,1,10.0,North,1.5
 Lalitpur, Imadol,855.625,11000000.0,2,1,16.0,West,1.5
 Kathmandu, Budhanilkantha,1197.875,19000000.0,8,4,10.0,North,3.0
 Lalitpur, Tikathali,1411.78125,15000000.0,2,1,16.0,North East,1.5
 Lalitpur, Tikathali,1026.75,11000000.0,2,1,13.0,East,1.5
 Kathmandu, Bhangal,1369.0,23000000.0,5,5,13.0,West,3.0
 Kathmandu, Baluwatar,2139.0625,60000000.0,5,6,13.0,East,4.0
 Kathmandu, Samakhusi,2395.75,55000000.0,5,6,14.0,South,3.0
 Kathmandu, Basundhara,7443.9375,25500000.0,7,6,14.0,South West,4.0
 Lalitpur, Imadol,1796.8125,12000000.0,4,1,4.0,North East,1.5
 Lalitpur, Tikathali,1026.75,130000.0,2,1,15.0,East,1.0
 Lalitpur, Imadol,7443.9375,23500000.0,4,4,13.0,West,3.0
 Kathmandu, Sano Bharyang,1026.75,235000000.0,5,5,13.0,East,3.0
 Kathmandu, Mandikatar,1369.0,27600000.0,7,6,13.0,East,3.0
 Kathmandu, Dhungedhara,1026.75,24000000.0,5,5,14.0,East,3.0
 Kathmandu, Budhanilkantha,7529.5,70000000.0,6,7,15.0,East,3.0
 Kathmandu, Budhanilkantha,7187.25,160000000.0,10,10,20.0,East,4.0
 Kathmandu, Baluwatar,2053.5,42500000.0,6,6,15.0,South East,3.0
 Kathmandu, Budhanilkantha,1112.3125,18000000.0,5,5,13.0,North,3.0
 Kathmandu, Budhanilkantha,6845.0,145000000.0,5,6,18.0,East,3.0
 Kathmandu, Bhangal,1369.0,27500000.0,6,6,14.0,East,3.0
 Kathmandu, Shantinagar,1711.25,33000000.0,5,3,15.0,West,2.5
 Lalitpur, Satdobato,7358.375,79550000.0,5,4,8.0,South,3.0
 Lalitpur, Imadol,1369.0,21000000.0,4,5,20.0,South West,2.5
 Lalitpur, Bhaisepati,1647.078125,28500000.0,5,4,13.0,South East,3.0
 Kathmandu, Chapali,3165.8125,42000000.0,7,6,13.0,East,3.0
 Lalitpur, Gwarko,1048.140625,21000000.0,3,2,13.0,South,2.5
 Kathmandu, Basundhara,4791.5,85000000.0,7,8,14.0,East,3.0
 Kathmandu, Gothatar,1026.75,18500000.0,3,3,14.0,East,2.5
 Kathmandu, Kapan,1026.75,17000000.0,4,5,16.0,West,3.0
 Kathmandu, Mandikatar,1369.0,32500000.0,8,6,20.0,South East,3.0
 Kathmandu, Budhanilkantha,1369.0,29800000.0,5,5,15.0,East,3.0
 Kathmandu, Budhanilkantha,1711.25,29900000.0,7,6,20.0,South West,3.0
 Kathmandu, Hattigauda,2139.0625,33500000.0,5,5,14.0,North West,3.0
 Kathmandu, Basundhara,1967.9375,49000000.0,6,6,14.0,South,3.0
 Kathmandu, Tokha,1026.75,21000000.0,6,6,13.0,East,3.0
 Kathmandu, Golfutar,6502.75,100000000.0,6,6,13.0,East,3.0
 Kathmandu, Hattigauda,2053.5,45000000.0,5,5,13.0,North,3.0
 Kathmandu, Tokha,1369.0,33500000.0,6,6,14.0,South East,3.0
 Kathmandu, Hattigauda,1369.0,28500000.0,5,5,15.0,North,3.0
 Kathmandu, Basundhara,3764.75,50000000.0,5,5,16.0,East,3.0
 Kathmandu, Naya Bazar,1711.25,35000000.0,5,5,20.0,East,3.0
 Kathmandu, Budhanilkantha,3165.8125,49000000.0,5,5,13.0,West,3.0
 Kathmandu, Thulo Bharyang,2395.75,39000000.0,5,5,15.0,East,3.0
 Kathmandu, Budhanilkantha,1711.25,44500000.0,5,5,16.0,South,3.0
 Kathmandu, Basundhara,1454.5625,29800000.0,5,5,16.0,East,3.0
 Kathmandu, Baneshwor,1369.0,38700000.0,6,5,15.0,East,3.0
 Kathmandu, Syuchatar,1625.6875,16500000.0,4,2,18.0,South,1.5
 Kathmandu, Thulo Bharyang,4962.625,155000000.0,9,6,20.0,North,5.5
 Kathmandu, Tinkune,8128.4375,32500000.0,4,3,11.0,East,2.0
 Lalitpur, Dhobighat,6845.0,90000000.0,4,2,16.0,South,2.5
 Kathmandu, Sitapaila,1369.0,21000000.0,6,5,14.0,East,2.5
 Lalitpur, Imadol,1112.3125,21500000.0,5,3,20.0,East,2.5
 Kathmandu, Kapan,1197.875,18200000.0,5,5,13.0,East,3.0
 Kathmandu, Kapan,1369.0,26000000.0,6,5,14.0,East,3.0
 Kathmandu, Swayambhu,2395.75,39000000.0,5,5,14.0,East,3.0
 Kathmandu, Hattigauda,2139.0625,33500000.0,5,5,13.0,North West,3.0
 Kathmandu, Basundhara,2395.75,39900000.0,5,6,14.0,East,3.0
 Kathmandu, Mandikatar,1369.0,32500000.0,8,7,20.0,South East,4.0
 Kathmandu, Budhanilkantha,1711.25,29000000.0,5,5,14.0,South,3.0
 Kathmandu, Budhanilkantha,2053.5,36000000.0,5,5,13.0,East,3.0
 Kathmandu, Golfutar,3080.25,47500000.0,4,5,15.0,East,3.0
 Lalitpur, Imadol,1540.125,22000000.0,7,4,13.0,South,3.5
 Lalitpur, Imadol,1197.875,20000000.0,6,3,13.0,North,2.5
 Kathmandu, Samakhusi,1454.5625,23000000.0,6,5,13.0,North West,3.0
 Kathmandu, Hattigauda,1369.0,24500000.0,6,5,22.0,North East,3.0
 Kathmandu, Bhangal,1369.0,23800000.0,6,6,18.0,East,3.0
 Kathmandu, Budhanilkantha,1796.8125,31000000.0,5,5,14.0,South West,3.0
 Kathmandu, Grande Villa,2481.3125,39000000.0,6,6,15.0,South,3.0
 Kathmandu, Tokha,1369.0,29000000.0,6,5,13.0,South,3.0
 Kathmandu, Grande Villa,1454.5625,25000000.0,6,5,13.0,South,3.0
 Kathmandu, Maharajgunj,3080.25,67500000.0,5,5,20.0,South East,3.0
 Kathmandu, Maharajgunj,2738.0,56000000.0,5,5,15.0,South,3.0
 Kathmandu, Samakhusi,7443.9375,37500000.0,6,6,13.0,East,3.0
 Kathmandu, Samakhusi,7786.1875,35000000.0,6,5,13.0,East,3.0
 Lalitpur, Imadol,1197.875,22000000.0,5,3,20.0,East,2.5
 Lalitpur, Lubhu,1197.875,17000000.0,5,3,20.0,South,2.5
 Lalitpur, Imadol,1069.53125,17500000.0,5,3,13.0,South East,2.5
 Kathmandu, Naikap,2053.5,22000000.0,11,3,11.0,South,2.5
 Bhaktapur, Sipadol,1026.75,19000000.0,7,4,20.0,West,3.5
 Lalitpur, Imadol,1155.09375,17000000.0,4,3,13.0,South,2.5
 Kathmandu, Tokha,2930.515625,19000000.0,4,3,12.0,East,2.0
 Lalitpur, Imadol,1026.75,17000000.0,8,3,13.0,South,2.5
 Kathmandu, Tarakeshwar,1369.0,11500000.0,2,1,13.0,North East,1.0
 Lalitpur, Imadol,1454.5625,19700000.0,4,4,13.0,South,3.0
 Kathmandu, Mandikatar,18823.75,290000000.0,6,5,15.0,East,2.0
 Kathmandu, Baniyatar,1369.0,29000000.0,6,5,20.0,East,3.0
 Kathmandu, Hattigauda,3165.8125,45000000.0,6,6,13.0,East,3.0
 Kathmandu, Golfutar,2395.75,36000000.0,4,5,30.0,West,3.0
 Kathmandu, Hattigauda,2139.0625,35500000.0,5,5,13.0,North West,3.0
 Kathmandu, Thulo Bharyang,7101.6875,23700000.0,3,4,13.0,South West,3.0
 Kathmandu, Budhanilkantha,2823.5625,40000000.0,5,5,20.0,East,3.0
 Kathmandu, Ason,684.48,17500000.0,5,3,26.0,West,7.0
 Lalitpur, Thaiba,1026.75,19000000.0,3,2,20.0,South,2.5
 Kathmandu, Gongabu,1197.875,26000000.0,4,3,13.0,North,2.5
 Kathmandu, Chapali,4107.0,68000000.0,5,5,15.0,East,3.0
 Kathmandu, Dhapasi,1454.5625,25500000.0,5,6,13.0,East,3.0
 Kathmandu, Dhapasi,2738.0,65000000.0,6,6,20.0,West,3.0
 Kathmandu, Bhangal,1454.5625,21500000.0,6,5,20.0,North East,3.0
 Kathmandu, Pasikot,7187.25,80000000.0,4,4,14.0,East,3.0
 Kathmandu, Bhangal,1112.3125,19900000.0,6,5,12.0,South West,3.0
 Kathmandu, Dhapasi,5818.25,72000000.0,5,5,15.0,South West,3.0
 Kathmandu, Budhanilkantha,4107.0,57500000.0,6,5,15.0,North West,3.0
 Kathmandu, Baluwatar,2053.5,60000000.0,5,5,13.0,North East,3.0
 Kathmandu, Dhapasi,4791.5,66000000.0,5,5,20.0,South East,3.0
 Kathmandu, Ekatabasti,1369.0,29900000.0,7,5,13.0,South West,3.0
 Kathmandu, Ekatabasti,1369.0,29900000.0,7,7,13.0,South East,3.0
 Kathmandu, Dhapasi,1711.25,33500000.0,4,4,20.0,North East,3.0
 Kathmandu, Balkhu,1796.8125,23000000.0,3,2,20.0,East,3.0
 Kathmandu, Swayambhu,1112.3125,20600000.0,5,3,13.0,North East,3.0
 Kathmandu, Kageshwari-Manohara,1369.0,26000000.0,5,3,26.0,West,3.0
 Kathmandu, Budhanilkantha,2395.75,45000000.0,4,5,15.0,South East,3.0
 Kathmandu, Budhanilkantha,24984.25,400000000.0,6,6,20.0,East,3.0
 Kathmandu, Guheshwori,1369.0,28500000.0,8,3,16.0,North East,3.0
 Lalitpur, Imadol,1048.140625,19200000.0,4,5,20.0,East,3.0
 Kathmandu, Ekatabasti,2139.0625,36000000.0,5,5,13.0,East,3.0
 Kathmandu, Sitapaila,1112.3125,18000000.0,4,4,13.0,North,3.0
 Kathmandu, Tokha,1369.0,23000000.0,6,5,13.0,East,3.0
 Kathmandu, Budhanilkantha,4449.25,72000000.0,5,5,15.0,East,3.0
 Kathmandu, Mandikatar,1112.3125,19900000.0,6,4,13.0,South East,3.0
 Kathmandu, Bhangal,1454.5625,21500000.0,5,5,13.0,South,3.0
 Kathmandu, Dhumbarahi,2738.0,62000000.0,7,7,13.0,East,3.0
 Kathmandu, Basundhara,5476.0,70000000.0,4,4,14.0,West,2.0
 Kathmandu, Budhanilkantha,5133.75,65000000.0,5,5,14.0,South,3.0
 Kathmandu, Banasthali,1711.25,37000000.0,7,6,16.0,South,4.0
 Bhaktapur, Lokanthali,2053.5,27000000.0,16,3,13.0,North,3.0
 Kathmandu, Golfutar,1026.75,18000000.0,6,4,13.0,East,3.0
 Kathmandu, Pepsicola,1112.3125,13500000.0,4,3,13.0,South East,3.0
 Lalitpur, Imadol,1369.0,16000000.0,16,4,10.0,East,4.0
 Kathmandu, Mandikatar,1711.25,27800000.0,6,3,13.0,East,3.0
 Kathmandu, Budhanilkantha,5133.75,65000000.0,5,5,13.0,South East,3.0
 Kathmandu, Golfutar,3422.5,56000000.0,6,6,20.0,East,3.0
 Kathmandu, Budhanilkantha,2823.5625,44500000.0,6,5,15.0,South East,3.0
 Kathmandu, Kadaghari,855.625,7500000.0,3,1,4.0,North,1.0
 Kathmandu, Mid Baneshwor,2395.75,50000000.0,7,4,10.0,South East,2.0
 Kathmandu, Balaju,1026.75,25000000.0,7,5,13.0,North,4.0
 Bhaktapur, Kausaltar,2566.875,30000000.0,5,4,15.0,East,3.0
 Kathmandu, Basbari,1711.25,28000000.0,2,4,13.0,South,3.0
 Kathmandu, Bhangal,1454.5625,21500000.0,5,5,13.0,East,3.0
 Kathmandu, Banasthali,1967.9375,39500000.0,5,6,20.0,North,3.0
 Kathmandu, Sitapaila,1026.75,22000000.0,3,4,14.0,East,3.0
 Kathmandu, Kapan,1711.25,22000000.0,6,5,14.0,East,3.0
 Lalitpur, Tikathali,1369.0,17000000.0,3,2,13.0,West,2.0
 Kathmandu, Budhanilkantha,1369.0,30000000.0,10,8,30.0,South,4.0
 Lalitpur, Thaiba,1390.390625,19000000.0,4,4,13.0,East,3.0
 Kathmandu, Tarakeshwar,919.796875,12000000.0,1,1,10.0,North West,1.0
 Kathmandu, Samakhusi,1369.0,44000000.0,5,6,15.0,East,3.0
 Kathmandu, Budhanilkantha,6845.0,100000000.0,6,6,20.0,North West,3.0
 Kathmandu, Budhanilkantha,6160.5,96000000.0,5,7,20.0,South East,3.0
 Kathmandu, Bhangal,1796.8125,28500000.0,6,6,20.0,East,3.0
 Kathmandu, Maharajgunj,2481.3125,65000000.0,5,6,15.0,East,3.0
 Kathmandu, Basbari,6160.5,115000000.0,4,4,13.0,North East,3.0
 Kathmandu, Dhapasi,2224.625,35000000.0,6,4,32.0,West,3.0
 Kathmandu, Thankot,1711.25,33000000.0,5,4,12.0,East,4.0
 Kathmandu, Samakhusi,1026.75,22500000.0,9,4,13.0,South,3.0
 Kathmandu, Samakhusi,1369.0,27500000.0,6,3,13.0,West,3.0
 Lalitpur, Imadol,1369.0,24900000.0,6,3,13.0,South East,3.0
 Lalitpur, Nakkhu,1369.0,26500000.0,4,4,16.0,South West,3.0
 Kathmandu, Budhanilkantha,1796.8125,25500000.0,6,4,13.0,East,3.0
 Kathmandu, Pepsicola,1454.5625,32000000.0,6,3,30.0,South,3.0
 Lalitpur, Imadol,1197.875,30000000.0,9,5,33.0,North West,4.0
 Lalitpur, Imadol,1197.875,19500000.0,5,3,13.0,North,3.0
 Kathmandu, Naikap,2374.359375,29500000.0,5,2,15.0,South,3.0
 Lalitpur, Imadol,1090.921875,19000000.0,4,3,10.0,South East,3.0
 Kathmandu, Tokha,1540.125,24500000.0,7,3,10.0,South East,3.0
 Lalitpur, Sanepa,1026.75,4800000.0,2,1,13.0,West,1.0
 Kathmandu, Budhanilkantha,4791.5,51000000.0,5,5,14.0,East,2.0
 Lalitpur, Baghdol,1262.046875,19500000.0,4,4,20.0,West,2.0
 Kathmandu, Hattigauda,6845.0,90000000.0,6,6,15.0,East,3.0
 Kathmandu, Mulpani,3764.75,17500000.0,6,2,20.0,East,3.0
 Kathmandu, Manamaiju,855.625,13500000.0,4,3,10.0,East,3.0
 Kathmandu, Maharajgunj,3080.25,70000000.0,5,5,13.0,North,3.0
 Kathmandu, Bhangal,1454.5625,17900000.0,5,5,14.0,East,3.0
 Kathmandu, Bhangal,2395.75,34500000.0,5,5,15.0,South West,3.0
 Kathmandu, Basundhara,2395.75,41000000.0,7,6,20.0,East,3.0
 Kathmandu, Koteshwor,770.0625,18500000.0,7,4,26.0,East,4.0
 Kathmandu, Budhanilkantha,10952.0,105000000.0,5,6,20.0,West,3.0
 Kathmandu, Hattigauda,2053.5,36500000.0,9,10,14.0,South,5.0
 Kathmandu, Bhangal,1454.5625,21000000.0,5,4,13.0,West,2.0
 Kathmandu, Tokha,1112.3125,17800000.0,5,6,12.0,South,3.0
 Kathmandu, Budhanilkantha,1454.5625,21800000.0,5,6,12.0,North East,3.0
 Kathmandu, Basundhara,1112.3125,23000000.0,4,3,15.0,South,2.0
 Kathmandu, Bhangal,1369.0,24000000.0,6,6,15.0,North West,3.0
 Kathmandu, Bhangal,1369.0,24000000.0,6,6,14.0,South East,3.0
 Kathmandu, Tokha,1369.0,27500000.0,5,3,26.0,South,3.0
 Kathmandu, Nepaltar,1369.0,24000000.0,11,3,13.0,North,3.0
 Lalitpur, Bhaisepati,1540.125,28500000.0,3,5,18.0,South West,3.0
 Kathmandu, Budhanilkantha,3422.5,62000000.0,4,6,15.0,East,3.0
 Kathmandu, Hattigauda,1369.0,24500000.0,5,5,30.0,East,3.0
 Kathmandu, Basundhara,2053.5,42500000.0,6,6,15.0,South,4.0
 Kathmandu, Basundhara,2738.0,45000000.0,6,6,15.0,South West,3.0
 Kathmandu, Joranku,1026.75,15900000.0,5,3,8.0,West,3.0
 Kathmandu, Gurujudhara,1112.3125,8500000.0,2,1,10.0,West,1.0
 Lalitpur, Nakkhu,1026.75,18000000.0,4,5,13.0,North,3.0
 Kathmandu, Budhanilkantha,1711.25,30500000.0,4,4,15.0,North East,3.0
 Kathmandu, Sukedhara,1026.75,21000000.0,6,3,14.0,North,2.0
 Lalitpur, Tikathali,1197.875,22500000.0,6,3,12.0,East,3.0
 Kathmandu, Budhanilkantha,1347.609375,33000000.0,3,4,20.0,East,3.0
 Kathmandu, Kapan,1026.75,10600000.0,2,1,10.0,South,1.0
 Lalitpur, Bhaisepati,1900.0,19000000.0,4,5,15.0,East,3.0
 Kathmandu, Basundhara,1711.25,39000000.0,5,2,14.0,South,3.0
 Kathmandu, Makalbari,1197.875,10500000.0,2,1,12.0,South West,1.0
 Kathmandu, Kapan,1026.75,12500000.0,3,3,10.0,North,3.0
 Lalitpur, Khumaltar,1369.0,19500000.0,6,5,14.0,South,3.0
 Kathmandu, Kalanki,2139.0625,38000000.0,7,4,14.0,East,3.0
 Kathmandu, Sitapaila,2395.75,29500000.0,4,3,20.0,South East,3.0
 Kathmandu, Boudha,1112.3125,22000000.0,10,3,20.0,South,3.0
 Bhaktapur, Dadikot,1369.0,22500000.0,12,4,20.0,South East,4.0
 Kathmandu, Sukedhara,2310.1875,34500000.0,9,4,12.0,East,4.0
 Kathmandu, Bhangal,1540.125,32500000.0,4,3,26.0,South,3.0
 Kathmandu, Golfutar,1369.0,29000000.0,5,3,15.0,South West,2.5
 Kathmandu, Kalanki,4577.59375,90281250.0,7,5,15.0,North East,3.0
 Kathmandu, Tokha,1112.3125,14200000.0,4,2,13.0,West,2.0
 Kathmandu, Tokha,2823.5625,53000000.0,6,4,15.0,West,3.0
 Bhaktapur, Bhaktapur,2053.5,21500000.0,9,1,20.0,West,3.0
 Kathmandu, Chandol,1197.875,24500000.0,4,3,13.124,East,2.0
 Lalitpur, Nakkhu,1540.125,25500000.0,4,4,14.0,North West,2.5
 Kathmandu, Sukedhara,1112.3125,19000000.0,3,2,24.0,South West,2.0
 Kathmandu, Goldhunga,1112.3125,6500000.0,3,1,10.0,West,1.0
 Kathmandu, Kadaghari,1026.75,12500000.0,3,1,13.0,North East,1.0
 Kathmandu, Maharajgunj,5133.75,70000000.0,7,5,12.0,East,3.0
 Lalitpur, Imadol,1454.5625,14200000.0,2,1,20.0,East,1.0
 Kathmandu, Budhanilkantha,1197.875,12800000.0,2,1,12.0,West,1.0
 Kathmandu, Budhanilkantha,1454.5625,27500000.0,10,3,13.0,South,3.0
 Kathmandu, Jorpati,1026.75,16500000.0,9,3,10.0,South West,3.0
 Kathmandu, Budhanilkantha,1796.8125,32000000.0,5,4,13.0,South East,3.0
 Kathmandu, Dhapasi,1112.3125,17000000.0,4,3,13.0,East,3.0
 Kathmandu, Thulo Bharyang,1454.5625,22700000.0,5,2,12.0,West,3.0
 Kathmandu, Raniban,2053.5,33500000.0,7,3,14.0,East,3.0
 Kathmandu, Chundevi,1369.0,31000000.0,8,3,14.0,South West,4.0
 Lalitpur, Ekantakuna,1155.09375,27000000.0,5,3,22.0,West,3.0
 Lalitpur, Khumaltar,2139.0625,37500000.0,6,5,13.0,South West,4.0
 Kathmandu, Mulpani,1112.3125,16000000.0,7,6,14.0,South East,5.0
 Kathmandu, Basundhara,941.1875,19500000.0,3,3,12.0,South East,3.0
 Kathmandu, Bhangal,1369.0,25000000.0,4,3,13.0,East,3.0
 Kathmandu, Mandikatar,2139.0625,22500000.0,4,3,12.0,East,3.0
 Kathmandu, Baluwatar,2053.5,51500000.0,6,3,12.0,North East,3.0
 Lalitpur, Satdobato,1048.140625,20000000.0,5,4,16.0,North,3.0
 Kathmandu, Swayambhu,1112.3125,21000000.0,4,2,18.0,South,2.0
 Kathmandu, Chabahil,1369.0,37000000.0,5,4,12.0,South West,3.0
 Kathmandu, Gongabu,1540.125,30000000.0,10,6,10.0,West,5.0
 Kathmandu, Kadaghari,1197.875,36000000.0,6,4,13.0,South East,3.5
 Kathmandu, Pepsicola,1197.875,24000000.0,10,6,13.0,East,3.0
 Kathmandu, Joranku,1197.875,15000000.0,3,3,10.0,South,3.0
 Lalitpur, Imadol,1026.75,16000000.0,4,4,13.0,South East,3.0
 Kathmandu, Gongabu,855.625,31000000.0,9,9,9.0,North,4.0
 Lalitpur, Dhapakhel,1625.6875,25000000.0,4,3,13.0,South,3.0
 Kathmandu, Budhanilkantha,1796.8125,28500000.0,3,3,18.0,South West,2.0
 Kathmandu, Sunderbasti,1775.421875,27500000.0,6,4,13.0,South East,3.0
 Lalitpur, Lubhu,1775.421875,14500000.0,4,3,13.0,South East,2.0
 Kathmandu, Chabahil,1796.8125,35000000.0,10,4,20.0,West,3.0
 Kathmandu, Balkhu,3080.25,49500000.0,7,7,10.0,South,3.0
 Kathmandu, Kirtipur,2053.5,18000000.0,4,4,20.0,South East,2.0
 Bhaktapur, Lokanthali,2481.3125,35000000.0,14,4,14.0,East,3.0
 Kathmandu, Kalanki,2139.0625,38000000.0,7,4,14.0,East,3.0
 Kathmandu, Thulo Bharyang,4192.5625,70000000.0,3,4,20.0,North West,2.0
 Kathmandu, Thapathali,1689.859375,40100000.0,5,2,14.0,East,2.0
 Kathmandu, Sitapaila,1475.953125,25500000.0,5,4,13.0,East,3.0
 Kathmandu, Budhanilkantha,2738.0,25000000.0,4,3,13.0,West,3.0
 Kathmandu, Mulpani,1026.75,16500000.0,5,3,10.0,North,3.0
 Kathmandu, Dhapasi,2139.0625,26000000.0,4,3,15.0,West,3.0
 Lalitpur, Khumaltar,3080.25,58500000.0,5,5,13.0,East,3.0
 Kathmandu, Pasikot,1711.25,35000000.0,7,6,12.0,South,3.0
 Kathmandu, Budhanilkantha,5476.0,90000000.0,6,3,20.0,West,2.0
 Kathmandu, Budhanilkantha,7187.25,80000000.0,5,3,20.0,East,2.0
 Kathmandu, Dhapasi,5818.25,70000000.0,5,3,20.0,East,2.0
 Kathmandu, Baluwatar,3508.0625,130000000.0,6,4,20.0,West,3.0
 Lalitpur, Lubhu,1112.3125,11000000.0,3,4,11.0,South East,3.0
 Kathmandu, Budhanilkantha,3165.8125,50000000.0,5,4,20.0,East,2.0
 Kathmandu, Naikap,1369.0,22500000.0,5,3,13.0,East,3.0
 Bhaktapur, Balkot,1796.8125,29000000.0,3,3,20.0,North,2.0
 Lalitpur, Nakhundol,1540.125,25000000.0,3,4,13.0,East,2.0
 Bhaktapur, Bhaktapur,2395.75,32500000.0,4,4,20.0,South,2.0
 Kathmandu, Makalbari,1475.953125,20000000.0,7,3,10.0,West,2.5
 Lalitpur, Imadol,1197.875,19500000.0,4,3,20.0,North East,2.5
 Kathmandu, Swayambhu,1860.984375,37000000.0,8,5,12.0,South,3.0
 Kathmandu, Swayambhu,1369.0,34000000.0,6,3,12.0,South,3.0
 Kathmandu, Manamaiju,1026.75,17000000.0,5,3,14.0,West,3.0
 Kathmandu, Hattisar,1711.25,50000000.0,3,3,20.0,South,3.0
 Lalitpur, Bhaisepati,1625.6875,31500000.0,4,4,12.0,South,3.0
 Lalitpur, Harisiddhi,1090.921875,18000000.0,3,3,18.0,South East,3.0
 Kathmandu, Budhanilkantha,2139.0625,36500000.0,5,4,20.0,East,2.0
 Kathmandu, Sanobharyang,1112.3125,22500000.0,5,3,14.0,East,3.0
 Kathmandu, Sano Bharyang,1026.75,23500000.0,5,3,15.0,East,3.0
 Kathmandu, Budhanilkantha,1090.921875,22500000.0,4,3,15.0,East,3.0
 Kathmandu, Budhanilkantha,1369.0,32500000.0,5,4,15.0,East,3.0
 Kathmandu, Thankot,1369.0,11000000.0,10,3,3.0,East,2.0
 Kathmandu, Sukedhara,1711.25,42500000.0,5,3,12.0,East,2.0
 Kathmandu, Kapan,1625.6875,18000000.0,6,3,13.0,South,3.0
 Kathmandu, Nagarjun,3165.8125,17500000.0,5,4,15.0,North,3.0
 Kathmandu, Thapathali,2181.84375,9000000.0,6,3,10.0,East,3.0
 Lalitpur, Imadol,1026.75,19500000.0,5,3,20.0,North East,3.0
 Kathmandu, Budhanilkantha,2738.0,65000000.0,5,4,20.0,East,2.0
 Kathmandu, Budhanilkantha,6845.0,150000000.0,6,6,18.0,East,2.0
 Kathmandu, Budhanilkantha,2053.5,37000000.0,6,6,16.0,East,3.0
 Kathmandu, Budhanilkantha,1026.75,19000000.0,4,3,15.0,East,2.0
 Kathmandu, Baluwatar,4107.0,105000000.0,6,5,16.0,East,3.0
 Kathmandu, Sitapaila,1369.0,24000000.0,8,5,14.0,West,3.0
 Lalitpur, Tikathali,1369.0,20000000.0,5,2,15.0,East,4.0
 Kathmandu, Basundhara,1112.3125,22500000.0,4,3,16.0,East,2.0
 Kathmandu, Dhapasi,4107.0,69000000.0,5,5,22.0,South,3.0
 Kathmandu, Naxal,4107.0,65000000.0,6,5,16.0,East,2.0
 Kathmandu, Baluwatar,2139.0625,60000000.0,7,4,14.0,East,4.0
 Kathmandu, Basundhara,1369.0,25500000.0,7,4,14.0,East,3.0
 Kathmandu, Samakhusi,2395.75,55000000.0,5,4,14.0,South East,2.0
 Kathmandu, Kapan,1283.4375,24000000.0,5,3,13.0,East,2.0
 Kathmandu, Mandikatar,1369.0,27500000.0,6,3,15.0,East,2.0
 Kathmandu, Budhanilkantha,3422.5,63000000.0,5,4,16.0,East,2.0
 Kathmandu, Budhanilkantha,5818.25,60000000.0,5,5,20.0,East,2.0
 Kathmandu, Budhanilkantha,2053.5,34500000.0,6,4,30.0,East,3.0
 Kathmandu, Baluwatar,1882.375,39500000.0,3,3,15.0,East,2.0
 Kathmandu, Chabahil,1796.8125,50000000.0,4,4,16.0,East,2.0
 Kathmandu, Banasthali,1026.75,22500000.0,4,3,15.0,East,2.0
 Lalitpur, Gwarko,1048.140625,21000000.0,3,2,13.0,South,2.5
 Kathmandu, Buddhanagar,1026.75,29900000.0,5,3,10.0,South,2.5
 Kathmandu, Old Baneshwor,1369.0,39000000.0,6,5,13.0,East,3.0
 Kathmandu, Golfutar,2395.75,35000000.0,4,4,20.0,East,2.0
 Kathmandu, Mandikatar,4791.5,60000000.0,5,4,16.0,East,2.0
 Kathmandu, Basundhara,1711.25,36500000.0,4,3,15.0,East,2.0
 Kathmandu, Hattigauda,1711.25,37500000.0,4,3,15.0,South East,2.0
 Kathmandu, Tokha,1112.3125,25000000.0,4,3,12.0,East,2.0
 Kathmandu, Budhanilkantha,1369.0,24000000.0,4,3,14.0,East,2.0
 Kathmandu, Basundhara,7786.1875,35500000.0,4,3,15.0,East,3.0
 Kathmandu, Hattigauda,2139.0625,35500000.0,4,4,15.0,East,2.0
 Kathmandu, Tokha,1369.0,29500000.0,4,3,13.0,East,2.0
 Kathmandu, Kapan,1796.8125,28000000.0,4,3,14.0,South East,2.0
 Kathmandu, Dhapasi,1711.25,35000000.0,4,4,15.0,East,2.0
 Kathmandu, Chapali,4107.0,57500000.0,4,4,16.0,South East,2.0
 Kathmandu, Golfutar,3080.25,55000000.0,4,4,20.0,South East,2.0
 Kathmandu, Maharajgunj,2738.0,55000000.0,4,3,14.0,South East,2.0
 Kathmandu, Samakhusi,1711.25,35000000.0,6,3,15.0,East,2.0
 Kathmandu, Budhanilkantha,2053.5,36000000.0,5,4,15.0,North East,2.0
 Kathmandu, Kapan,1369.0,26000000.0,4,3,14.0,North East,2.0
 Kathmandu, Golfutar,3080.25,47500000.0,5,4,16.0,South East,2.0
 Lalitpur, Imadol,1197.875,18500000.0,5,2,13.0,West,2.5
 Lalitpur, Imadol,1197.875,19500000.0,5,3,13.0,East,2.5
 Lalitpur, Thaiba,1026.75,20000000.0,3,2,20.0,South,3.0
 Lalitpur, Imadol,941.1875,11000000.0,2,1,13.0,East,1.0
 Kathmandu, Budhanilkantha,4791.5,67500000.0,4,4,15.0,East,2.0
 Kathmandu, Budhanilkantha,2139.0625,32500000.0,4,4,15.0,East,2.0
 Kathmandu, Golfutar,2395.75,35000000.0,4,4,15.0,East,2.0
 Kathmandu, Budhanilkantha,1540.125,31000000.0,4,4,14.0,East,2.0
 Kathmandu, Sukedhara,1283.4375,32500000.0,4,4,18.0,East,2.0
 Kathmandu, Mandikatar,1112.3125,20000000.0,4,4,15.0,East,3.0
 Kathmandu, Golfutar,1369.0,32500000.0,4,3,30.0,East,3.0
 Kathmandu, Budhanilkantha,2053.5,35000000.0,4,4,33.0,East,3.0
 Lalitpur, Kusunti,1925.15625,38500000.0,4,4,13.0,North West,3.0
 Lalitpur, Satdobato,3422.5,70000000.0,3,3,20.0,East,2.0
 Kathmandu, Shantinagar,3251.375,70000000.0,4,3,20.0,East,3.0
 Lalitpur, Imadol,941.1875,13500000.0,3,9,10.0,North East,3.0
 Kathmandu, Ghattekulo,4620.375,100000000.0,8,9,13.0,South,4.0
 Kathmandu, Dhumbarahi,4107.0,70000000.0,5,7,14.0,East,2.0
 Kathmandu, Chabahil,1796.8125,18000000.0,2,1,12.0,South,1.0
 Kathmandu, Maharajgunj,2481.3125,62500000.0,5,6,15.0,East,2.0
 Kathmandu, Dhapasi,2738.0,45000000.0,6,6,20.0,South West,3.0
 Kathmandu, Budhanilkantha,8898.5,130000000.0,6,7,20.0,North,2.0
 Kathmandu, Mid Baneshwor,4149.78125,120000000.0,4,5,20.0,South East,2.0
 Lalitpur, Thaiba,1390.390625,19000000.0,4,4,13.0,East,3.0
 Kathmandu, Basbari,6160.5,115000000.0,4,4,13.0,North East,3.0
 Kathmandu, Anamnagar,1711.25,33000000.0,5,4,12.0,East,4.0
 Kathmandu, Budhanilkantha,2823.5625,41000000.0,5,4,13.0,East,2.0
 Lalitpur, Baghdol,1262.046875,19500000.0,4,4,20.0,West,2.0
 Lalitpur, Nakkhu,1369.0,26500000.0,4,4,16.0,East,2.0
 Kathmandu, Naya Bazar,1026.75,40000000.0,3,4,20.0,East,3.0
 Kathmandu, Mulpani,3764.75,17500000.0,6,2,20.0,East,3.0
 Kathmandu, Dhapasi,5476.0,70000000.0,3,4,20.0,North,2.0
 Kathmandu, Pasikot,1369.0,30000000.0,5,4,20.0,West,3.0
 Lalitpur, Jhamsikhel,700.0,12000000.0,2,1,20.0,East,1.0
 Kathmandu, Gurujudhara,1454.5625,17000000.0,6,3,11.0,South East,2.0
 Lalitpur, Sanepa,1369.0,30000000.0,4,4,13.0,North,3.0
 Kathmandu, Basundhara,2053.5,42500000.0,6,6,15.0,South,4.0
 Kathmandu, Basundhara,2738.0,45000000.0,6,6,15.0,South West,3.0
 Kathmandu, Jorpati,2700.0,21500000.0,4,3,12.0,East,3.0
 Lalitpur, Sanepa,5818.25,150000000.0,10,10,20.0,South,4.5
 Lalitpur, Nakkhu,1026.75,18000000.0,4,5,13.0,North,3.0
 Kathmandu, Budhanilkantha,1711.25,30500000.0,4,4,15.0,North East,3.0
 Kathmandu, Budhanilkantha,1347.609375,33000000.0,3,4,20.0,East,3.0
 Kathmandu, Budhanilkantha,2845.0,35000000.0,5,4,12.0,East,3.0
 Kathmandu, Makalbari,1197.875,10500000.0,2,1,12.0,South West,1.0
 Lalitpur, Civil Homes,2053.5,29500000.0,3,2,18.0,West,3.0
 Kathmandu, Dallu,1155.09375,29000000.0,8,4,20.0,West,3.0
 Kathmandu, Kalanki,4577.59375,6750000.0,7,5,15.0,North East,3.0
 Kathmandu, Baniyatar,1112.3125,16500000.0,6,3,10.0,South,3.0
 Kathmandu, Chandol,1197.875,24500000.0,4,3,13.124,East,2.0
 Kathmandu, Maharajgunj,2738.0,80000000.0,18,6,29.529,East,4.0
 Kathmandu, Baniyatar,1369.0,35000000.0,10,3,16.0,North,3.0
 Kathmandu, Nagdhunga,1197.875,9500000.0,4,2,15.0,West,2.0
 Kathmandu, Thankot,1369.0,17500000.0,5,2,16.0,South,3.0
 Kathmandu, Maharajgunj,5133.75,70000000.0,7,5,12.0,East,3.0
 Kathmandu, Budhanilkantha,1197.875,12800000.0,2,1,12.0,West,1.0
 Kathmandu, Budhanilkantha,1454.5625,27500000.0,10,3,13.0,South,3.0
 Kathmandu, Budhanilkantha,1796.8125,32000000.0,5,4,13.0,South East,3.0
 Lalitpur, Jhamsikhel,1026.75,35000000.0,5,4,20.0,South,3.0
 Lalitpur, Bhaisepati,3422.5,70000000.0,5,5,13.0,South West,3.0
 Lalitpur, Bhaisepati,2909.125,39077000.0,4,4,16.0,South,3.0
 Kathmandu, Pasikot,1197.875,17500000.0,6,2,12.0,North,3.0
 Kathmandu, Makalbari,1176.484375,21500000.0,7,4,14.0,South West,4.0
 Kathmandu, Mhepi,2395.75,38000000.0,8,4,15.0,North West,4.0
 Kathmandu, Dallu,1026.75,24000000.0,15,5,20.0,North,4.0
 Kathmandu, Balaju,1240.65625,14200000.0,5,2,13.0,North West,2.0
 Kathmandu, Sunderbasti,1197.875,19500000.0,5,3,13.0,East,3.0
 Kathmandu, Kalikasthan,3508.0625,100000000.0,5,2,20.0,West,3.0
 Kathmandu, Ramkot,1326.21875,19000000.0,4,3,20.0,East,3.0
 Kathmandu, Gongabu,1540.125,29000000.0,10,6,10.0,West,5.0
 Kathmandu, Samakhusi,855.625,20500000.0,5,4,16.0,South,3.0
 Lalitpur, Bhaisepati,800.0,7500000.0,2,2,24.0,West,1.0
 Kathmandu, Lazimpat,1582.0,17500000.0,3,3,20.0,South,3.0
 Lalitpur, Lubhu,1775.421875,14500000.0,4,3,13.0,South East,2.0
 Kathmandu, Sunderbasti,1775.421875,27500000.0,6,4,13.0,South East,3.0
 Kathmandu, Tripureshwor,3000.0,25000000.0,3,4,13.0,South East,4.0
 Lalitpur, Jhamsikhel,683.0,12500000.0,2,1,20.0,East,1.0
 Kathmandu, Budhanilkantha,6074.9375,110000000.0,4,6,20.0,South East,2.5
 Kathmandu, Budhanilkantha,5133.75,62500000.0,5,4,13.0,West,3.0
 Bhaktapur, Lokanthali,2566.875,35000000.0,6,3,18.0,North East,3.0
 Kathmandu, Budhanilkantha,4021.4375,36500000.0,4,5,18.0,South,3.0
 Kathmandu, Pepsicola,1336.0,11000000.0,3,2,20.0,North West,6.0
 Lalitpur, Kupondole,10267.5,6500000.0,4,3,30.0,North,3.0
 Kathmandu, Sitapaila,1112.3125,12000000.0,4,2,13.0,North East,2.0
