price,land area,road access,facing,floor,bedroom,bathroom,city,district
46500000.0,1471.675,13.0,West,3.0,6.0,6.0,Hepali Height, Kathmandu
35000000.0,855.625,13.0,South-East,3.0,3.0,2.0,Sanepa, Lalitpur
28000000.0,1095.2,6.0,East,6.0,22.0,8.0,Old Baneshwor, Kathmandu
76000000.0,2053.5,10.0,South,3.5,8.0,10.0,Baluwatar, Kathmandu
73500000.0,3114.475,13.0,South-East,3.5,4.0,3.0,Manamaiju, Kathmandu
23000000.0,1026.75,13.0,South-East,2.5,5.0,3.0,Greenhill City, Kathmandu
39000000.0,2053.5,14.0,South-West,2.5,6.0,6.0,Budhanilkantha, Kathmandu
35000000.0,1369.0,18.0,South-East,3.0,7.0,4.0,Sainbu, Lalitpur
16000000.0,752.95,12.0,East,2.5,5.0,3.0,Thali, Kathmandu
28000000.0,1129.425,13.0,West,3.0,5.0,5.0,Balkot, Bhaktapur
40000000.0,1369.0,16.0,West,3.0,10.0,4.0,Budhanilkantha, Kathmandu
19000000.0,1369.0,5.0,South,2.5,4.0,3.0,Bhaisepati, Lalitpur
55500000.0,2121.9500000000003,20.0,South,3.5,6.0,6.0,Pepsicola, Kathmandu
85000000.0,2053.5,12.0,South-East,4.0,8.0,6.0,Bijulibajar, Kathmandu
33800000.0,1095.2,13.0,East,2.5,4.0,3.0,Sundarbasti, Kathmandu
26000000.0,1095.2,13.0,East,2.5,5.0,3.0,Harisiddhi, Lalitpur
32500000.0,1095.2,18.0,East,3.5,6.0,3.0,Ghattekulo, Kathmandu
45000000.0,1745.475,13.0,South-West,3.0,7.0,6.0,Bhangal , Kathmandu
27500000.0,1095.2,10.0,West,2.5,6.0,4.0,Baluwakhani, Kathmandu
73000000.0,21904.0,20.0,South-East,2.5,4.0,3.0,Lele, Lalitpur
25000000.0,1711.25,16.0,East,2.5,4.0,3.0,Syuchatar, Kathmandu
32000000.0,1369.0,13.0,South-East,2.5,5.0,4.0,Kapan, Kathmandu
39000000.0,1369.0,26.0,West,2.5,4.0,3.0,Khusibu Town Planning, Kathmandu
46000000.0,2395.75,13.0,South-East,2.5,6.0,5.0,Nakhipot, Lalitpur
49500000.0,2806.45,12.0,South-East,3.5,8.0,7.0,Sitapaila, Kathmandu
28000000.0,1711.25,13.0,South,3.5,8.0,4.0,Pasikot, Kathmandu
12500000.0,684.5,12.0,South-West,2.5,4.0,3.0,Kapan, Kathmandu
21500000.0,787.175,13.0,East,3.0,3.0,3.0,Imadol, Lalitpur
21500000.0,1026.75,12.0,South-East,3.0,4.0,3.0,Baluwakhani, Kathmandu
60000000.0,3490.95,13.0,South-West,3.5,5.0,4.0,Mahadevtar, Kathmandu
38000000.0,1437.45,13.0,North-East,2.5,7.0,4.0,Sampang Chowk, Lalitpur
29000000.0,1369.0,13.0,South-East,2.5,5.0,4.0,Balambu, Kathmandu
58000000.0,2053.5,20.0,North,3.5,8.0,3.0,Ganesh Chowk, Kathmandu
42500000.0,1711.25,20.0,South,3.0,7.0,3.0,Bhaisepati, Lalitpur
27500000.0,1129.425,12.0,South-East,3.0,8.0,3.0,Makalbari, Kathmandu
50000000.0,2053.5,20.0,South,2.5,3.0,3.0,Thaiba, Lalitpur
42500000.0,1369.0,14.0,South,2.5,3.0,3.0,Imadol, Lalitpur
56500000.0,1403.225,20.0,North,2.5,4.0,5.0,Tahachal, Kathmandu
31000000.0,1403.225,13.0,East,2.5,4.0,3.0,Lasuntar, Kathmandu
22500000.0,1026.75,16.0,East,1.0,6.0,3.0,Imadol, Lalitpur
45000000.0,2395.75,16.0,South,2.5,4.0,3.0,Imadol, Lalitpur
42500000.0,1369.0,14.0,South,2.5,3.0,3.0,Imadol, Lalitpur
22000000.0,1026.75,13.0,South,2.5,5.0,4.0,Lubhu, Lalitpur
85000000.0,3182.925,12.0,South,2.5,6.0,5.0,Thecho, Lalitpur
20000000.0,855.625,13.0,East,2.5,4.0,3.0,Nakhipot, Lalitpur
23000000.0,1369.0,27.0,North,3.5,4.0,4.0,Hattiban, Lalitpur
55000000.0,1369.0,13.0,West,2.5,3.0,3.0,Naxal, Kathmandu
36000000.0,4107.0,20.0,East,2.5,7.0,7.0,Dhaksi, Kathmandu
37000000.0,1095.2,14.0,North-East,2.5,4.0,3.0,Bafal, Kathmandu
34000000.0,1369.0,13.0,East,3.0,6.0,4.0,Banasthali, Kathmandu
57500000.0,3080.25,12.0,South,2.5,4.0,3.0,Budhanilkantha, Kathmandu
120000000.0,4107.0,16.0,North,1.5,3.0,2.0,Chabahil, Kathmandu
22000000.0,1711.25,10.0,West,2.5,6.0,3.0,Thankot, Kathmandu
23000000.0,787.175,13.0,South,2.5,5.0,5.0,Sampang Chowk, Lalitpur
15000000.0,1060.9750000000001,10.0,South,1.0,2.0,1.0,Danchhi, Kathmandu
16800000.0,376.475,20.0,East,3.5,3.0,3.0,New Baneshwor, Kathmandu
17300000.0,1026.75,5.0,South,2.5,1.0,1.0,Kadaghari, Kathmandu
12500000.0,684.5,12.0,South-West,2.5,4.0,3.0,Kapan, Kathmandu
77000000.0,2121.9500000000003,30.0,West,2.5,4.0,5.0,Hattigaunda, Kathmandu
22000000.0,1711.25,10.0,South,2.5,6.0,3.0,Mahadevsthan, Kathmandu
31000000.0,1300.55,13.0,East,2.5,5.0,3.0,Pasikot, Kathmandu
135000000.0,4449.25,16.0,South,2.5,7.0,5.0,Bhaisepati, Lalitpur
21000000.0,1026.75,10.0,South,2.5,5.0,3.0,Gothatar, Kathmandu
13000000.0,1437.45,13.0,North-East,1.0,2.0,1.0,Dharmasthali, Kathmandu
60000000.0,1026.75,10.0,West,5.0,1.0,1.0,Kalanki, Kathmandu
19500000.0,1369.0,13.0,South,2.5,5.0,4.0,Imadol, Lalitpur
85000000.0,2498.4249999999997,17.0,North-East,2.5,5.0,4.0,Sainbu, Lalitpur
23000000.0,1026.75,27.0,West,2.0,3.0,2.0,Saraswotinagar, Kathmandu
32500000.0,1369.0,13.0,North,2.5,5.0,5.0,Thecho, Lalitpur
26000000.0,1369.0,10.0,South,2.5,4.0,3.0,Thecho, Lalitpur
29500000.0,1095.2,13.0,North,2.5,8.0,3.0,Imadol, Lalitpur
22500000.0,1026.75,13.0,East,2.5,4.0,3.0,Bhelpa, Lalitpur
100000000.0,5476.0,32.0,South-West,2.5,8.0,5.0,Taukhel, Lalitpur
68000000.0,2806.45,14.0,East,2.5,6.0,3.0,Baluwatar, Kathmandu
15500000.0,752.95,5.0,South,1.0,4.0,2.0,Dhapasi, Kathmandu
22000000.0,1026.75,13.0,South-East,2.5,6.0,5.0,Tikathali, Lalitpur
25000000.0,1095.2,13.0,East,2.5,6.0,3.0,Hattidanda, Kathmandu
36500000.0,1745.475,14.0,North-East,2.5,5.0,3.0,Sainbu, Lalitpur
54900000.0,2395.75,13.0,North-East,2.0,5.0,5.0,Golfutar, Kathmandu
67500000.0,2395.75,26.0,East,2.5,5.0,4.0,Mid Baneshwor, Kathmandu
55000000.0,1779.7,15.0,North-East,2.5,5.0,5.0,Hepali Height, Kathmandu
22000000.0,1129.425,13.0,South-East,2.5,4.0,3.0,Thulobharyang, Kathmandu
33000000.0,1095.2,20.0,South,2.5,6.0,4.0,Nakhipot, Lalitpur
29500000.0,1437.45,13.0,North-West,2.5,4.0,4.0,Satungal, Kathmandu
39900000.0,1163.6499999999999,16.0,North-West,2.5,6.0,3.0,Imadol, Lalitpur
55000000.0,2395.75,20.0,South,3.0,5.0,5.0,Hattiban, Lalitpur
27500000.0,1060.9750000000001,20.0,South,2.5,7.0,5.0,Imadol, Lalitpur
32000000.0,1060.9750000000001,13.0,North,2.5,5.0,6.0,Bhangal , Kathmandu
35000000.0,1711.25,20.0,West,2.5,5.0,4.0,Naya Basti, Kathmandu
34500000.0,1369.0,13.0,West,2.5,6.0,5.0,Budhanilkantha, Kathmandu
12000000.0,1026.75,12.0,North-East,1.5,2.0,2.0,Matatirtha, Kathmandu
19000000.0,1095.2,10.0,North,1.0,3.0,1.0,Grande Hospital, Kathmandu
24500000.0,1129.425,13.0,West,2.5,3.0,3.0,Budhanilkantha, Kathmandu
21000000.0,1026.75,13.0,South-East,3.0,7.0,3.0,Satungal, Kathmandu
39000000.0,1095.2,12.0,East,3.5,6.0,3.0,Kapan, Kathmandu
45000000.0,3125.0,14.0,West,2.5,5.0,5.0,Bhaisepati, Lalitpur
100000000.0,3422.5,16.0,South,2.5,4.0,3.0,Kupandole, Lalitpur
31000000.0,1026.75,13.0,East,2.5,6.0,4.0,Ekatabasti, Kathmandu
23500000.0,752.95,13.0,South-East,2.5,3.0,3.0,Sitapaila, Kathmandu
47000000.0,1471.675,13.0,South,3.0,5.0,4.0,Balkumari, Lalitpur
30500000.0,1437.45,13.0,South,2.5,5.0,4.0,Birendra Chowk, Kathmandu
36000000.0,1403.225,13.0,South-West,2.5,4.0,5.0,Nakkhu, Lalitpur
25000000.0,1060.9750000000001,14.0,South-East,2.5,2.0,3.0,Imadol, Lalitpur
113000000.0,5133.75,30.0,North-West,3.5,5.0,5.0,Lazimpat, Kathmandu
22000000.0,1129.425,13.0,South-East,2.5,5.0,3.0,Gairi Gaun, Kathmandu
22000000.0,1060.9750000000001,12.0,East,2.5,5.0,3.0,Dhalmal, Kathmandu
42500000.0,1026.75,13.0,North,6.0,19.0,19.0,Kalanki, Kathmandu
250000000.0,13690.0,13.0,South-West,2.5,6.0,5.0,Swoyambhu, Kathmandu
30000000.0,1369.0,26.0,South-East,2.5,8.0,6.0,Gurjudhara, Kathmandu
20000000.0,1026.75,14.0,South-East,2.0,4.0,2.0,Hattiban, Lalitpur
35000000.0,1369.0,12.0,East,2.5,5.0,3.0,Aarubari, Kathmandu
24000000.0,1095.2,13.0,East,2.5,4.0,3.0,Imadol, Lalitpur
26500000.0,1026.75,13.0,West,2.5,6.0,3.0,Tokha, Kathmandu
27000000.0,1095.2,14.0,South-West,2.5,5.0,3.0,Imadol, Lalitpur
85000000.0,2395.75,20.0,North,4.5,34.0,34.0,New Buspark, Kathmandu
40000000.0,1711.25,20.0,East,2.5,5.0,4.0,Bhangal , Kathmandu
27000000.0,1403.225,13.0,East,2.5,4.0,3.0,Sitapaila, Kathmandu
16800000.0,376.475,20.0,East,4.0,3.0,3.0,New Baneshwor, Kathmandu
29000000.0,1437.45,13.0,North-West,3.0,5.0,6.0,Matatirtha, Kathmandu
13000000.0,1095.2,13.0,West,1.0,3.0,1.0,Dharmasthali, Kathmandu
35000000.0,1369.0,12.0,South,3.5,5.0,3.0,Gongabu, Kathmandu
35500000.0,1403.225,13.0,West,2.5,5.0,1.0,Kapan, Kathmandu
36000000.0,1711.25,13.0,North,3.0,4.0,1.0,Imadol, Lalitpur
13000000.0,1437.45,13.0,North-East,1.0,2.0,1.0,Dharmasthali, Kathmandu
12000000.0,1026.75,10.0,East,1.0,2.0,1.0,Goldhunga, Kathmandu
17000000.0,752.95,13.0,North-East,2.5,6.0,2.0,Lubhu, Lalitpur
27500000.0,1060.9750000000001,20.0,East,2.5,5.0,3.0,Imadol, Lalitpur
38700000.0,1369.0,30.0,North,3.0,7.0,6.0,Nagarjun, Kathmandu
45000000.0,1779.7,12.0,North-East,2.5,5.0,3.0,Tokha, Kathmandu
24500000.0,1026.75,15.0,East,2.5,5.0,3.0,Mulpani, Kathmandu
34000000.0,1369.0,13.0,South-East,3.0,4.0,3.0,Hattigaunda, Kathmandu
26500000.0,1129.425,20.0,West,2.5,6.0,4.0,Sitapaila, Kathmandu
36000000.0,1711.25,20.0,South-West,2.5,7.0,7.0,Bhaisepati, Lalitpur
47500000.0,2806.45,13.0,North,3.0,7.0,6.0,Naikap, Kathmandu
62500000.0,2053.5,20.0,East,2.5,4.0,5.0,Budhanilkantha, Kathmandu
34000000.0,1060.9750000000001,15.0,East,2.5,5.0,3.0,Khusibu, Kathmandu
37500000.0,1369.0,13.0,East,2.0,7.0,4.0,Bafal, Kathmandu
42500000.0,1437.45,20.0,East,2.5,6.0,4.0,Khumaltar, Lalitpur
90000000.0,2738.0,20.0,South,3.0,6.0,4.0,Bafal, Kathmandu
49000000.0,1369.0,15.0,East,2.5,6.0,5.0,Sano thimi, Bhaktapur
29900000.000000004,1369.0,20.0,West,2.5,4.0,4.0,Phutung, Kathmandu
38500000.0,1369.0,13.0,North-East,2.5,7.0,5.0,Budhanilkantha, Kathmandu
37500000.0,1095.2,16.0,South-West,2.5,7.0,4.0,Narayantar, Kathmandu
19600000.0,1026.75,9.0,East,4.0,11.0,5.0,Nepaltar, Kathmandu
28400000.0,1711.25,22.0,East,3.0,5.0,5.0,Jarankhu, Kathmandu
16200000.000000002,1026.75,9.0,East,4.0,9.0,6.0,Nepaltar, Kathmandu
55000000.0,2053.5,13.0,North-East,3.5,10.0,6.0,Maitrinagar, Kathmandu
190000000.0,8214.0,20.0,North-West,4.5,8.0,6.0,Thimi, Bhaktapur
33000000.0,1095.2,20.5,South-West,2.5,6.0,4.0,Imadol, Lalitpur
42500000.0,1711.25,16.0,East,3.0,7.0,6.0,Kharibot, Kathmandu
21000000.0,1369.0,20.0,North,2.0,4.0,2.0,Dharmasthali, Kathmandu
70000000.0,2053.5,13.0,West,3.5,4.0,5.0,Bhaisepati, Lalitpur
24000000.0,1369.0,15.0,South,1.0,2.0,1.0,Kapan, Kathmandu
41000000.0,1711.25,13.0,East,3.5,8.0,6.0,Ochu Height, Lalitpur
44500000.0,2121.9500000000003,12.0,South,3.0,6.0,3.0,Thapathali, Kathmandu
27500000.0,1026.75,22.0,South,3.5,6.0,7.0,Manamaiju, Kathmandu
45000000.0,1095.2,20.0,East,2.5,4.0,4.0,Imadol, Lalitpur
68000000.0,2738.0,20.0,South-West,3.0,5.0,6.0,Budhanilkantha, Kathmandu
42000000.0,1437.45,16.0,South-East,2.5,6.0,5.0,Basundhara, Kathmandu
43000000.0,1095.2,14.0,East,2.5,4.0,4.0,Imadol, Lalitpur
27000000.0,1026.75,20.0,West,2.5,4.0,4.0,Harisiddhi, Lalitpur
24000000.0,1095.2,13.0,East,2.5,4.0,3.0,Thaiba, Lalitpur
29000000.0,1095.2,14.0,North,2.5,4.0,3.0,Dhapasi, Kathmandu
57000000.0,2464.2000000000003,20.0,East,2.5,4.0,3.0,Tyanglafat, Kathmandu
20000000.0,1095.2,12.0,East,3.0,6.0,2.0,Imadol, Lalitpur
26500000.0,1369.0,13.0,West,3.0,8.0,8.0,Setipakha, Lalitpur
28000000.0,21904.0,13.0,South,2.5,6.0,4.0,Imadol, Lalitpur
52500000.0,2738.0,13.0,North,3.0,9.0,4.0,Budhanilkantha, Kathmandu
33500000.0,1711.25,20.0,East,2.5,7.0,4.0,Sanagaun, Lalitpur
22500000.0,1060.9750000000001,18.0,North,2.5,4.0,3.0,Sitapaila, Kathmandu
23000000.0,1026.75,13.0,South,2.5,7.0,3.0,Tikathali, Lalitpur
35000000.0,1369.0,13.0,South-East,2.5,5.0,4.0,Pasikot, Kathmandu
26500000.0,1060.9750000000001,20.0,South,2.5,4.0,4.0,Imadol, Lalitpur
16000000.0,1060.9750000000001,13.0,North-East,1.0,2.0,1.0,Tikathali, Lalitpur
27000000.0,2383.0,13.0,East,3.5,6.0,4.0,Chapali, Kathmandu
23000000.0,1026.75,13.0,South,2.5,7.0,3.0,Tikathali, Lalitpur
23000000.0,1026.75,13.0,South,2.5,4.0,3.0,Tikathali, Lalitpur
23000000.0,1026.75,10.0,North-West,3.0,4.0,2.0,Syuchatar, Kathmandu
23000000.0,1026.75,10.0,South,2.5,5.0,3.0,Kalanki, Kathmandu
38000000.0,1026.75,20.0,South-West,3.5,6.0,4.0,Baneshwor, Kathmandu
34500000.0,1403.225,13.0,North,2.5,5.0,4.0,Imadol, Lalitpur
26500000.0,1026.75,13.0,North,3.5,5.0,5.0,Imadol, Lalitpur
27000000.0,1095.2,15.0,South,2.5,4.0,4.0,Nakhipot, Lalitpur
39000000.0,1779.7,13.0,East,2.5,5.0,4.0,Buddha Chowk, Kathmandu
40000000.0,2053.5,4.0,West,2.5,6.0,4.0,New Buspark, Kathmandu
35000000.0,1026.75,13.0,West,5.0,17.0,12.0,New Buspark, Kathmandu
35000000.0,1095.2,13.0,South,2.5,5.0,3.0,Chhauni, Kathmandu
45000000.0,3080.25,26.0,North,2.5,5.0,2.0,Balkot, Bhaktapur
55000000.0,1779.7,13.0,North-West,3.5,8.0,7.0,Dhumbarahi, Kathmandu
51000000.0,1437.45,12.0,South,2.5,5.0,5.0,Bansbari, Kathmandu
26000000.0,1095.2,10.0,North,2.5,5.0,2.0,Naya Basti, Kathmandu
27000000.0,1026.75,13.0,North,2.5,5.0,3.0,Dhapasi, Kathmandu
38500000.0,1779.7,18.0,East,3.0,7.0,5.0,Imadol, Lalitpur
52000000.0,1471.675,12.0,South,2.5,4.0,5.0,Bansbari, Kathmandu
25500000.0,1026.75,13.0,North,2.5,6.0,3.0,Imadol, Lalitpur
27000000.0,1129.425,13.0,South-West,2.5,7.0,3.0,Baniyatar, Kathmandu
35000000.0,787.175,15.0,South-West,3.5,6.0,4.0,Banasthali, Kathmandu
140000000.0,2806.45,13.0,South,2.0,4.0,5.0,Bhaisepati, Lalitpur
17500000.0,1060.9750000000001,11.0,West,2.0,6.0,3.0,Godawari, Lalitpur
46500000.0,2121.9500000000003,13.0,North-West,3.5,4.0,5.0,Mandikhatar, Kathmandu
25000000.0,1369.0,8.0,South-East,3.5,4.0,2.0,Bouddha, Kathmandu
51000000.0,2053.5,20.0,East,2.5,4.0,2.0,Dhapasi, Kathmandu
63500000.0,2700.0,14.0,North-West,2.5,5.0,5.0,Sanepa, Lalitpur
23500000.0,752.95,12.0,North,2.5,6.0,2.0,Bafal, Kathmandu
38500000.0,1437.45,13.0,North,3.0,4.0,5.0,Kalanki, Kathmandu
21500000.0,787.175,13.0,East,2.5,9.0,3.0,Tikathali, Lalitpur
39000000.0,2395.75,12.0,East,2.5,7.0,4.0,Dhapasi, Kathmandu
27500000.0,1026.75,20.0,West,3.5,5.0,3.0,Imadol, Lalitpur
16000000.0,1369.0,10.0,South-East,2.0,2.0,2.0,Chandragiri, Kathmandu
72500000.0,3422.5,13.0,North-East,2.5,6.0,3.0,Maharajgunj, Kathmandu
29500000.0,1369.0,16.0,South,2.5,4.0,3.0,Golfutar, Kathmandu
120000000.0,4791.5,20.0,East,3.5,5.0,5.0,Maharajgunj, Kathmandu
26000000.0,1026.75,13.0,East,2.5,3.0,3.0,Imadol, Lalitpur
32500000.0,1129.425,23.0,West,2.5,6.0,4.0,Imadol, Lalitpur
40000000.0,1437.45,13.0,South,2.5,6.0,3.0,Imadol, Lalitpur
31500000.0,1060.9750000000001,13.0,West,2.5,4.0,4.0,Imadol, Lalitpur
33000000.0,1095.2,13.0,West,2.5,5.0,4.0,Imadol, Lalitpur
27000000.0,1403.225,13.0,North-West,2.5,7.0,4.0,Tikathali, Lalitpur
22500000.0,787.175,13.0,East,2.5,4.0,4.0,Setipakha, Lalitpur
33000000.0,1129.425,16.0,South,2.5,6.0,4.0,Ochu Height, Lalitpur
36000000.0,1026.75,20.0,East,2.5,6.0,5.0,Raniban, Kathmandu
39900000.0,1711.25,13.0,East,2.0,4.0,4.0,Nakkhu, Lalitpur
17000000.0,1369.0,10.0,East,2.5,7.0,3.0,Changathali, Lalitpur
24500000.0,1095.2,13.0,South,2.5,5.0,4.0,Ochu Height, Lalitpur
35000000.0,1369.0,13.0,West,2.5,5.0,5.0,Imadol, Lalitpur
100000000.0,6845.0,20.0,North-West,2.5,4.0,4.0,Pasikot, Kathmandu
38000000.0,2053.5,13.0,East,2.5,6.0,6.0,Sitapaila, Kathmandu
75000000.0,4449.25,13.0,North,2.5,5.0,5.0,Pepsicola, Kathmandu
31000000.0,1129.425,10.0,North,2.5,4.0,3.0,Ichangu Narayan, Kathmandu
32500000.0,1745.475,10.0,East,3.5,5.0,2.0,Pasikot, Kathmandu
36700000.0,1026.75,8.0,North-East,4.0,4.0,4.0,Maitidevi, Kathmandu
21600000.0,1026.75,11.0,North,3.5,8.0,4.0,Nepaltar, Kathmandu
28000000.0,1095.2,13.0,South,2.5,5.0,3.0,Nakhipot, Lalitpur
17500000.0,1129.425,10.0,South-East,2.5,3.0,3.0,Ramkot, Kathmandu
27000000.0,1197.875,20.0,South-West,2.5,5.0,4.0,Nakhipot, Lalitpur
25500000.0,1095.2,13.0,South,2.5,6.0,5.0,Hattiban, Lalitpur
36000000.0,1711.25,12.0,North,2.5,7.0,3.0,Chandol, Kathmandu
46000000.0,4358.0,27.0,North-East,3.5,5.0,6.0,Dhobikhola, Kathmandu
15000000.0,1026.75,13.0,West,1.5,3.0,2.0,Phutung, Kathmandu
25500000.0,1026.75,10.0,West,2.5,8.0,3.0,Lolang, Kathmandu
25000000.0,1060.9750000000001,13.0,North,2.5,6.0,3.0,Tikathali, Lalitpur
37000000.0,1711.25,13.0,South-West,2.5,6.0,6.0,Imadol, Lalitpur
39500000.0,1779.7,13.0,East,2.5,4.0,4.0,Kusunti, Lalitpur
135000000.0,4791.5,20.0,South-East,3.5,5.0,6.0,Dhapasi, Kathmandu
45000000.0,2087.725,13.0,West,2.5,5.0,5.0,Satdobato, Lalitpur
46000000.0,1026.75,10.0,South,4.0,8.0,5.0,Shantinagar, Kathmandu
30000000.0,1026.75,8.0,South,2.5,5.0,3.0,Maitidevi, Kathmandu
24000000.0,1369.0,14.0,East,2.0,4.0,2.0,Maharajgunj, Kathmandu
38000000.0,1369.0,10.0,East,2.5,3.0,3.0,Dhumbarahi, Kathmandu
25500000.0,1437.45,20.0,North-East,2.0,5.0,4.0,Kalanki, Kathmandu
31000000.0,1369.0,12.0,North,3.5,8.0,3.0,Kapan, Kathmandu
42500000.0,2158.0,20.0,South-East,2.5,4.0,4.0,Imadol, Lalitpur
74000000.0,3764.75,13.0,South,3.5,8.0,4.0,Sanobharyang, Kathmandu
22500000.0,1369.0,11.0,East,3.5,6.0,7.0,Nepaltar, Kathmandu
34000000.0,1369.0,13.0,South-East,2.5,5.0,4.0,Pasikot, Kathmandu
67500000.0,2738.0,11.5,South-East,2.0,9.0,6.0,Dhumbarahi, Kathmandu
37500000.0,1711.25,20.0,North-East,2.5,3.0,4.0,Sunakothi, Lalitpur
78000000.0,2053.5,13.0,North-East,2.5,4.0,5.0,Bhaisepati, Lalitpur
77000000.0,2121.9500000000003,20.0,West,2.5,4.0,5.0,Hattigaunda, Kathmandu
38000000.0,1369.0,18.0,South-East,2.5,4.0,3.0,Syuchatar, Kathmandu
15500000.0,787.175,13.0,South,1.0,2.0,1.0,Gwarko, Lalitpur
105000000.0,3764.75,11.0,East,2.0,4.0,4.0,Maharajgunj, Kathmandu
23500000.0,1026.75,13.0,East,2.5,4.0,4.0,Imadol, Lalitpur
18000000.0,1129.425,20.0,South,2.5,4.0,3.0,Thaiba, Lalitpur
27000000.0,1095.2,13.0,South,2.5,5.0,3.0,Ochu Height, Lalitpur
41500000.0,1369.0,6.0,South,4.0,5.0,5.0,Koteshwor, Kathmandu
31500000.0,1026.75,10.0,South-East,3.0,4.0,3.0,Shankhamul, Kathmandu
20400000.0,1026.75,11.5,South-West,2.5,4.0,3.0,Sanagaun, Lalitpur
41000000.0,1437.45,20.0,South,3.5,6.0,6.0,Chardobato, Bhaktapur
40000000.0,1471.675,13.0,West,2.5,4.0,3.0,Mandikhatar, Kathmandu
43500000.0,2053.5,13.0,North,3.0,6.0,4.0,Deuwa chowk, Kathmandu
58000000.0,3422.5,13.0,East,2.0,4.0,4.0,Dhapasi, Kathmandu
38000000.0,1369.0,10.0,East,2.5,8.0,5.0,Gothatar, Kathmandu
30000000.0,1095.2,13.0,North-West,3.0,12.0,5.0,Grande Hospital, Kathmandu
35000000.0,2053.5,16.5,North,2.5,7.0,4.0,Harisiddhi, Lalitpur
10000000.0,1026.75,8.0,East,1.0,2.0,1.0,Phutung, Kathmandu
30000000.0,1129.425,13.0,South-East,3.0,6.0,5.0,Chunikhel, Kathmandu
55000000.0,1711.25,13.0,South,3.0,3.0,4.0,Khumaltar, Lalitpur
19500000.0,752.95,10.0,South-West,2.5,4.0,3.0,Chunikhel, Kathmandu
68000000.0,2121.9500000000003,23.0,North-East,3.5,7.0,3.0,Shankhamul, Kathmandu
18000000.0,1779.7,11.0,East,3.5,4.0,4.0,Mandikhatar, Kathmandu
27000000.0,1060.9750000000001,13.0,South,2.5,4.0,3.0,Gwarko, Lalitpur
29000000.0,1369.0,13.0,North,2.5,5.0,4.0,Imadol, Lalitpur
27500000.0,1095.2,13.0,East,2.5,4.0,4.0,Imadol, Lalitpur
35000000.0,1026.75,14.0,North-East,4.0,4.0,7.0,Kirtipur, Kathmandu
11500000.0,1197.875,18.0,South,4.0,3.0,1.0,Thankot, Kathmandu
16500000.0,1060.9750000000001,13.0,West,2.0,5.0,1.0,Thankot, Kathmandu
28000000.0,1197.875,26.0,West,4.0,11.0,8.0,Balaju, Kathmandu
28000000.0,1060.9750000000001,11.0,East,3.5,8.0,6.0,Manamaiju, Kathmandu
35000000.0,1437.45,12.0,East,3.5,12.0,6.0,Narayantar, Kathmandu
13300000.0,1095.2,10.0,West,1.0,2.0,1.0,Thali, Kathmandu
28500000.0,1095.2,9.0,East,2.5,4.0,3.0,Bhangal , Kathmandu
58000000.0,3422.5,13.0,East,2.0,4.0,3.0,Dhapasi, Kathmandu
82000000.0,2053.5,10.0,South-East,3.0,8.0,3.0,Suryabinayak, Bhaktapur
17000000.0,752.95,13.0,North-East,2.5,5.0,2.0,Lubhu, Lalitpur
39000000.0,2053.5,14.5,South-West,3.0,6.0,6.0,Budhanilkantha, Kathmandu
16000000.0,1095.2,10.0,South-West,2.5,4.0,3.0,Jarankhu, Kathmandu
35000000.0,2738.0,13.0,North,2.5,5.0,4.0,Katunje, Bhaktapur
26500000.0,1060.9750000000001,20.0,South,2.5,4.0,3.0,Imadol, Lalitpur
40000000.0,1369.0,26.0,North,2.5,3.0,3.0,Imadol, Lalitpur
25000000.0,1026.75,10.0,South,3.5,7.0,3.0,Chunikhel, Kathmandu
35000000.0,2121.9500000000003,8.0,West,2.5,4.0,2.0,Chabahil, Kathmandu
18000000.0,1369.0,13.0,North-East,1.0,3.0,2.0,Matatirtha, Kathmandu
55000000.0,2121.9500000000003,13.0,South-East,2.5,6.0,5.0,Bansbari, Kathmandu
55000000.0,1437.45,40.0,South-East,2.5,3.0,4.0,Bhaisepati, Lalitpur
36500000.0,1711.25,13.0,South,3.0,5.0,4.0,Bafal, Kathmandu
61500000.0,2053.5,13.0,South,2.5,5.0,3.0,Chapali, Kathmandu
17000000.0,1095.2,10.0,South-East,2.5,6.0,3.0,Chandragiri, Kathmandu
13500000.0,1026.75,22.0,West,3.0,7.0,2.0,Thankot, Kathmandu
25500000.0,1026.75,13.0,West,2.5,4.0,4.0,Imadol, Lalitpur
25000000.0,1437.45,12.0,South-West,2.5,6.0,3.0,Manamaiju, Kathmandu
29000000.0,4107.0,13.0,South,2.5,14.0,6.0,Godamchaur, Lalitpur
51500000.0,2840.675,13.0,South-West,2.0,5.0,3.0,Budhanilkantha, Kathmandu
58000000.0,3422.5,13.0,East,2.5,4.0,2.0,Dhapasi, Kathmandu
23500000.0,855.625,13.0,East,4.0,3.0,3.0,Banasthali, Kathmandu
45000000.0,2053.5,5.0,South,3.5,7.0,4.0,Kumaripati, Lalitpur
37000000.0,1095.2,13.0,North-East,2.5,4.0,3.0,Bafal, Kathmandu
32500000.0,1813.925,13.0,South-East,3.0,6.0,3.0,Kapan, Kathmandu
27000000.0,1095.2,20.0,West,2.5,5.0,4.0,Imadol, Lalitpur
28500000.0,1129.425,13.0,North-West,2.5,4.0,4.0,Imadol, Lalitpur
15000000.0,1026.75,17.0,South,2.5,4.0,3.0,Danchhi, Kathmandu
27500000.0,1026.75,13.0,South-East,3.0,5.0,3.0,Imadol, Lalitpur
18000000.0,1369.0,13.0,North-East,1.0,3.0,2.0,Matatirtha, Kathmandu
24500000.0,1026.75,10.0,North-East,2.5,7.0,4.0,Tyanglafat, Kathmandu
25500000.0,1026.75,13.0,West,3.0,5.0,3.0,Kageshwori, Kathmandu
23500000.0,1060.9750000000001,13.0,North,2.5,4.0,5.0,Imadol, Lalitpur
21000000.0,15743.5,13.0,North,2.5,4.0,4.0,Imadol, Lalitpur
42500000.0,1369.0,13.0,South,2.5,6.0,4.0,Imadol, Lalitpur
40000000.0,1711.25,15.0,South-East,2.5,6.0,6.0,Budhanilkantha, Kathmandu
30000000.0,1026.75,13.0,West,2.5,4.0,3.0,Thulobharyang, Kathmandu
55000000.0,1437.45,13.5,South,2.0,3.0,4.0,Bhaisepati, Lalitpur
40000000.0,1711.25,15.0,South-East,2.5,6.0,6.0,Budhanilkantha, Kathmandu
38000000.0,1745.475,14.0,South,2.5,5.0,3.0,Pasikot, Kathmandu
25500000.0,1095.2,20.0,East,2.5,9.0,7.0,Nakhipot, Lalitpur
31000000.0,1129.425,15.0,South-West,2.5,5.0,4.0,Bhaisepati, Lalitpur
67500000.0,2464.2000000000003,13.0,North-East,2.5,6.0,4.0,Kupandole, Lalitpur
55000000.0,1779.7,16.0,South-East,2.5,5.0,4.0,Bhaisepati, Lalitpur
32500000.0,1129.425,13.0,South-East,2.5,4.0,4.0,Bhaisepati, Lalitpur
36000000.0,2395.75,12.5,North-East,2.5,6.0,2.0,Imadol, Lalitpur
27500000.0,1060.9750000000001,16.0,South-West,2.5,3.0,3.0,Golfutar, Kathmandu
43000000.0,1711.25,10.0,South,3.5,17.0,10.0,Lainchaur, Kathmandu
77500000.0,3080.25,20.0,South-West,2.5,5.0,4.0,Thado Dhunga, Lalitpur
42500000.0,2053.5,20.0,South-East,2.5,3.0,3.0,Sunakothi, Lalitpur
54000000.0,1813.925,20.0,South-East,2.5,7.0,4.0,Bagdol, Lalitpur
45000000.0,1711.25,15.0,North-West,2.5,5.0,6.0,Budhanilkantha, Kathmandu
38000000.0,1745.475,14.0,South-West,2.5,5.0,3.0,Pasikot, Kathmandu
20500000.0,1026.75,20.0,South-East,3.0,4.0,3.0,Katunje, Bhaktapur
50000000.0,1745.475,13.0,South,2.5,4.0,5.0,Rudreshwor, Kathmandu
29000000.0,1095.2,16.0,West,2.5,5.0,5.0,Golfutar, Kathmandu
29000000.0,1095.2,13.5,South-East,2.5,3.0,3.0,Dhapakhel, Lalitpur
25000000.0,1403.225,12.0,West,2.5,6.0,5.0,Bauthali, Kathmandu
29500000.0,1095.2,13.0,East,2.0,5.0,5.0,Tikathali, Lalitpur
30000000.0,1437.45,4.0,South,1.0,2.0,2.0,Kalopool, Kathmandu
62500000.0,1813.925,16.0,South-West,2.5,3.0,3.0,Bhaisepati, Lalitpur
39000000.0,1711.25,13.0,East,2.5,4.0,4.0,Nakkhu, Lalitpur
31000000.0,1369.0,13.0,South-East,2.5,5.0,4.0,Sitapaila, Kathmandu
26000000.0,1060.9750000000001,13.0,North,2.0,4.0,5.0,Imadol, Lalitpur
41000000.0,1369.0,13.0,South-West,2.0,5.0,5.0,Bhaisepati, Lalitpur
40000000.0,1471.675,13.0,West,2.5,5.0,4.0,Budhanilkantha, Kathmandu
95000000.0,2087.725,15.129443326626426,South-West,3.5,23.0,8.0,Naya Bazar, Kathmandu
32500000.0,1129.425,13.0,South-West,2.5,4.0,4.0,Bhaisepati, Lalitpur
43000000.0,1711.25,18.0,South,2.5,5.0,3.0,Nakkhu, Lalitpur
65000000.0,4107.0,13.0,South,3.0,7.0,3.0,Imadol, Lalitpur
38500000.0,1437.45,13.5,South,2.0,3.0,4.0,Bhaisepati, Lalitpur
37500000.0,2395.75,13.0,South,2.5,4.0,3.0,Sitapaila, Kathmandu
37000000.0,1369.0,10.0,North,3.0,6.0,4.0,Syuchatar, Kathmandu
55000000.0,2566.875,19.5,South-West,3.5,7.0,8.0,Budhanilkantha, Kathmandu
53500000.0,2429.975,18.5,South-West,3.5,7.0,5.0,Pasikot, Kathmandu
35000000.0,1403.225,20.0,East,2.5,5.0,4.0,Sunakothi, Lalitpur
70000000.0,2156.1749999999997,11.0,South,2.0,6.0,5.0,Gahana Pokhari, Kathmandu
190000000.0,3490.95,13.0,South-West,5.0,10.0,8.0,Tahachal, Kathmandu
102000000.0,3080.25,20.0,West,2.5,5.0,4.0,Bhimsengola, Kathmandu
95000000.0,3422.5,13.0,South,2.5,5.0,4.0,Battisputali, Kathmandu
39000000.0,1711.25,13.0,North-East,2.5,5.0,3.0,Sundarbasti, Kathmandu
27000000.0,1060.9750000000001,13.0,South-East,2.5,6.0,3.0,Besigaun, Kathmandu
13000000.0,1026.75,13.0,East,1.0,2.0,1.0,Gorkarneshwor, Kathmandu
40500000.0,1882.375,13.0,North-East,2.0,4.0,3.0,Kusunti, Lalitpur
33000000.0,2053.5,13.0,South-East,2.5,6.0,4.0,Pasikot, Kathmandu
62500000.0,2121.9500000000003,15.0,North-East,2.5,6.0,6.0,Budhanilkantha, Kathmandu
33000000.0,1437.45,13.0,South-East,2.5,8.0,6.0,Sanagaun, Lalitpur
50000000.0,2395.75,13.0,South,2.5,4.0,4.0,Bansbari, Kathmandu
26000000.0,1129.425,13.0,North-East,2.5,5.0,3.0,Imadol, Lalitpur
23500000.0,1060.9750000000001,13.0,North,2.5,3.0,4.0,Imadol, Lalitpur
70000000.0,3114.475,10.0,East,4.5,12.0,4.0,Satdobato, Lalitpur
32500000.0,1369.0,13.0,East,2.5,11.0,2.0,Gaushala, Kathmandu
32000000.0,1369.0,20.0,North,2.5,4.0,4.0,Goldhunga, Kathmandu
125000000.0,6160.5,15.0,East,2.5,5.0,5.0,Budhanilkantha, Kathmandu
32500000.0,1197.875,14.0,South-West,2.5,5.0,5.0,Ganesh Chowk, Kathmandu
25000000.0,1060.9750000000001,16.0,North-East,2.5,4.0,3.0,Nagarjun, Kathmandu
41000000.0,1779.7,13.0,South-West,3.0,5.0,4.0,Wasik, Kathmandu
45000000.0,2395.75,15.0,East,2.5,4.0,3.0,Sukedhara, Kathmandu
50000000.0,1779.7,20.0,South-West,2.5,4.0,3.0,Thaiba, Lalitpur
95000000.0,3764.75,17.0,North-West,2.5,6.0,4.0,Katunje, Bhaktapur
47500000.0,2087.725,15.0,South-East,2.5,3.0,4.0,Dhapasi, Kathmandu
53500000.0,2772.225,12.0,North-West,4.0,8.0,4.0,Narayantar, Kathmandu
39000000.0,1369.0,14.0,South,2.5,6.0,4.0,Sukedhara, Kathmandu
55000000.0,3764.75,15.0,East,2.5,4.0,5.0,Narayanthan , Kathmandu
49000000.0,1745.475,13.0,East,2.5,5.0,6.0,Rudreshwor, Kathmandu
36500000.0,2121.9500000000003,13.0,North-East,3.0,4.0,3.0,Hattigaunda, Kathmandu
27000000.0,1129.425,13.0,East,2.5,6.0,4.0,Dhapakhel, Lalitpur
33000000.0,1369.0,13.5,West,2.5,5.0,4.0,Dholahiti, Lalitpur
28000000.0,1026.75,13.0,North,3.5,8.0,4.0,Lokanthali, Bhaktapur
24000000.0,1026.75,14.5,North-West,3.0,7.0,3.0,Birendra Chowk, Kathmandu
27000000.0,1060.9750000000001,13.0,South,3.0,5.0,4.0,Gwarko, Lalitpur
46500000.0,1369.0,14.0,South-East,2.5,4.0,4.0,Bhaisepati, Lalitpur
20000000.0,1745.475,26.0,South,3.0,3.0,3.0,Matatirtha, Kathmandu
36000000.0,2395.75,20.0,North-East,2.5,5.0,2.0,Imadol, Lalitpur
30000000.0,1026.75,12.0,West,2.0,5.0,4.0,Bhaisepati, Lalitpur
51000000.0,1711.25,20.0,West,2.5,5.0,4.0,Bhaisepati, Lalitpur
130000000.0,444.925,12.0,South,2.5,7.0,4.0,Mahalaxmisthan, Lalitpur
210000000.0,6160.5,20.0,East,2.5,6.0,5.0,Bhaisepati, Lalitpur
23500000.0,1026.75,13.0,East,2.5,5.0,3.0,Imadol, Lalitpur
70000000.0,3422.5,13.0,South,4.5,13.0,9.0,Satdobato, Lalitpur
25000000.0,1095.2,13.0,South,2.5,6.0,2.0,Syuchatar, Kathmandu
40000000.0,1711.25,6.5,North,2.0,5.0,2.0,Tinthana, Kathmandu
32000000.0,1095.2,10.5,West,3.0,8.0,4.0,Kumarigal, Kathmandu
115000000.0,6160.5,13.0,South-West,2.5,5.0,4.0,Budhanilkantha, Kathmandu
80000000.0,3422.5,13.0,West,3.0,6.0,5.0,Tripureshwor, Kathmandu
29500000.0,1437.45,16.0,South,2.5,4.0,3.0,Sitapaila, Kathmandu
48000000.0,2806.45,13.0,North-East,3.0,7.0,5.0,Purano Naikap, Kathmandu
31500000.0,1711.25,13.0,East,2.5,5.0,5.0,Sitapaila, Kathmandu
26000000.0,1437.45,18.0,East,2.5,5.0,4.0,Dhapakhel, Lalitpur
61500000.0,752.95,20.0,South-East,4.5,21.0,21.0,Tilganga, Kathmandu
35000000.0,1095.2,16.0,North,2.0,3.0,3.0,Bhaisepati, Lalitpur
21000000.0,1369.0,20.0,East,2.0,4.0,3.0,Mulpani, Kathmandu
23000000.0,1095.2,10.0,South,2.5,5.0,3.0,Jorpati, Kathmandu
20000000.0,1060.9750000000001,10.0,North,2.5,4.0,2.0,Naikap, Kathmandu
30000000.0,21904.0,13.0,South,3.0,6.0,3.0,Rai Chowk, Kathmandu
36500000.0,1437.45,20.0,North-East,2.5,4.0,3.0,Sitapaila, Kathmandu
30000000.0,1095.2,12.0,North,2.5,6.0,4.0,Bhangal , Kathmandu
130000000.0,68450.0,14.0,South-West,2.5,4.0,4.0,Bishalnagar, Kathmandu
95000000.0,4791.5,40.0,North,3.0,9.0,10.0,Simaltar, Kathmandu
42500000.0,2053.5,15.0,East,2.5,3.0,3.0,Sunakothi, Lalitpur
50000000.0,1437.45,36.0,North-East,3.5,3.0,5.0,Pepsicola, Kathmandu
53500000.0,2738.0,13.0,West,2.5,13.0,5.0,Budhanilkantha, Kathmandu
26000000.0,1026.75,13.0,East,2.5,4.0,3.0,Satdobato, Lalitpur
55000000.0,1711.25,16.0,South-West,2.5,4.0,5.0,Bhaisepati, Lalitpur
6500000.0,9240.75,15.0,West,2.5,9.0,6.0,Budhanilkantha, Kathmandu
36000000.0,1369.0,15.0,West,2.5,4.0,5.0,Budhanilkantha, Kathmandu
42500000.0,1711.25,18.0,South,2.5,6.0,5.0,Dhapasi, Kathmandu
42500000.0,1437.45,36.0,North-East,4.0,16.0,4.0,Balkumari, Lalitpur
27000000.0,1095.2,13.0,North,2.5,6.0,3.0,Kadaghari, Kathmandu
28500000.0,1095.2,16.0,East,2.5,4.0,4.0,Dhapasi, Kathmandu
36500000.0,1369.0,12.0,South,2.5,5.0,4.0,Bafal, Kathmandu
32000000.0,1437.45,20.0,West,2.5,5.0,4.0,Nakhipot, Lalitpur
77500000.0,2772.225,20.0,East,3.0,5.0,5.0,Italitar, Kathmandu
50000000.0,1745.475,16.0,East,3.0,4.0,5.0,Rudreshwor, Kathmandu
28000000.0,1129.425,13.0,North-East,3.0,5.0,3.0,Chapali, Kathmandu
92000000.0,3422.5,20.0,South-East,2.5,6.0,5.0,Phulbari Colony, Kathmandu
35000000.0,27380.0,13.0,West,3.5,7.0,4.0,Jarankhu, Kathmandu
12500000.0,8214.0,13.0,South-East,3.0,8.0,6.0,Charkhal, Kathmandu
45000000.0,1711.25,15.0,North-East,2.5,6.0,5.0,Hattigaunda, Kathmandu
72000000.0,2738.0,20.0,West,2.5,7.0,5.0,Balkhu, Kathmandu
6500000.0,9240.75,13.0,South,2.5,6.0,5.0,Mandikhatar, Kathmandu
45000000.0,1471.675,13.0,South,2.5,5.0,4.0,Deuwa chowk, Kathmandu
45000000.0,1711.25,13.0,North,3.0,6.0,4.0,Hattigaunda, Kathmandu
39500000.0,1711.25,13.0,East,2.5,4.0,4.0,Nakkhu, Lalitpur
45000000.0,1437.45,20.0,South-West,3.0,3.0,3.0,Hepali Height, Kathmandu
41000000.0,1369.0,20.0,South-East,3.0,5.0,4.0,Dhapasi, Kathmandu
38000000.0,1129.425,13.0,East,3.0,4.0,4.0,Bhaisepati, Lalitpur
37500000.0,1369.0,13.0,East,3.0,6.0,4.0,Dhapasi, Kathmandu
65000000.0,2121.9500000000003,14.0,East,2.5,6.0,7.0,Hattigaunda, Kathmandu
90000000.0,2738.0,20.0,South,2.0,4.0,5.0,Hattiban, Lalitpur
24900000.000000004,787.175,20.0,North,2.5,3.0,3.0,Balkhu, Lalitpur
45000000.0,1711.25,16.0,South,2.0,4.0,4.0,Bhaisepati, Lalitpur
14000000.0,1095.2,14.0,West,2.0,3.0,2.0,Bhaktapur, Bhaktapur
59500000.0,2053.5,13.0,South,3.0,5.0,5.0,Rudreshwor, Kathmandu
30000000.0,1471.675,12.0,West,2.5,5.0,4.0,Paiyuntar, Kathmandu
50000000.0,1745.475,15.0,East,2.5,4.0,5.0,Budhanilkantha, Kathmandu
45000000.0,1779.7,13.0,South-West,2.5,5.0,4.0,Ganesh Chowk, Kathmandu
96000000.0,5476.0,15.0,South-East,2.5,7.0,6.0,Bansbari, Kathmandu
36000000.0,1711.25,13.0,North,3.5,6.0,5.0,Kapan, Kathmandu
135000000.0,7187.25,20.0,East,2.5,6.0,6.0,Siddhartha Colony, Kathmandu
42500000.0,1129.425,16.0,South,2.5,5.0,5.0,Narayanthan , Kathmandu
53000000.0,1779.7,13.0,South-West,2.5,4.0,4.0,Nakkhu, Lalitpur
40000000.0,1711.25,20.0,West,2.5,5.0,4.0,Bhaisepati, Lalitpur
150000000.0,2806.45,13.0,South,2.5,6.0,7.0,Bhaisepati, Lalitpur
36500000.0,2121.9500000000003,15.0,East,2.5,5.0,5.0,Hattigaunda, Kathmandu
39900000.0,1711.25,15.0,East,2.5,4.0,4.0,Bhaisepati, Lalitpur
67400000.0,3490.95,20.0,North-West,2.0,4.0,3.0,Sitapaila, Kathmandu
110000000.0,5133.75,15.0,North-East,2.5,5.0,6.0,Budhanilkantha, Kathmandu
31500000.0,1369.0,13.0,South,2.5,11.0,5.0,Gongabu, Kathmandu
47500000.0,1437.45,13.0,South-East,2.5,5.0,4.0,Bhaisepati, Lalitpur
25000000.0,1369.0,12.0,South-East,2.5,5.0,3.0,Jarankhu, Kathmandu
18500000.0,1437.45,26.0,West,2.5,4.0,3.0,Dhapakhel, Lalitpur
21000000.0,1129.425,10.0,East,3.5,10.0,3.0,Sudal, Bhaktapur
35000000.0,2053.5,22.0,North-East,2.5,6.0,4.0,Khumaltar, Lalitpur
52500000.0,2738.0,12.0,East,3.0,8.0,4.0,Deuwa chowk, Kathmandu
45000000.0,2738.0,13.0,North-East,2.5,5.0,4.0,Machhegaun , Kathmandu
26500000.0,1095.2,11.0,North-West,2.5,4.0,4.0,Imadol, Lalitpur
110000000.0,6502.75,15.0,North,2.5,11.0,9.0,Swoyambhu, Kathmandu
42500000.0,1779.7,18.0,West,2.5,7.0,4.0,Khumaltar, Lalitpur
62500000.0,2738.0,14.5,South-East,2.5,6.0,3.0,Radhe Radhe, Bhaktapur
42000000.0,2806.45,13.0,North-East,2.0,4.0,3.0,Dhapakhel, Lalitpur
29000000.0,1026.75,26.0,South-East,2.5,3.0,3.0,Dhapakhel, Lalitpur
32000000.0,1369.0,20.0,South,2.5,4.0,4.0,Budhanilkantha, Kathmandu
77500000.0,3148.7,16.0,East,2.5,4.0,4.0,Sanepa, Lalitpur
20000000.0,1026.75,13.0,East,2.0,5.0,2.0,Boharatar, Kathmandu
48000000.0,1369.0,25.0,North-East,2.5,6.0,5.0,Budhanilkantha, Kathmandu
40000000.0,1026.75,20.0,South,2.5,4.0,4.0,Jhamsikhel, Lalitpur
36000000.0,1711.25,45.0,South,2.5,6.0,3.0,Ekantakuna, Lalitpur
55000000.0,2144.897811871227,16.0,North,2.5,4.0,4.0,Godawari, Lalitpur
55000000.0,1711.25,20.0,South-West,2.5,4.0,5.0,Bhaisepati, Lalitpur
32500000.0,6845.0,18.0,North,2.5,4.0,4.0,Muhanpokhari, Kathmandu
135000000.0,7187.25,20.0,East,2.0,6.0,6.0,Budhanilkantha, Kathmandu
26000000.0,1026.75,10.0,North,3.5,8.0,4.0,Pepsicola, Kathmandu
45000000.0,1711.25,20.0,North,2.5,4.0,5.0,Sanobharyang, Kathmandu
105000000.0,2429.975,16.0,South,4.5,10.0,8.0,Khusibu, Kathmandu
70000000.0,2395.75,12.0,East,2.5,4.0,3.0,Sukedhara, Kathmandu
20500000.0,752.95,13.0,North,2.5,4.0,4.0,Imadol, Lalitpur
22500000.0,752.95,10.0,South,2.5,4.0,2.0,Lazimpat, Kathmandu
24000000.0,1026.75,11.0,South,3.0,5.0,3.0,Tokha, Kathmandu
55000000.0,1437.45,28.0,South-East,2.5,3.0,4.0,Bhaisepati, Lalitpur
90000000.0,4141.224999999999,16.0,South,2.5,5.0,4.0,Maharajgunj, Kathmandu
62500000.0,3148.7,13.0,South,2.0,4.0,3.0,Bansbari, Kathmandu
70000000.0,2738.0,20.0,West,2.5,6.0,5.0,Budhanilkantha, Kathmandu
31500000.0,1095.2,20.0,North-East,2.5,5.0,5.0,Golfutar, Kathmandu
70000000.0,3764.75,12.0,East,3.5,9.0,10.0,Lolang, Kathmandu
26000000.0,1369.0,10.0,North-East,2.5,6.0,3.0,Tokha, Kathmandu
140000000.0,3422.5,14.0,West,3.5,6.0,6.0,Baluwatar, Kathmandu
57500000.0,2053.5,15.0,South,2.5,5.0,5.0,Rudreshwor, Kathmandu
100000000.0,2738.0,16.0,South,3.0,5.0,3.0,Bishalnagar, Kathmandu
33500000.0,1711.25,13.0,South,2.5,5.0,4.0,Pasikot, Kathmandu
175000000.0,5818.25,15.0,South-East,2.5,5.0,5.0,Budhanilkantha, Kathmandu
16000000.0,752.95,11.0,South,2.5,4.0,5.0,Ekatabasti, Kathmandu
14500000.0,1026.75,11.0,North,1.5,4.0,1.0,Imadol, Lalitpur
26000000.0,1437.45,16.0,South,2.5,5.0,3.0,Banasthali, Kathmandu
44000000.0,1129.425,20.0,North,2.5,4.0,4.0,Bhaisepati, Lalitpur
21500000.0,1129.425,13.0,West,2.5,5.0,3.0,Duwakot, Bhaktapur
39500000.0,1711.25,13.0,South-East,3.0,7.0,5.0,Budhanilkantha, Kathmandu
30000000.0,1437.45,12.0,North,2.5,6.0,3.0,Sitapaila, Kathmandu
23000000.0,1026.75,12.0,East,2.5,4.0,4.0,Imadol, Lalitpur
14000000.0,1026.75,12.0,South-West,1.0,2.0,1.0,Kapan, Kathmandu
29000000.0,2244.0,20.0,South,2.5,4.0,4.0,Nakhipot, Lalitpur
5900000.0,5476.0,36.0,North-West,2.5,5.0,4.0,Thimi, Bhaktapur
175000000.0,5818.25,50.0,South-East,2.5,5.0,5.0,Budhanilkantha, Kathmandu
36500000.0,1095.2,13.0,East,2.5,3.0,4.0,Khumaltar, Lalitpur
59500000.0,2053.5,16.5,South-West,2.5,5.0,5.0,Bhaisepati, Lalitpur
26500000.0,787.175,13.0,South-East,4.0,9.0,3.0,Jadibuti, Kathmandu
41000000.0,1129.425,20.0,North,2.5,4.0,4.0,Bhaisepati, Lalitpur
55000000.0,2121.9500000000003,13.0,South,5.0,20.0,22.0,Gongabu, Kathmandu
40000000.0,2156.1749999999997,25.0,South,2.5,4.0,3.0,Gothatar, Kathmandu
37500000.0,1060.9750000000001,10.0,West,3.5,8.0,3.0,Gongabu, Kathmandu
43500000.0,1437.45,16.0,West,2.5,3.0,3.0,Golfutar, Kathmandu
31000000.0,1129.425,13.0,South-West,2.5,5.0,3.0,Dhapasi, Kathmandu
31000000.0,1369.0,12.0,South,2.5,4.0,4.0,Banasthali, Kathmandu
27500000.0,1369.0,13.0,South,2.0,5.0,3.0,Manjushree Marga, Lalitpur
32000000.0,1026.75,15.0,North-West,2.5,6.0,5.0,Budhanilkantha, Kathmandu
52500000.0,2464.2000000000003,15.0,South,2.5,7.0,5.0,Handigaun, Kathmandu
60000000.0,2053.5,13.0,South,3.5,5.0,5.0,Chakupat, Lalitpur
21500000.0,1471.675,14.0,North,1.0,2.0,1.0,Satungal, Kathmandu
57500000.0,2053.5,15.0,South-East,2.5,6.0,5.0,Hattigaunda, Kathmandu
55000000.0,2121.9500000000003,13.0,South-East,2.5,6.0,5.0,Bansbari, Kathmandu
35000000.0,1060.9750000000001,16.5,South,4.5,4.0,2.0,Ghattekulo, Kathmandu
65000000.0,2087.725,16.5,South,3.5,10.0,4.0,Ghattekulo, Kathmandu
30500000.0,1129.425,15.0,West,3.0,5.0,4.0,Samakhusi, Kathmandu
82000000.0,3422.5,17.5,South-East,2.5,4.0,5.0,Budhanilkantha, Kathmandu
30000000.0,1095.2,13.0,South,3.0,6.0,3.0,Narayantar, Kathmandu
46500000.0,1711.25,16.0,South,2.5,5.0,4.0,Budhanilkantha, Kathmandu
24000000.0,1026.75,11.0,South,3.0,6.0,3.0,Narayantar, Kathmandu
47500000.0,4080.0,12.0,South,3.5,9.0,4.0,Sorhakhutte, Kathmandu
28000000.0,1900.0,20.0,South,2.5,6.0,4.0,Raniban, Kathmandu
29000000.0,1095.2,12.0,North,2.5,6.0,5.0,Budhanilkantha, Kathmandu
37000000.0,1711.25,10.0,West,2.0,4.0,2.0,Gongabu, Kathmandu
71500000.0,2053.5,12.5,East,3.5,8.0,7.0,Baluwatar, Kathmandu
62000000.0,2087.725,15.0,South,2.5,6.0,5.0,Ganesh Chowk, Kathmandu
22500000.0,752.95,13.0,East,4.0,20.0,10.0,Gongabu, Kathmandu
45000000.0,1711.25,13.0,West,2.5,6.0,5.0,Budhanilkantha, Kathmandu
31000000.0,1437.45,16.5,North,2.5,6.0,5.0,Nakkhu, Lalitpur
55000000.0,2738.0,10.0,South,2.5,4.0,3.0,Baluwatar, Kathmandu
35500000.0,1437.45,14.0,South,3.5,6.0,5.0,Gwarko, Lalitpur
56000000.0,2395.75,14.0,West,3.5,7.0,6.0,Gothatar, Kathmandu
92500000.0,3148.7,13.0,South-East,3.0,5.0,5.0,Kalimati, Kathmandu
33000000.0,1369.0,13.0,North,2.5,6.0,5.0,Samakhushi chowk, Kathmandu
65000000.0,2053.5,20.0,South-East,2.5,5.0,4.0,Dhumbarahi, Kathmandu
130000000.0,4449.25,30.0,North-West,3.5,5.0,5.0,Lazimpat, Kathmandu
36000000.0,1403.225,10.0,North-East,3.0,5.0,3.0,Nakkhu, Lalitpur
21500000.0,1779.7,5.0,South-East,2.5,5.0,2.0,Chabahil, Kathmandu
33500000.0,1403.225,15.0,South-West,2.5,5.0,5.0,Chapali, Kathmandu
26500000.0,1060.9750000000001,18.0,North,2.5,4.0,4.0,Budhanilkantha, Kathmandu
37000000.0,2053.5,13.0,North,2.5,6.0,5.0,Budhanilkantha, Kathmandu
12000000.0,1026.75,13.0,South-East,1.0,2.0,1.0,Lamatar, Lalitpur
60000000.0,2840.675,13.0,East,3.5,4.0,5.0,Bafal, Kathmandu
29000000.0,1369.0,13.0,North-East,4.5,11.0,4.0,Kadaghari, Kathmandu
82000000.0,3422.5,15.0,South,2.5,4.0,5.0,Budhanilkantha, Kathmandu
39500000.0,1403.225,13.0,North-East,3.0,7.0,5.0,Hattiban, Lalitpur
35000000.0,1026.75,20.0,South,2.5,3.0,4.0,Karyabinayak, Lalitpur
25000000.0,718.725,13.0,West,2.0,6.0,2.0,Gwarko, Lalitpur
62500000.0,2121.9500000000003,13.0,South-West,2.5,5.0,6.0,Bhaisepati, Lalitpur
52500000.0,2121.9500000000003,13.0,North,4.0,36.0,17.0,Shantinagar, Kathmandu
82000000.0,3422.5,15.0,South,2.5,4.0,5.0,Budhanilkantha, Kathmandu
49500000.0,2738.0,13.0,East,2.5,8.0,5.0,Deuwa chowk, Kathmandu
33500000.0,1403.225,15.0,South-West,2.5,5.0,5.0,Chapali, Kathmandu
45000000.0,2806.45,12.5,South-East,2.5,6.0,3.0,Budhanilkantha, Kathmandu
30000000.0,3080.25,13.0,North,2.5,5.0,4.0,Muhanpokhari, Kathmandu
87500000.0,3764.75,15.0,East,2.5,5.0,7.0,Mandikhatar, Kathmandu
34000000.0,1711.25,13.0,North-East,2.5,6.0,5.0,Pasikot, Kathmandu
44500000.0,1711.25,15.0,West,2.5,5.0,5.0,Golfutar, Kathmandu
110000000.0,6160.5,18.0,West,2.5,5.0,4.0,Narayanthan , Kathmandu
85000000.0,3764.75,15.0,North,2.5,5.0,5.0,Narayanthan , Kathmandu
28500000.0,1403.225,13.0,South,2.5,6.0,5.0,Chunikhel, Kathmandu
27500000.0,1369.0,13.0,South,2.5,5.0,4.0,Bhaisepati, Lalitpur
65000000.0,2087.725,14.0,South,2.5,5.0,4.0,Golfutar, Kathmandu
49500000.0,1369.0,13.0,South-East,2.5,4.0,4.0,Bhaisepati, Lalitpur
3000000.0,3080.25,4.0,East,2.5,4.0,2.0,Tinthana, Kathmandu
17000000.0,1129.425,10.0,South,2.5,5.0,3.0,Goldhunga, Kathmandu
25000000.0,1026.75,16.0,South-East,3.5,4.0,5.0,Bhaisepati, Lalitpur
45000000.0,1711.25,20.0,South-East,3.5,7.0,7.0,Pingalasthan, Kathmandu
35000000.0,1711.25,13.0,West,2.5,5.0,5.0,Rudreshwor, Kathmandu
60000000.0,3114.475,13.0,South-West,2.5,4.0,5.0,Budhanilkantha, Kathmandu
22000000.0,787.175,15.0,North-West,3.5,7.0,3.0,Sitapaila, Kathmandu
85000000.0,1403.225,20.0,South,3.5,7.0,4.0,Syuchatar, Kathmandu
26000000.0,1026.75,14.0,South-West,2.5,3.0,4.0,Grande Hospital, Kathmandu
145000000.0,5133.75,20.0,North-East,2.5,4.0,5.0,Mandikhatar, Kathmandu
27500000.0,1437.45,13.0,South,2.5,4.0,4.0,Bafal, Kathmandu
51000000.0,1471.675,20.0,West,2.5,4.0,3.0,Vinayak Colony, Lalitpur
27500000.0,1095.2,20.0,South,2.5,4.0,5.0,Bhaisepati, Lalitpur
40000000.0,1369.0,27.0,South-West,2.5,4.0,5.0,Dhapakhel, Lalitpur
61000000.0,2053.5,15.0,North-East,2.5,6.0,5.0,Budhanilkantha, Kathmandu
165000000.0,3080.25,32.0,West,6.5,4.0,9.0,Jalpa Chowk, Kathmandu
26000000.0,1026.75,13.0,South-West,2.5,5.0,3.0,Kadaghari, Kathmandu
19500000.0,1026.75,13.0,West,2.5,5.0,3.0,Makalbari, Kathmandu
65500000.0,2806.45,12.0,South-East,2.5,6.0,4.0,Tenzing Chowk, Kathmandu
32000000.0,1129.425,16.5,North-East,2.5,4.0,4.0,Bhaisepati, Lalitpur
155000000.0,6263.175,14.0,South,3.0,5.0,5.0,Siddhartha Colony, Kathmandu
36000000.0,1403.225,16.0,South-East,3.5,7.0,7.0,Dhapasi, Kathmandu
18500000.0,1060.9750000000001,10.0,West,4.0,7.0,5.0,Paiyuntar, Kathmandu
100000000.0,4791.5,13.0,South,3.5,8.0,6.0,Maitidevi, Kathmandu
27000000.0,1026.75,20.0,North-East,2.5,5.0,4.0,Dhapakhel, Lalitpur
28500000.0,1471.675,13.0,South,2.0,4.0,2.0,Changathali, Lalitpur
51000000.0,1471.675,20.0,West,2.5,4.0,2.0,Vinayak Colony, Lalitpur
42500000.0,2053.5,12.5,South-West,3.0,8.0,3.0,Balkhu, Kathmandu
22300000.0,1026.75,16.0,North,2.5,3.0,3.0,Balkhu, Kathmandu
100000000.0,6845.0,13.0,North,2.5,5.0,3.0,Thulobharyang, Kathmandu
30000000.0,1471.675,15.0,West,3.5,6.0,3.0,Suryadarshan Height, Kathmandu
25000000.0,1129.425,13.0,South-West,2.5,5.0,4.0,Imadol, Lalitpur
21800000.0,1060.9750000000001,13.0,East,2.5,4.0,4.0,Imadol, Lalitpur
30000000.0,1471.675,20.0,South,2.5,5.0,4.0,Pasikot, Kathmandu
29900000.000000004,1540.125,10.0,West,3.5,8.0,4.0,Goldhunga, Kathmandu
7000000.0,2806.45,20.0,North,2.5,6.0,3.0,Baneshwor, Kathmandu
45000000.0,1711.25,22.0,South-East,3.5,21.0,5.0,Samakhushi chowk, Kathmandu
10000000.0,6160.5,13.0,South,2.5,5.0,7.0,Kaushaltar, Bhaktapur
29900000.000000004,1711.475,10.0,West,3.5,8.0,4.0,Goldhunga, Kathmandu
150000000.0,6160.5,20.0,South-East,2.5,6.0,5.0,Siddhartha Colony, Kathmandu
19000000.0,752.95,10.0,South,2.5,4.0,2.0,Imadol, Lalitpur
70000000.0,5133.75,36.0,South,2.5,7.0,2.0,Dhunchepakha, Bhaktapur
32500000.0,2053.5,10.0,East,2.5,5.0,1.0,Dhapasi, Kathmandu
37500000.0,2053.5,14.0,North-East,2.5,7.0,5.0,Hattigaunda, Kathmandu
125000000.0,5236.425,22.0,North,4.0,6.0,4.0,Imadol, Lalitpur
34500000.0,1745.475,13.0,East,2.5,7.0,5.0,Baluwakhani, Kathmandu
14300000.0,752.95,12.0,South,2.5,3.0,3.0,Jorpati, Kathmandu
65000000.0,2053.5,16.0,South-West,5.0,9.0,9.0,Uttardhoka, Kathmandu
75000000.0,2840.675,13.0,South,2.5,5.0,6.0,Chappal karkhana, Kathmandu
10500000.0,1095.2,10.0,South,1.0,3.0,1.0,Sudal, Bhaktapur
50000000.0,2053.5,13.0,South,2.5,4.0,5.0,Bhaisepati, Lalitpur
29500000.0,1369.0,13.0,South,2.5,3.0,3.0,Dhapasi, Kathmandu
32000000.0,1129.425,16.5,North-East,2.5,4.0,4.0,Bhaisepati, Lalitpur
92500000.0,5818.25,17.0,South,3.5,7.0,5.0,Narayanthan , Kathmandu
40000000.0,1369.0,27.0,South-West,2.5,4.0,5.0,Dholahiti, Lalitpur
35000000.0,1369.0,14.0,South-East,2.5,7.0,4.0,Jyotinagar, Kathmandu
21000000.0,752.95,20.0,South-East,2.0,3.0,3.0,Thecho, Lalitpur
29500000.0,1711.25,13.0,North,2.5,5.0,5.0,Sitapaila, Kathmandu
20500000.0,1026.75,16.0,East,2.5,4.0,3.0,Goldhunga, Kathmandu
25000000.0,1026.75,13.0,South-East,2.5,10.0,5.0,Mandikhatar, Kathmandu
38000000.0,1403.225,12.0,North-East,2.5,4.0,1.0,Bhaisepati, Lalitpur
47000000.0,2121.9500000000003,20.0,West,2.5,5.0,3.0,Sitapaila, Kathmandu
34000000.0,1369.0,13.0,South,2.5,4.0,2.0,Imadol, Lalitpur
30000000.0,1095.2,13.0,East,3.0,8.0,3.0,Attarkhel, Kathmandu
22000000.0,1095.2,14.0,North,2.0,4.0,2.0,Syuchatar, Kathmandu
60000000.0,3764.75,17.0,North,2.5,3.0,3.0,Grande Villa, Kathmandu
50000000.0,2053.5,13.0,South,2.5,4.0,5.0,Bhaisepati, Lalitpur
106000000.0,5202.2,15.0,West,2.5,6.0,4.0,Lazimpat, Kathmandu
26000000.0,1369.0,11.0,South,2.5,6.0,3.0,Lambagar, Kathmandu
35000000.0,2053.5,20.0,West,2.5,6.0,4.0,Ochu Height, Lalitpur
32500000.0,1711.25,18.0,South-East,3.0,5.0,4.0,Pepsicola, Kathmandu
19500000.0,752.95,13.0,West,2.5,5.0,3.0,Tikathali, Lalitpur
12000000.0,1060.9750000000001,20.0,North-East,1.0,2.0,1.0,Danchhi, Kathmandu
47000000.0,3080.25,12.0,East,2.5,6.0,2.0,Dhapasi, Kathmandu
9000000.0,1095.2,13.0,East,2.0,5.0,1.0,Jagdol, Kathmandu
90000000.0,2053.5,15.0,South-East,2.5,5.0,5.0,Bhaisepati, Lalitpur
45000000.0,1437.45,13.0,South-East,2.5,5.0,4.0,Bhaisepati, Lalitpur
26500000.0,1060.9750000000001,13.0,West,2.5,6.0,4.0,Mandikhatar, Kathmandu
58000000.0,2053.5,14.0,South,2.5,5.0,5.0,Budhanilkantha, Kathmandu
33500000.0,1369.0,13.0,North-East,2.5,4.0,5.0,Hepali Height, Kathmandu
67500000.0,3000.0,20.0,South,2.5,5.0,4.0,Pepsicola, Kathmandu
40000000.0,1437.45,20.0,South-East,2.5,6.0,4.0,Bhaisepati, Lalitpur
39000000.0,1437.45,14.0,South,2.5,4.0,4.0,Khumaltar, Lalitpur
31000000.0,1437.45,14.0,South-West,3.5,6.0,5.0,Raniban, Kathmandu
40000000.0,1437.45,11.0,West,2.5,4.0,4.0,Kusunti, Lalitpur
125000000.0,6502.75,12.0,South,2.5,6.0,4.0,Golfutar, Kathmandu
31500000.0,1711.25,12.0,South-West,2.5,6.0,5.0,Aakasedhara, Kathmandu
40000000.0,1403.225,13.0,North-East,3.0,7.0,5.0,Hattiban, Lalitpur
32500000.0,22588.5,13.0,West,2.5,5.0,4.0,Nakhipot, Lalitpur
10000000.0,752.95,13.0,North-West,1.0,3.0,1.0,Tokha, Kathmandu
26500000.0,1711.25,36.0,North-East,2.5,8.0,4.0,Dharmasthali, Kathmandu
32500000.0,1369.0,13.0,East,2.5,4.0,2.0,Golfutar, Kathmandu
67500000.0,1369.0,20.0,North,3.5,4.0,6.0,Lazimpat, Kathmandu
62000000.0,2464.2000000000003,13.0,West,5.0,17.0,10.0,Manbhawan, Lalitpur
5000000.0,4107.0,13.0,South-East,4.0,8.0,4.0,Gwarko, Lalitpur
33500000.0,1369.0,13.0,North-East,2.5,4.0,5.0,Hepali Height, Kathmandu
36000000.0,1711.25,14.0,South-West,2.5,6.0,5.0,Budhanilkantha, Kathmandu
33500000.0,1026.75,20.0,North,5.0,16.0,7.0,Machhapokhari, Kathmandu
75000000.0,2121.9500000000003,20.0,South-East,2.5,6.0,5.0,Bhaisepati, Lalitpur
165000000.0,6845.0,13.0,East,2.5,5.0,7.0,Sitapaila, Kathmandu
45000000.0,2738.0,15.0,North-East,2.5,4.0,3.0,Pasikot, Kathmandu
58000000.0,3114.475,17.5,South,3.5,5.0,5.0,Dhapasi, Kathmandu
24000000.0,1129.425,28.0,North-West,2.5,5.0,3.0,Gothatar, Kathmandu
65000000.0,5202.2,24.0,West,3.0,6.0,6.0,Bhangal , Kathmandu
44000000.0,2395.75,13.0,North-East,2.5,5.0,4.0,Dhapasi, Kathmandu
24000000.0,752.95,24.0,North,4.0,4.0,4.0,Radhe Radhe, Bhaktapur
60000000.0,2738.0,12.0,North,2.5,6.0,4.0,Bhaisepati, Lalitpur
38000000.0,2156.1749999999997,11.5,East,3.5,7.0,7.0,Sitapaila, Kathmandu
24000000.0,1095.2,20.0,East,2.5,6.0,3.0,Pepsicola, Kathmandu
35000000.0,1369.0,13.0,East,2.5,5.0,4.0,Ganesh Chowk, Kathmandu
33000000.0,1369.0,20.0,North,3.0,4.0,4.0,Mhaipi, Kathmandu
67000000.0,2429.975,13.0,West,2.5,3.0,3.0,Basundhara, Kathmandu
22000000.0,600.0,12.0,South-East,2.5,6.0,4.0,Tikathali, Lalitpur
28500000.0,1095.2,20.0,North-East,2.5,7.0,4.0,Imadol, Lalitpur
10500000.0,1095.2,10.0,West,1.0,2.0,1.0,Sudal, Bhaktapur
21000000.0,1060.9750000000001,12.0,East,2.5,5.0,3.0,Dhapasi, Kathmandu
23500000.0,1095.2,20.0,South,2.5,5.0,3.0,Harisiddhi, Lalitpur
68000000.0,2156.1749999999997,14.0,East,2.5,5.0,4.0,Rudreshwor, Kathmandu
60000000.0,2395.75,14.0,East,2.0,5.0,4.0,Thapathali, Kathmandu
35000000.0,2121.9500000000003,8.0,North,3.5,5.0,3.0,Maijubahal, Kathmandu
140000000.0,7871.75,15.0,North,2.5,6.0,7.0,Budhanilkantha, Kathmandu
24000000.0,1095.2,13.0,South,2.5,5.0,4.0,Kusunti, Lalitpur
19000000.0,752.95,13.0,South,3.0,6.0,4.0,Dhapakhel, Lalitpur
40000000.0,5202.2,14.0,South,2.5,5.0,4.0,Chandragiri, Kathmandu
37500000.0,1779.7,14.0,South,3.0,5.0,4.0,Wasik, Kathmandu
45000000.0,1369.0,26.0,East,3.5,5.0,6.0,Koteshwor, Kathmandu
23000000.0,1026.75,13.0,West,2.5,4.0,3.0,Ochu Height, Lalitpur
38000000.0,1403.225,10.0,South-East,2.5,4.0,3.0,Bhaisepati, Lalitpur
31000000.0,2738.0,13.0,North-East,1.0,2.0,1.0,Makalbari, Kathmandu
24000000.0,1060.9750000000001,13.0,East,3.0,4.0,4.0,Imadol, Lalitpur
57000000.0,2429.975,10.0,East,3.5,8.0,8.0,Dhumbarahi, Kathmandu
24000000.0,752.95,20.0,East,3.0,4.0,4.0,Pepsicola, Kathmandu
70000000.0,4517.7,20.0,East,2.5,5.0,5.0,Banasthali, Kathmandu
27500000.0,1095.2,20.0,West,2.5,5.0,4.0,Imadol, Lalitpur
70000000.0,3080.25,15.0,North,2.5,3.0,4.0,Wasik, Kathmandu
30000000.0,2400.0,13.0,South,2.5,3.0,3.0,Soltidobato, Kathmandu
48500000.0,3422.5,13.0,West,2.0,4.0,4.0,Boharatar, Kathmandu
45000000.0,1095.2,13.0,South,2.5,8.0,8.0,Shankhamul, Kathmandu
26500000.0,1095.2,16.0,North-West,2.5,5.0,5.0,Bhaisepati, Lalitpur
13000000.0,1471.675,20.0,North-West,2.5,3.0,2.0,Jharuwarasi, Lalitpur
36000000.0,1711.25,14.0,South-West,2.5,6.0,5.0,Budhanilkantha, Kathmandu
33000000.0,1437.45,16.0,North-East,2.5,5.0,4.0,Manabahadur Marga, Kathmandu
26500000.0,1095.2,13.0,North,2.5,5.0,4.0,Imadol, Lalitpur
55000000.0,2738.0,10.5,South-East,3.5,6.0,4.0,Machhapokhari, Kathmandu
58500000.0,2806.45,18.0,South-East,3.5,13.0,4.0,Manamaiju, Kathmandu
19500000.0,787.175,13.0,East,2.5,4.0,3.0,Imadol, Lalitpur
75000000.0,3422.5,20.0,North-East,2.5,6.0,6.0,Bhimsengola, Kathmandu
36000000.0,1711.25,14.0,South-West,2.5,6.0,5.0,Budhanilkantha, Kathmandu
35000000.0,1369.0,20.0,West,3.5,5.0,6.0,Manabahadur Marga, Kathmandu
145000000.0,10952.0,13.0,South-East,2.5,5.0,5.0,Rudreshwor, Kathmandu
45000000.0,1711.25,10.0,South-East,2.5,5.0,4.0,Sanepa, Lalitpur
105000000.0,3764.75,13.0,East,2.5,5.0,6.0,Narayanthan , Kathmandu
26500000.0,1095.2,11.0,South-West,2.5,5.0,3.0,Bhelpa, Lalitpur
65000000.0,1711.25,16.0,North-East,2.5,6.0,5.0,Sanepa, Lalitpur
15500000.0,1369.0,20.0,West,2.5,3.0,2.0,Lamatar, Lalitpur
38000000.0,1369.0,12.0,South,3.5,9.0,4.0,Manamaiju, Kathmandu
39000000.0,1745.475,13.0,North,3.5,5.0,7.0,Hattigaunda, Kathmandu
45000000.0,1711.25,18.0,North-East,2.5,5.0,5.0,Bhaisepati, Lalitpur
45000000.0,1437.45,20.0,South-East,2.5,4.0,5.0,Bhaisepati, Lalitpur
30500000.0,1403.225,14.5,North-East,3.0,5.0,5.0,Sanagaun, Lalitpur
18500000.0,1437.45,10.0,East,3.0,4.0,3.0,Gurjudhara, Kathmandu
45000000.0,1095.2,20.0,East,4.5,6.0,5.0,Dallu, Kathmandu
69000000.0,2087.725,36.0,South-East,4.5,7.0,7.0,Dhumbarahi, Kathmandu
165000000.0,6160.5,15.0,South-East,2.5,5.0,6.0,Budhanilkantha, Kathmandu
29000000.0,1129.425,18.0,South,2.5,3.0,4.0,Nakhudole, Lalitpur
67500000.0,2738.0,20.0,South,2.5,6.0,6.0,Taulung, Kathmandu
45000000.0,1369.0,26.0,East,4.5,6.0,5.0,Koteshwor, Kathmandu
38000000.0,1779.7,18.0,North-East,2.5,5.0,5.0,Bhaisepati, Lalitpur
55000000.0,2806.45,13.0,North-East,2.5,4.0,4.0,Budhanilkantha, Kathmandu
42500000.0,1129.425,11.0,South-West,3.5,6.0,5.0,Anamnagar, Kathmandu
26000000.0,1437.45,18.0,West,3.0,5.0,3.0,Phutung, Kathmandu
29500000.0,1095.2,20.0,South-East,2.5,6.0,5.0,Bhaisepati, Lalitpur
63500000.0,2464.2000000000003,20.0,North-East,2.5,11.0,4.0,Bhimsengola, Kathmandu
38000000.0,1745.475,12.5,West,2.5,4.0,4.0,Nakkhu, Lalitpur
13000000.0,1060.9750000000001,12.0,East,1.0,2.0,1.0,Gokarna, Kathmandu
75000000.0,3490.95,15.0,South-East,2.5,4.0,6.0,Hattiban, Lalitpur
35000000.0,1779.7,12.0,South,3.5,14.0,4.0,Panga, Kathmandu
38000000.0,1745.475,15.0,South-East,2.5,4.0,4.0,Bhaisepati, Lalitpur
22500000.0,1026.75,13.0,West,3.0,7.0,4.0,Chyasal, Lalitpur
46000000.0,1129.425,15.0,South,2.5,4.0,5.0,Hattiban, Lalitpur
35000000.0,1437.45,13.0,West,2.0,5.0,5.0,Taukhel, Lalitpur
47500000.0,2395.75,14.0,West,2.5,6.0,3.0,Bafal, Kathmandu
24000000.0,1129.425,12.0,West,2.5,6.0,5.0,Kapan, Kathmandu
37000000.0,1369.0,16.0,North-West,2.5,6.0,5.0,Bhaisepati, Lalitpur
42500000.0,2053.5,10.0,South,3.5,4.0,4.0,Balkot, Bhaktapur
31500000.0,1369.0,20.0,North,2.5,5.0,4.0,Mulpani, Kathmandu
60000000.0,1369.0,15.0,North-West,5.5,8.0,8.0,Kalikasthan, Kathmandu
35000000.0,1095.2,15.0,South-East,3.0,4.0,5.0,Sainbu, Lalitpur
20000000.0,1711.25,9.0,North-East,3.0,3.0,2.0,Padma Colony, Kathmandu
34000000.0,1711.25,13.0,South-West,2.5,3.0,5.0,Bhangal , Kathmandu
41000000.0,1711.25,12.0,West,4.5,12.0,4.0,Maharajgunj, Kathmandu
34000000.0,1095.2,13.0,East,3.5,8.0,4.0,Hattiban, Lalitpur
21500000.0,1095.2,16.0,North-West,3.5,5.0,3.0,Sano thimi, Bhaktapur
95000000.0,3422.5,17.5,North-West,2.5,4.0,4.0,Dhumbarahi, Kathmandu
70000000.0,2806.45,18.0,West,2.5,5.0,6.0,Grande Hospital, Kathmandu
30000000.0,1369.0,13.0,West,3.5,5.0,5.0,Gatthaghar, Bhaktapur
36000000.0,1711.25,13.0,North,2.5,5.0,4.0,Pasikot, Kathmandu
49500000.0,1813.925,16.0,North-East,3.5,7.0,8.0,Bhaisepati, Lalitpur
60000000.0,3148.7,20.0,South-East,3.5,7.0,4.0,Koteshwor, Kathmandu
29000000.0,2053.5,10.0,South-East,2.5,5.0,3.0,Gurjudhara, Kathmandu
165000000.0,5818.25,20.0,East,2.5,5.0,6.0,Minbhawan, Kathmandu
8500000.0,1060.9750000000001,32.0,West,1.0,2.0,1.0,Naikap, Kathmandu
24000000.0,1095.2,13.0,West,3.0,5.0,4.0,Padamsal, Kathmandu
17500000.0,1026.75,13.0,South-East,2.5,11.0,3.0,Paiyatar, Kathmandu
67500000.0,3148.7,11.0,North-East,4.0,8.0,6.0,Bouddha, Kathmandu
19500000.0,1026.75,12.0,East,2.5,5.0,3.0,Dhapasi, Kathmandu
50000000.0,2100.0,16.0,South,3.0,5.0,4.0,Hattiban, Lalitpur
60000000.0,2806.45,15.0,South-East,3.0,6.0,6.0,Nakhipot, Lalitpur
29900000.000000004,1095.2,13.0,South-East,3.5,5.0,5.0,Megha City, Kathmandu
65000000.0,5476.0,12.0,West,2.5,5.0,3.0,Jarankhu, Kathmandu
24000000.0,1369.0,20.0,South-East,2.5,5.0,2.0,Pasikot, Kathmandu
38500000.0,1369.0,18.0,North,3.0,5.0,5.0,Jaya Bageshwori, Kathmandu
13500000.0,1026.75,13.0,East,1.0,2.0,1.0,Dhaneshwor, Kathmandu
70000000.0,3148.7,13.0,East,2.5,3.0,4.0,Bafal, Kathmandu
40000000.0,1060.9750000000001,14.0,East,5.0,3.0,5.0,Baluwatar, Kathmandu
22500000.0,1095.2,20.0,North-West,3.0,7.0,3.0,Srijananagar, Bhaktapur
29000000.0,1711.25,15.0,South,2.5,4.0,4.0,Bagdol, Lalitpur
22000000.0,1437.45,12.0,East,2.5,6.0,4.0,Paiyatar, Kathmandu
28000000.0,1711.25,10.0,East,3.0,7.0,5.0,Naya Basti, Kathmandu
38000000.0,3080.25,20.0,South-West,1.0,2.0,2.0,Hattiban, Lalitpur
32500000.0,1095.2,20.0,West,2.5,3.0,3.0,Hattiban, Lalitpur
60000000.0,2395.75,10.0,South,5.0,9.0,7.0,Gaurighat, Kathmandu
25000000.0,1369.0,13.0,East,2.5,6.0,3.0,Sai Baba chowk, Kathmandu
45000000.0,3080.25,10.0,East,2.5,7.0,4.0,Greenland Chowk, Kathmandu
40000000.0,1369.0,17.0,North,2.5,3.0,3.0,Bhaisepati, Lalitpur
40000000.0,2395.75,13.0,North-East,2.5,4.0,4.0,Saraswotinagar, Kathmandu
23500000.0,1095.2,16.0,East,2.5,6.0,4.0,Imadol, Lalitpur
26000000.0,2087.725,15.0,South,2.5,8.0,3.0,Hattiban, Lalitpur
30000000.0,1095.2,20.0,East,2.5,4.0,3.0,Sanepa, Lalitpur
95000000.0,7187.25,17.0,East,3.0,5.0,4.0,Dhobighat, Lalitpur
52000000.0,2464.2000000000003,20.0,West,2.5,6.0,3.0,Bansbari, Kathmandu
80000000.0,5886.7,9.0,South-West,3.5,9.0,4.0,Kupandole, Lalitpur
19000000.0,1437.45,12.5,North-West,3.0,8.0,3.0,Tathali, Bhaktapur
25000000.0,2053.5,20.0,South-East,2.5,4.0,4.0,Bhatkepati, Kathmandu
25000000.0,1369.0,20.0,South-East,3.5,12.0,4.0,Dadhikot, Bhaktapur
31000000.0,1471.675,20.0,South-East,2.5,4.0,4.0,Kusunti, Lalitpur
32000000.0,1437.45,20.0,West,3.0,8.0,6.0,Chabahil, Kathmandu
27000000.0,1095.2,20.0,South,2.5,4.0,4.0,Sitapaila, Kathmandu
15500000.0,787.175,12.0,West,3.5,6.0,3.0,Lolang, Kathmandu
42000000.0,2806.45,12.0,South,2.5,8.0,4.0,Banasthali, Kathmandu
32500000.0,1471.675,20.0,East,3.5,9.0,4.0,Machhapokhari, Kathmandu
28000000.0,1060.9750000000001,25.0,South,4.0,10.0,3.0,Sukedhara, Kathmandu
29500000.0,1813.925,16.0,East,2.5,6.0,4.0,Imadol, Lalitpur
33500000.0,1711.25,13.0,East,2.5,5.0,3.0,Bhaisepati, Lalitpur
19500000.0,1369.0,10.0,North-East,2.5,4.0,5.0,Goldhunga, Kathmandu
25000000.0,1369.0,13.0,North-West,2.5,6.0,3.0,Sallaghari, Bhaktapur
16000000.0,1129.425,8.0,East,2.5,5.0,3.0,Srijana Chowk, Kathmandu
27500000.0,1369.0,13.0,South,2.5,5.0,6.0,Dhungedhara, Kathmandu
56000000.0,2429.975,10.0,South,3.5,7.0,6.0,Dhumbarahi, Kathmandu
22000000.0,1369.0,16.0,North-West,3.0,8.0,3.0,Baniyatar, Kathmandu
36000000.0,2464.2000000000003,20.0,East,2.5,5.0,5.0,Chyasindol, Kathmandu
18000000.0,21904.0,18.0,East,2.5,4.0,3.0,Dahachowk, Kathmandu
27500000.0,1813.925,12.0,East,3.5,7.0,5.0,Thecho, Lalitpur
23500000.0,1060.9750000000001,15.0,North-West,2.5,4.0,4.0,Nakhipot, Lalitpur
47000000.0,2053.5,15.0,South,2.5,4.0,5.0,Deuwa chowk, Kathmandu
51000000.0,1026.75,42.0,West,5.5,1.0,6.0,Shankhamul, Kathmandu
47500000.0,1711.25,20.0,West,3.5,7.0,6.0,Maijubahal, Kathmandu
31500000.0,1437.45,10.0,West,4.5,12.0,7.0,Gongabu, Kathmandu
16000000.0,1026.75,13.0,West,3.0,3.0,3.0,Pepsicola, Kathmandu
39900000.0,1437.45,13.0,North,4.5,9.0,6.0,Kamalbinayak, Bhaktapur
20000000.0,1403.225,10.0,West,2.5,6.0,3.0,Goldhunga, Kathmandu
24000000.0,1369.0,10.0,North,2.5,5.0,3.0,Mahadevtar, Kathmandu
36000000.0,1369.0,24.0,South-East,4.5,10.0,5.0,Kapan, Kathmandu
42500000.0,1745.475,29.0,West,5.0,18.0,15.0,Satungal, Kathmandu
42500000.0,2464.2000000000003,26.0,North,2.5,3.0,3.0,Raniban, Kathmandu
22500000.0,752.95,13.0,South,2.5,6.0,3.0,Khusibu, Kathmandu
31000000.0,1437.45,14.0,South-East,2.5,4.0,3.0,Chhauni, Kathmandu
68000000.0,2738.0,10.0,South-East,2.5,6.0,6.0,Sanepa, Lalitpur
72500000.0,5476.0,12.0,North,2.5,5.0,6.0,Dhungeadda, Kathmandu
28700000.0,1403.225,13.0,South,3.0,6.0,6.0,Hattiban, Lalitpur
19500000.0,1471.675,13.0,East,2.5,4.0,3.0,Syuchatar, Kathmandu
92000000.0,4107.0,20.0,South-West,3.5,7.0,6.0,Basundhara, Kathmandu
33000000.0,1403.225,15.0,South-West,2.5,4.0,4.0,Nakkhu, Lalitpur
27000000.0,1369.0,15.0,South,2.5,5.0,3.0,Kusunti, Lalitpur
27000000.0,1369.0,11.0,West,4.5,8.0,4.0,Gorkarneshwor, Kathmandu
55000000.0,2156.1749999999997,25.0,East,3.5,7.0,5.0,Khusibu, Kathmandu
25000000.0,1711.25,16.0,East,2.5,4.0,3.0,Syuchatar, Kathmandu
35000000.0,1711.25,13.0,South,2.5,5.0,5.0,Ganesh Chowk, Kathmandu
32000000.0,1437.45,15.0,South-West,2.5,5.0,5.0,Ganesh Chowk, Kathmandu
55000000.0,2464.2000000000003,13.0,North-East,2.5,4.0,5.0,Narayanthan , Kathmandu
35000000.0,1369.0,13.0,North-East,2.5,5.0,5.0,Narayanthan , Kathmandu
23000000.0,1026.75,16.0,South,2.5,4.0,3.0,Nakkhu, Lalitpur
28000000.0,1471.675,16.0,East,2.5,4.0,4.0,Bhaisepati, Lalitpur
23500000.0,1060.9750000000001,15.0,North-West,2.5,4.0,4.0,Kusunti, Lalitpur
40000000.0,1369.0,13.0,West,2.5,7.0,3.0,Shankhamul, Kathmandu
13000000.0,1437.45,13.0,North,1.0,3.0,1.0,Taukhel, Lalitpur
6500000.0,787.175,12.0,East,1.0,3.0,1.0,Thulobharyang, Kathmandu
21500000.0,1369.0,12.0,East,2.5,6.0,4.0,Hattiban, Lalitpur
40000000.0,2053.5,20.0,South-West,2.5,4.0,3.0,Gothatar, Kathmandu
20500000.0,1026.75,13.0,South,2.5,6.0,3.0,Syuchatar, Kathmandu
6200000.0,4209.675,22.0,East,2.5,6.0,3.0,Swoyambhu, Kathmandu
43500000.0,2498.4249999999997,13.0,West,3.0,7.0,3.0,Shantinagar, Kathmandu
32500000.0,1369.0,14.5,South-West,3.0,7.0,4.0,Nakkhu, Lalitpur
14000000.0,1095.2,13.0,East,2.5,3.0,2.0,Kapan Gumba, Kathmandu
27500000.0,1437.45,18.0,East,2.5,3.0,4.0,Narayantar, Kathmandu
48500000.0,2053.5,20.0,North-East,2.5,4.0,4.0,Thaiba, Lalitpur
130000000.0,5476.0,15.0,South-East,2.5,4.0,5.0,Dhumbarahi, Kathmandu
39500000.0,1471.675,20.0,North-East,4.5,21.0,7.0,Jadibuti, Bhaktapur
115000000.0,8898.5,13.0,South,2.5,7.0,5.0,Budhanilkantha, Kathmandu
37500000.0,1369.0,16.0,North-West,2.5,6.0,6.0,Bhaisepati, Lalitpur
40000000.0,1711.25,22.0,South,4.0,12.0,4.0,Lokanthali, Bhaktapur
24000000.0,1369.0,18.0,East,2.5,4.0,4.0,Imadol, Lalitpur
120000000.0,10609.75,20.0,West,2.5,4.0,5.0,Raniban, Kathmandu
26000000.0,1403.225,16.5,South,2.5,5.0,3.0,Sitapaila, Kathmandu
37500000.0,1745.475,13.0,West,4.5,12.0,4.0,Lokanthali, Bhaktapur
24000000.0,1437.45,16.0,North,2.5,4.0,4.0,Sitapaila, Kathmandu
46000000.0,1779.7,16.5,South,3.5,17.0,4.0,Bafal, Kathmandu
17000000.0,752.95,12.0,North-East,3.5,6.0,5.0,Makalbari, Kathmandu
40000000.0,2053.5,12.0,South-East,2.5,5.0,3.0,Sukedhara, Kathmandu
25000000.0,1369.0,20.0,North,3.5,6.0,3.0,Sitapaila, Kathmandu
17000000.0,752.95,13.0,East,2.5,3.0,3.0,Imadol, Lalitpur
25500000.0,1026.75,10.0,North,3.5,6.0,4.0,Samakhusi, Kathmandu
19500000.0,1369.0,15.0,West,2.0,5.0,3.0,Gwarko, Lalitpur
32000000.0,1711.25,13.0,East,2.5,6.0,6.0,Dhapasi, Kathmandu
42000000.0,2464.2000000000003,14.0,South,2.5,5.0,5.0,Rudreshwor, Kathmandu
32500000.0,1403.225,14.0,South-West,2.5,5.0,5.0,Deuwa chowk, Kathmandu
55000000.0,1711.25,13.0,South-East,2.5,4.0,4.0,Baluwatar, Kathmandu
35000000.0,2464.2000000000003,22.0,South,2.5,5.0,5.0,Sitapaila, Kathmandu
37500000.0,1711.25,18.0,North-West,2.5,7.0,3.0,Rudreshwor, Kathmandu
30000000.0,1711.25,13.0,West,2.5,4.0,3.0,Badeli, Kathmandu
35000000.0,2464.2000000000003,13.0,East,2.5,3.0,2.0,Liwali, Bhaktapur
25000000.0,1403.225,13.0,West,3.5,5.0,3.0,Gurjudhara, Kathmandu
26500000.0,1026.75,15.0,East,2.5,4.0,3.0,Kusunti, Lalitpur
27500000.0,1369.0,20.0,West,2.5,4.0,4.0,Dholahiti, Lalitpur
39000000.0,1026.75,30.0,South,3.5,10.0,4.0,Shantinagar, Kathmandu
25000000.0,1403.225,13.0,West,4.0,11.0,6.0,Katunje, Bhaktapur
15500000.0,1369.0,20.0,North,2.0,4.0,2.0,Ramkot, Kathmandu
17500000.0,1711.25,20.0,North,2.0,4.0,2.0,Ramkot, Kathmandu
41000000.0,1437.45,20.0,East,3.5,7.0,7.0,Khusibu, Kathmandu
41500000.0,1745.475,13.0,North-West,2.5,6.0,6.0,Budhanilkantha, Kathmandu
30000000.0,1437.45,13.0,South,2.5,5.0,4.0,Gwarko, Lalitpur
29000000.0,787.175,26.0,West,3.5,7.0,4.0,Naya Bazar, Kathmandu
35000000.0,2121.9500000000003,13.0,South,2.5,3.0,4.0,Thasikhel, Lalitpur
29000000.0,1403.225,10.0,South,2.5,5.0,4.0,Kalanki, Kathmandu
28000000.0,1471.675,15.0,South,2.5,5.0,5.0,Grande Hospital, Kathmandu
9800000.0,1026.75,13.0,West,1.0,2.0,1.0,Mahadevsthan, Kathmandu
28000000.0,1369.0,20.0,East,2.5,4.0,5.0,Nakkhu, Lalitpur
85000000.0,4107.0,33.0,South,2.5,7.0,3.0,Bhaisepati, Lalitpur
38000000.0,2087.725,16.666666666666668,South-East,2.5,4.0,3.0,Budhanilkantha, Kathmandu
12500000.0,1497.0,10.0,South-East,2.5,4.0,3.0,Mulpani, Kathmandu
24000000.0,943.0999999999999,13.0,West,4.0,7.0,4.0,Chyasal, Lalitpur
22500000.0,1437.45,10.0,East,3.5,6.0,3.0,Gongabu, Kathmandu
54000000.0,1779.7,20.0,East,3.0,4.0,5.0,Panipokhari, Kathmandu
44500000.0,2121.9500000000003,17.0,North-West,2.5,3.0,5.0,Bhaisepati, Lalitpur
29500000.0,1129.425,13.0,East,3.0,7.0,3.0,Chapali, Kathmandu
31000000.0,1129.425,15.0,North-East,2.5,5.0,3.0,Bafal, Kathmandu
21000000.0,1026.75,12.0,South-East,2.5,5.0,5.0,Bhaisepati, Lalitpur
23000000.0,1129.425,10.0,North-West,2.5,5.0,4.0,Ramkot, Kathmandu
30000000.0,1471.675,20.0,East,3.5,9.0,4.0,Machhapokhari, Kathmandu
17000000.0,1026.75,13.0,South,2.0,5.0,3.0,Lamathumki, Kathmandu
28500000.0,1711.25,10.0,South-East,3.5,6.0,3.0,Baniyatar, Kathmandu
21500000.0,1060.9750000000001,13.0,South,2.5,4.0,3.0,Imadol, Lalitpur
43000000.0,4107.0,20.0,West,2.0,3.0,2.0,Dhungeadda, Kathmandu
50000000.0,3422.5,11.0,North,2.0,5.0,3.0,Tinkune, Kathmandu
24000000.0,1711.25,13.0,East,2.5,6.0,3.0,Balkot, Bhaktapur
12000000.0,787.175,13.0,South,1.0,2.0,1.0,Darjeeling Height, Bhaktapur
15000000.0,1369.0,13.0,South,1.0,2.0,1.0,Balkot, Bhaktapur
23000000.0,1403.225,12.0,South-West,2.5,5.0,3.0,Sipadol, Bhaktapur
118000000.0,8214.0,16.0,South-East,2.5,4.0,4.0,Bhaisepati, Lalitpur
43000000.0,1779.7,15.129443326626426,East,2.5,5.0,5.0,Golfutar, Kathmandu
30000000.0,1369.0,15.129443326626426,East,2.5,6.0,6.0,Samakhusi, Kathmandu
30000000.0,1779.7,20.0,North-East,2.5,4.0,5.0,Pasikot, Kathmandu
31000000.0,1437.45,19.0,South-West,2.5,5.0,5.0,Budhanilkantha, Kathmandu
25000000.0,1437.45,20.0,South,2.5,11.0,5.0,Dhapasi, Kathmandu
22500000.0,1060.9750000000001,13.0,North-East,3.0,6.0,3.0,Golfutar, Kathmandu
50000000.0,1711.25,13.0,East,2.5,4.0,3.0,Bhaisepati, Lalitpur
23500000.0,1060.9750000000001,12.0,East,2.5,6.0,3.0,Budhanilkantha, Kathmandu
18000000.0,2053.5,20.0,South-East,2.5,4.0,4.0,Kirtipur, Kathmandu
70000000.0,3422.5,12.0,South,2.5,5.0,5.0,Banasthali, Kathmandu
23000000.0,1026.75,13.0,East,2.5,4.0,3.0,Kusunti, Lalitpur
37500000.0,2224.625,13.0,North-West,2.5,4.0,4.0,Bhaisepati, Lalitpur
27500000.0,1369.0,13.0,West,2.5,3.0,4.0,Bhaisepati, Lalitpur
36000000.0,1369.0,24.0,South-East,4.5,12.0,5.0,Kapan, Kathmandu
37000000.0,1711.25,13.0,North-East,3.5,8.0,4.0,Gongabu, Kathmandu
42500000.0,1745.475,29.0,West,5.0,18.0,15.0,Thankot, Kathmandu
240000000.0,23273.0,12.0,South-East,2.5,4.0,5.0,Syuchatar, Kathmandu
18000000.0,1437.45,10.0,East,1.0,4.0,3.0,Kalanki, Kathmandu
27500000.0,1711.25,15.129443326626426,West,3.5,7.0,4.0,Kalanki, Kathmandu
25000000.0,1711.25,33.0,North-West,1.0,1.0,1.0,Kirtipur, Kathmandu
21500000.0,1129.425,12.0,North,2.5,6.0,4.0,Imadol, Lalitpur
41000000.0,2053.5,20.0,East,3.5,1.0,1.0,Kapan, Kathmandu
75000000.0,7255.7,15.5,South,2.5,1.0,1.0,Tutepani, Lalitpur
30000000.0,1471.675,15.0,South-East,2.5,1.0,1.0,Kapan, Kathmandu
54000000.0,2806.45,13.0,South-West,2.5,1.0,1.0,sitapaila, Kathmandu
35000000.0,1711.25,16.5,South-West,2.5,4.0,3.0,Samakhushi chowk, Kathmandu
65000000.0,4107.0,16.5,North-West,2.5,5.0,6.0,Maligaon, Kathmandu
100000000.0,4107.0,16.5,North,2.5,5.0,6.0,Banasthali, Kathmandu
27000000.0,1369.0,11.0,West,4.5,8.0,4.0,Gorkarneshwor, Kathmandu
50000000.0,2053.5,14.0,South-East,3.0,10.0,5.0,Bijulibajar, Kathmandu
42500000.0,1779.7,15.0,South-West,2.5,4.0,4.0,Kusunti, Lalitpur
