,title,address,price,bedroom,bathroom,floor,parking,property_id,property_face,build_year,views,area_covered,road_access,build_up_area,posted
0,"Tokha House(Residential) : House For Sale In Tokha, Kathmandu","Grande Tole, Tokha, Kathmandu","NPR. 3,50,00,000 Onwards",0,0,3,0,BN12544,East,N/A,193,6-1 Aana,13 Feet,N/A Aana,3 weeks ago
1,"New House For Sale At Puspalal Chowk Biratnagar For Sale : House For Sale In DDC Chowk, Biratnagar","Puspalal Chowk, Biratnagar, DDC Chowk, Biratnagar","NPR. 90,00,000 Onwards",3,1,1,1,BN12539,East,2021,138,10 Dhur,20 Feet / Gravelled,7 Dhur,3 weeks ago
2,"House For Sale In Tikathali, Lalitpur","Mahalaxmi-05, Tikathali, Tikathali, Lalitpur","NPR. 1,70,00,000",2,1,1,1,BN12537,North,N/A,142,0-3-1 Aana,13 Feet / Gravelled,785 Sq. Feet,3 weeks ago
3,"COmmercial Property At Ringroad : House For Sale In Ekantakuna, Lalitpur","Kusunti, Ekantakuna, Lalitpur","NPR. 3,20,00,000 Per Ropani",0,3,N/A,2,BN12534,North,N/A,182,0-3-3-2 Aana,94 Feet / Blacktopped,0-3-3-2 Aana,4 weeks ago
4,"House For Sale In Tarkeshwor, Kathmandu","Tarkeshor-5, Aryaltar, New Rangasala Basti, Goldhunga, Tarkeshwor, Kathmandu","NPR. 1,70,00,000 Onwards",5,2,2,1,BN12529,East,2079,172,3 Aana,10 Feet / Gravelled,3 Aana,1 month ago
5,"Bungalow For Sale In Gahanapokhari : House For Sale In Naxal, Kathmandu","Gahana Pokhari, Naxal, Kathmandu","NPR. 8,35,00,000 Onwards",4,4,3,0,BN12528,South East,N/A,247,9-3-1 Aana,13 Feet,2800 Sq. Feet,1 month ago
6,"House Sale In Chandragiri 7 : House For Sale In Chandragiri, Kathmandu","itakhel, Chandragiri, Kathmandu","NPR. 2,20,00,000",6,3,3,2,BN12522,East,2017,158,5 Aana,10 Feet / Paved,N/A Aana,1 month ago
7,"22 Aana Amazing Bungalow For SALE At Bhaisepati, Lalitpur : House For Sale In Bhaisepati, Lalitpur","Bhaisepati, Bhaisepati, Lalitpur","NPR. 18,70,00,000",0,0,N/A,0,BN12520,East,N/A,173,22 Aana,0 Feet,N/A Aana,1 month ago
8,"13 Aana Amazing Bungalow For Sale , Bhaisepati : House For Sale In Bhaisepati, Lalitpur","Bhaisepati, Bhaisepati, Lalitpur","NPR. 13,50,00,000",0,0,N/A,0,BN12519,South,N/A,114,13 Aana,16 Feet / Paved,N/A Aana,1 month ago
9,"House For Sale At Koteshwor. : House For Sale In Koteshwor, Kathmandu","Koteshwor 32, Koteshwor, Kathmandu","NPR. 2,70,00,000 Onwards",0,4,4,4,BN12511,East,N/A,128,4 Aana,12 Feet,1369 Sq. Feet,1 month ago
10,"House On Sale In Imadol : House For Sale In Imadol, Lalitpur","Near downtown, Imadol, Lalitpur","NPR. 2,80,00,000 Onwards",7,3,3,1,BN12491,North East,2022,187,3-2-2 Aana,18 Feet / Gravelled,2-3 Aana,1 month ago
11,"House On Sale In Tikathali : House For Sale In Tikathali, Lalitpur","Tikathali, Tikathali, Lalitpur","NPR. 3,50,00,000 Onwards",6,5,3,1,BN12490,North East,N/A,158,4 Aana,10 Feet,3 Aana,1 month ago
12,"House For Sale In Mahalaxmi Nagarpalika, Lalitpur","Changathali-7 Mahalaxmi Nagarpalika, Mahalaxmi Nagarpalika, Lalitpur","NPR. 1,80,00,000",4,3,3,1,BN12489,North,2073,127,3 Aana,13 Feet / Gravelled,990 Sq. Feet,1 month ago
13,"House For Sale In Mahalaxmi Nagarpalika, Lalitpur","Changathali-7 Lalitpur, Mahalaxmi Nagarpalika, Lalitpur","NPR. 1,80,00,000",4,3,3,1,BN12488,North,2073,100,3 Aana,13 Feet / Gravelled,990 Sq. Feet,1 month ago
14,"Bungalow : House For Sale In Maharajgunj, Kathmandu","Near Kanti Children Hospital, Maharajgunj, Kathmandu","NPR. 11,00,00,000",0,0,2.5,2,BN12483,South East,N/A,678,0-10-0-0 Aana,12 Feet / Blacktopped,N/A Aana,1 month ago
15,"House For Sale In Thamel, Kathmandu","Golkhupakha, Thamel, Thamel, Kathmandu","NPR. 2,60,00,000 Onwards",6,5,3,0,BN12481,East,2073,215,4 Aana,0 Feet / Alley,3.2 Aana,1 month ago
16,"4 Storey Residential Flat System House : House For Sale In Kalanki, Kathmandu","Kalanki Malpot, Kritipur-1, Kalanki, Kathmandu","NPR. 3,35,00,000 Total Price",8,5,4,0,BN12480,East,2065,180,0-4-0-0 Aana,8 Feet / Blacktopped,3200 Sq. Feet,1 month ago
17,"House For Sale : House For Sale In Chauthe, Pokhara","Pargati tole, Chauthe, Pokhara","NPR. 2,80,00,000",6,6,3,3,BN12478,North East,2023,257,133.30 Sq. Meter,20 Feet / Blacktopped,900 Sq. Feet,1 month ago
18,"House For Sale Nakhu : House For Sale In Nakkhu, Lalitpur","Aadinath marga, Nakkhu, Lalitpur","NPR. 3,60,00,000 Onwards",4,5,2,2,BN12465,South West,2076,270,0-4-1-0 Aana,13 Feet / Paved,856 Sq. Feet,2 months ago
19,"House On Sale In Ranibari : House For Sale In Ranibari, Kathmandu","Ranibari, Ranibari, Kathmandu","NPR. 2,20,00,000",9,4,3,0,BN12463,South East,2050,289,2.75 Aana,8 Feet / Gravelled,2.5 Aana,2 months ago
20,"House On Sale In Imadol : House For Sale In Imadol, Lalitpur","Near downtown, Imadol, Lalitpur","NPR. 2,80,00,000 Onwards",7,3,3,1,BN12491,North East,2022,188,3-2-2 Aana,18 Feet / Gravelled,2-3 Aana,1 month ago
21,"House On Sale In Tikathali : House For Sale In Tikathali, Lalitpur","Tikathali, Tikathali, Lalitpur","NPR. 3,50,00,000 Onwards",6,5,3,1,BN12490,North East,N/A,159,4 Aana,10 Feet,3 Aana,1 month ago
22,"House For Sale In Mahalaxmi Nagarpalika, Lalitpur","Changathali-7 Mahalaxmi Nagarpalika, Mahalaxmi Nagarpalika, Lalitpur","NPR. 1,80,00,000",4,3,3,1,BN12489,North,2073,128,3 Aana,13 Feet / Gravelled,990 Sq. Feet,1 month ago
23,"House For Sale In Mahalaxmi Nagarpalika, Lalitpur","Changathali-7 Lalitpur, Mahalaxmi Nagarpalika, Lalitpur","NPR. 1,80,00,000",4,3,3,1,BN12488,North,2073,101,3 Aana,13 Feet / Gravelled,990 Sq. Feet,1 month ago
24,"Bungalow : House For Sale In Maharajgunj, Kathmandu","Near Kanti Children Hospital, Maharajgunj, Kathmandu","NPR. 11,00,00,000",0,0,2.5,2,BN12483,South East,N/A,679,0-10-0-0 Aana,12 Feet / Blacktopped,N/A Aana,1 month ago
25,"House For Sale In Thamel, Kathmandu","Golkhupakha, Thamel, Thamel, Kathmandu","NPR. 2,60,00,000 Onwards",6,5,3,0,BN12481,East,2073,216,4 Aana,0 Feet / Alley,3.2 Aana,1 month ago
26,"4 Storey Residential Flat System House : House For Sale In Kalanki, Kathmandu","Kalanki Malpot, Kritipur-1, Kalanki, Kathmandu","NPR. 3,35,00,000 Total Price",8,5,4,0,BN12480,East,2065,181,0-4-0-0 Aana,8 Feet / Blacktopped,3200 Sq. Feet,1 month ago
27,"House For Sale : House For Sale In Chauthe, Pokhara","Pargati tole, Chauthe, Pokhara","NPR. 2,80,00,000",6,6,3,3,BN12478,North East,2023,258,133.30 Sq. Meter,20 Feet / Blacktopped,900 Sq. Feet,1 month ago
28,"House For Sale Nakhu : House For Sale In Nakkhu, Lalitpur","Aadinath marga, Nakkhu, Lalitpur","NPR. 3,60,00,000 Onwards",4,5,2,2,BN12465,South West,2076,271,0-4-1-0 Aana,13 Feet / Paved,856 Sq. Feet,2 months ago
29,"House On Sale In Ranibari : House For Sale In Ranibari, Kathmandu","Ranibari, Ranibari, Kathmandu","NPR. 2,20,00,000",9,4,3,0,BN12463,South East,2050,290,2.75 Aana,8 Feet / Gravelled,2.5 Aana,2 months ago
30,"House On Sale Sital Hight Imadol : House For Sale In Imadol, Lalitpur","Sital hight, Imadol, Lalitpur",NPR. 255 Onwards,4,4,3,0,BN12459,North East,N/A,219,3-1-0 Aana,13 Feet,2-3 Aana,2 months ago
31,"House For Sale New House : House For Sale In Lekhnath, Pokhara","Lekhnath power house near mandip milan hall and behind gurukul school, Lekhnath, Pokhara","NPR. 1,25,00,000 Onwards",2,2,1,1,BN12453,North,2022,325,4.3.2 Aana,20 Feet / Gravelled,1131 Sq. Feet,2 months ago
32,"House On Sell In Imadol : House For Sale In Imadol, Lalitpur","Imadol, Imadol, Lalitpur",NPR. 285 Onwards,4,4,3,4,BN12450,North West,N/A,276,3-2-0 Aana,13 Feet,1026 Sq. Feet,2 months ago
33,"House For Sale : House For Sale In Bafal, Kathmandu","Ringroad Bafal, Bafal, Kathmandu","NPR. 7,50,00,000 Total Price",10,3,3,2,BN12447,West,2066,252,0-12-0-0 Aana,13 Feet / Blacktopped,3100 Sq. Feet,2 months ago
34,"RESIDENTIAL PLUS COMMERCIAL : House For Sale In Kupondole, Lalitpur","Kupondole, Kupondole, Lalitpur","NPR. 6,20,00,000",6,3,3,0,BN12446,South,N/A,201,0-6-0-0 Aana,13 Feet / Blacktopped,N/A Sq. Feet,2 months ago
35,"House For Sale Bhaisepati : House For Sale In Bhaisepati, Lalitpur","189/106, Bhaisepati, Lalitpur","NPR. 3,75,00,000 Onwards",3,4,3,2,BN12432,South,2019,294,4-2 Aana,18 Feet,N/A Aana,2 months ago
36,"House For Sale At Hattiban Lalitpur : House For Sale In Hattiban, Lalitpur","Samiti bhawan, Hattiban, Lalitpur","NPR. 2,00,00,000 Onwards",3,2,2,1,BN12429,South East,2071,233,3 Aana,14 Feet / Blacktopped,900 Sq. Feet,3 months ago
37,"Residential House For Sale : House For Sale In Sinamangal, Kathmandu","Guna Colony, Sinamangal, Sinamangal, Kathmandu","NPR. 5,51,00,000 Total price",7,5,3,2,BN12428,East,2064,15.1K,0-6-0-0 Aana,13 Feet / Blacktopped,2800 Aana,3 months ago
38,"Residential Semi- Bungalow : House For Sale In Gurujudhara, Kathmandu","Balambu, 500 meter from Highway, Gurujudhara, Kathmandu","NPR. 5,00,00,000 Total price",7,6,4,2,BN12426,South East,N/A,526,0-8-0-0 Aana,13 Feet / Concrete,3300 Sq. Feet,3 months ago
39,"Imadole Inside 500m From Krishna Mandir : House For Sale In Imadol, Lalitpur","Imadole, Imadol, Lalitpur","NPR. 1,29,00,000 Onwards",2,2,2,1,BN12419,South,2023,395,0-3-0-0 Aana,14 Feet / Blacktopped,600 Sq. Feet,3 months ago
40,"Jaga Kinda Ghar Sitai Ma : House For Sale In Ratnanagar, Chitwan","shaura chwok, Ratnanagar, Chitwan","NPR. 1,50,00,000",4,2,N/A,0,BN12408,East,N/A,103,0-1-0-0 Kattha,15 Feet / Blacktopped,N/A Aana,3 months ago
41,"House For Sale In Gongabu Ganeshthan : House For Sale In Gongabu, Kathmandu","Gongabu, Ganeshthan, Gongabu, Kathmandu","NPR. 3,50,00,000 Onwards",4,3,3,1,BN12399,South,2072,226,128.80 Sq. Meter,12 Feet,2868 Sq. Feet,3 months ago
42,"House On Sale On Hattigauda, Near Ganesh School : House For Sale In Budhanilkantha, Kathmandu","hattigauda, near ganesh school, Budhanilkantha, Kathmandu","NPR. 3,40,00,000",5,3,2,1,BN12394,North East,2075,249,4 Aana,16 Feet / Gravelled,N/A Aana,3 months ago
43,"Bunglow For Sale At Tokha-6, Dhapasi, Kathmandu : House For Sale In Tokha, Kathmandu","Milan Tole, Tokha, Kathmandu","NPR. 7,00,00,000 Onwards",5,7,3,3,BN12388,North West,2074,178,8 aana 2 paisa 2 daam Aana,18 Feet / Blacktopped,N/A Aana,3 months ago
44,"House For Sale In Godawari, Lalitpur","Bistachap, Godawari, Lalitpur","NPR. 95,00,000",0,0,N/A,0,BN12368,East,N/A,300,0-2-2-3 Aana,20 Feet / Gravelled,0-2-2-3 Sq. Feet,3 months ago
45,"Residential House For Sale At Khusibhu , Nayabazar : House For Sale In Khusibu, Kathmandu","khusibu, Khusibu, Kathmandu","NPR. 3,40,00,000 Onwards",5,3,3,1,BN12367,East,2072,246,3-1-1 Aana,0 Feet,1832 Sq. Feet,3 months ago
46,"Residential 2.5 Storey : House For Sale In Imadol, Lalitpur","Shree marg, Sitalheight, Imadol, Imadol, Lalitpur","NPR. 2,65,00,000 Total price",4,3,3,1,BN12364,East,2075,2.1K,0-3-2-0 Aana,13 Feet / Gravelled,2000 Aana,3 months ago
47,"House For Sale In Lekhnath, Pokhara : House For Sale In Lekhnath, Pokhara","29, Macchapuchhre toll, Lekhnath, Pokhara","NPR. 3,50,00,000",4,3,3,3,BN12355,East,2016,227,1 Ropani,20 Feet / Gravelled,N/A Aana,3 months ago
48,"Bodhi Homes : House For Sale In Bhairahawa, Rupandehi","Om-Satiya, Bhairahawa, Rupandehi","NPR. 2,20,00,000 Onwards",4,4,2,4,BN12351,East,2022,315,7 Aana,23 Feet / Blacktopped,1000 Sq. Feet,4 months ago
49,"Residential House On Sale Sipadol,Bhaktapur : House For Sale In Sipadol, Bhaktapur","Suryabinayak-08, Sipadol, Bhaktapur","NPR. 3,75,00,000 Onwards",7,4,3,2,BN12350,North,N/A,119,0-4-2-0 Aana,20 Feet,820 Sq. Feet,4 months ago
50,"House For Sale In Kapan, Kathmandu","Paiyatar,Kapan Kathmandu, Kapan, Kathmandu","NPR. 4,25,00,000 Onwards",7,0,3,2,BN12345,East,2077,190,5 Aana,18 Feet / Paved,3300 Sq. Feet,4 months ago
51,"Urgent Sale House At Naikap : House For Sale In Naikap, Kathmandu","Adarsh tole, Naikap, Kathmandu","NPR. 55,00,000 Per Aana",3,3,3,2,BN12343,East,2015,250,8 Aana,20 Feet / Blacktopped,7 Aana,4 months ago
52,"Commercial House For Sale In Thamel With Attractive Rental Income : House For Sale In Thamel, Kathmandu","Thamel bhagwatibahal, Thamel, Kathmandu","NPR. 8,95,00,000",0,3,7,0,BN12336,East,2004,379,0-2-0-3 Aana,20 Feet / Blacktopped,5500 Sq. Feet,4 months ago
53,"Box-Design : House For Sale In Tikathali, Lalitpur","Buddha Colony, Tikathali, Lalitpur","NPR. 3,75,00,000 Total Price",5,4,2.5,2,BN12309,South East,N/A,1.8K,0-3-3-0 Aana,13 Feet / Concrete,2400 Sq. Feet,4 months ago
54,"RESIDENTIAL : House For Sale In Imadol, Lalitpur","Sital Height, Imadol, Lalitpur","NPR. 3,15,00,000 Total Price",6,4,2.5,2,BN12308,East,N/A,749,0-3-2-2 Aana,13 Feet / Soil Stabilized,N/A Aana,4 months ago
55,"HOUSE FOR SALE IN POKHARA : House For Sale In Pokhara, Pokhara","House Number, Pokhara, Pokhara","NPR. 2,70,00,000 Onwards",7,6,3,3,BN12300,North,2072,905,12 Aana,14 Feet / Paved,6 Aana,4 months ago
56,"Brihat Community Living : House For Sale In Sitapaila, Kathmandu","Ramkot, Sitapaila, Kathmandu","NPR. 7,31,00,000 Total Price",4,4,2,2,BN12299,South West,N/A,1.1K,0-10-2-3 Aana,18 Feet / Blacktopped,1860 Aana,4 months ago
57,"RESIDENTIAL : House For Sale In Mahalaxmi Nagarpalika, Lalitpur","Changathali, United Colony, Mahalaxmi Nagarpalika, Lalitpur","NPR. 2,60,00,000 Total Price",6,4,2.5,1,BN12297,South,N/A,371,0-3-2-0 Aana,13 Feet / Blacktopped,2500 Sq. Feet,4 months ago
58,"House For Sale In Kapan, Kathmandu","Payatar, Kapan, Kathmandu","NPR. 2,70,00,000",11,3,3,1,BN12295,South East,2077,548,4 Aana,10 Feet / Blacktopped,2200 Sq. Feet,5 months ago
59,"House For Sale Biratnagar : House For Sale In Ganga Tole, Biratnagar","Tankisinwari, Ward No 2, Morang, Biratnagar, Ganga Tole, Biratnagar","NPR. 65,00,000 Per Kattha",3,3,N/A,2,BN12293,East,N/A,326,3 Kattha,0 Feet,4 Dhur,5 months ago
60,"House On Sale : House For Sale In Imadol, Lalitpur","Rajkulo Marga, Imadol, Lalitpur","NPR. 2,65,00,000",4,3,3,1,BN12280,South,2022,554,0-3-2-0 Aana,20 Feet / Gravelled,N/A Aana,5 months ago
61,"House For Sale In Imadol, Lalitpur","imadol naya basi, Imadol, Lalitpur","NPR. 2,85,00,000",9,4,3,1,BN12279,South,2077,277,3-2-0 Aana,13 Feet / Gravelled,2500 Sq. Feet,5 months ago
62,"House : House For Sale In Dhumbarahi, Kathmandu","385/25, Dhumbarahi, Kathmandu","NPR. 5,50,00,000 Onwards",10,7,4,2,BN12277,North,2066,566,0-5-2-0 Aana,13 Feet / Blacktopped,3300 Sq. Feet,5 months ago
63,"Brihat Community Living : House For Sale In Sitapaila, Kathmandu","Ramkot, Sitapaila, Kathmandu","NPR. 5,36,00,000 Total Price",3,4,3.5,1,BN12275,North,2078,1.6K,0-6-1-3 Aana,20 Feet / Paved,2900 Sq. Feet,5 months ago
64,"House For Sale In Imadol, Lalitpur","Imadol 4 Bojepokhari, Imadol, Lalitpur",NPR. 285,6,5,3,1,BN12237,East,N/A,209,0.3.2.1 Aana,12 Feet / Gravelled,2461 Sq. Feet,5 months ago
65,"Built On 5 Aana 2 Paisa 3 Daam. Brand New House Sale At Imadol Sital Height , Lalitpur, Nepal. Very Low Price New House. : House For Sale In Imadol, Lalitpur","Sital height, Imadol, Imadol, Lalitpur","NPR. 3,85,00,000",7,5,3,10,BN12236,East,N/A,243,6 Aana,18 Feet / Gravelled,0-5-2-3 Aana,5 months ago
66,"House For Sale In Kapan, Kathmandu","Kapan, Paiyutar, Kapan, Kathmandu","NPR. 4,25,00,000 Per Paisa",11,7,4,0,BN12234,East,2077,144,5 Aana,16 Feet / Gravelled,3300 Sq. Feet,5 months ago
67,"House For Sale In Budhanilkantha, Kathmandu","Bagmati, Budhanilkantha, Kathmandu","NPR. 7,90,00,000 N/A",5,5,2,3,BN12232,East,N/A,493,8 Aana,26 Feet / Paved,N/A Sq. Feet,5 months ago
68,"House For Sale In Imadol, Lalitpur","Imadol, Imadol, Lalitpur","NPR. 2,35,00,000",5,4,3,1,BN12226,South,N/A,442,3-0-2 Aana,16 Feet / Gravelled,2200 Sq. Feet,5 months ago
69,"RESIDENTIAL HOUSE ON SALE AT POKHARA-12 LALIGURAS WITH SERENE MOUNTAIN VIEW : House For Sale In Pokhara, Pokhara","laliguras shanti tole (house no .74), Pokhara, Pokhara","NPR. 4,60,00,000 Onwards",10,9,4,0,BN12196,South,N/A,882,7 Aana,12 Feet / Blacktopped,5000 Sq. Feet,5 months ago
70,"Residential : House For Sale In Hattiban, Lalitpur","Near LA School, Hattiban, Lalitpur","NPR. 3,25,00,000",5,4,3,1,BN12130,South,N/A,1.2K,0-4-0-0 Aana,13 Feet / Blacktopped,2300 Sq. Feet,6 months ago
71,"FINE RESIDENTIAL : House For Sale In Hattiban, Lalitpur","Sitapakha, Hattiban, Lalitpur","NPR. 3,50,00,000 Total Price",5,4,3.5,1,BN12129,North East,N/A,923,0-4-0-0 Aana,13 Feet / Concrete,2500 Sq. Feet,6 months ago
72,"Comfortable Residential : House For Sale In Hattiban, Lalitpur","Sitapakha, Hattiban, Lalitpur","NPR. 2,90,00,000 Total Price",6,4,2.5,1,BN12128,West,N/A,1.2K,0-3-1-0 Aana,13 Feet / Concrete,N/A Aana,6 months ago
73,"House For Sale In Imadol, Lalitpur","imadol, Imadol, Lalitpur","NPR. 3,75,00,000",6,5,N/A,2,BN12120,East,N/A,421,4 Aana,16 Feet / Gravelled,2767 Sq. Feet,6 months ago
74,"House For Sale In Imadol, Lalitpur","Rajkulo, Imadol, Lalitpur","NPR. 2,75,00,000 Per Month",5,4,3,1,BN12119,North,2077,409,3 Aana,16 Feet / Gravelled,2200 Sq. Feet,6 months ago
75,"House For Sale In Imadol, Lalitpur","Imadol, Imadol, Lalitpur","NPR. 3,25,00,000 Onwards",5,5,2,1,BN12118,South,2022,302,3 Aana 3 paisaa Aana,16 Feet / Gravelled,2700 Sq. Feet,6 months ago
76,"House For Sale In Imadol, Lalitpur","Imadol, Imadol, Lalitpur","NPR. 3,25,00,000",5,0,N/A,0,BN12116,South,N/A,244,3aana 3 paisa Aana,20 Feet / Gravelled,2600 Sq. Feet,6 months ago
77,"House For Sale In Imadol, Lalitpur","Imadol, Imadol, Lalitpur","NPR. 3,75,00,000",6,5,2,2,BN12115,East,2022,233,4 Aana,16 Feet / Gravelled,2767 Sq. Feet,6 months ago
78,"House For Sale In Imadol, Lalitpur","imadol, Imadol, Lalitpur","NPR. 2,35,00,000 Per Month",5,4,N/A,1,BN12113,South,N/A,265,3.2 Aana,16 Feet / Gravelled,1900 Sq. Feet,6 months ago
79,"House For Sale In Dharan, Dharan","bijaypur, Dharan, Dharan","NPR. 1,45,00,000",3,3,N/A,1,BN11981,East,N/A,993,8.75 Dhur,0 Feet,N/A Aana,6 months ago
80,"RESIDENTIAL : House For Sale In Dallu, Kathmandu","Dallu Awas, Dallu, Kathmandu","NPR. 4,10,00,000 Total Price",6,3,3,1,BN11918,South,N/A,1.5K,0-3-0-0 Aana,16 Feet / Blacktopped,2300 Sq. Feet,6 months ago
81,"Residential House On Sale And Rent : House For Sale In Nagarjun, Kathmandu","Nagarjun-6, Nagarjun, Kathmandu","NPR. 3,50,00,000 Total Price",6,4,2.5,2,BN11917,North West,2016,421,6.5 Aana,16 Feet / Gravelled,N/A Aana,6 months ago
82,"Pepsicola : House For Sale In Kageshwari-Manohara, Kathmandu","barashutter,near bhadrakali petrol pump, Kageshwari-Manohara, Kathmandu","NPR. 2,65,00,000 Onwards",6,3,3,1,BN11911,East,2019,400,4 Aana,13 Feet / Gravelled,N/A Aana,6 months ago
83,"House On Sale Near Krishna Mandir Imadol : House For Sale In Imadol, Lalitpur","Imadol -7, Imadol, Lalitpur","NPR. 1,55,00,000",1,1,1,1,BN11906,East,2022,670,0-3-2-0 Aana,14 Feet / Gravelled,0-3-2-0 Aana,6 months ago
84,"Newly Constructed : House For Sale In Budhanilkantha, Kathmandu","Kapan, Budhanilkantha, Kathmandu","NPR. 3,25,00,000 Total price",5,4,3,1,BN11901,South,2079,445,0-4-0-0 Aana,13 Feet / Paved,2400 Aana,7 months ago
85,"House/Land At Damak - 9 Bijay Tole Jhapa : House For Sale In Damak, Jhapa","House no 2-22419 Bijay Tole Damak-9 Jhapa Nepal, Damak, Jhapa","NPR. 7,00,000 Per Dhur",4,3,2,0,BN11893,East,2000,377,22 Dhur,20 Feet,1 Kattha,7 months ago
86,"Traditional Style : House For Sale In Budhanilkantha, Kathmandu","Mandikatar Tennis Court, Budhanilkantha, Kathmandu","NPR. 4,25,00,000 Total price",5,4,3,2,BN11892,West,2078,1.4K,0-4-1-0 Aana,13 Feet / Gravelled,2400 Sq. Feet,7 months ago
87,"Traditional Style : House For Sale In Budhanilkantha, Kathmandu","Mandikatar Tennis Court, Budhanilkantha, Kathmandu","NPR. 4,95,00,000 Total price",7,5,4,2,BN11890,West,2078,5K,0-5-0-0 Aana,13 Feet / Blacktopped,3200 Sq. Feet,7 months ago
88,"Semi-Bungalow : House For Sale In Budhanilkantha, Kathmandu","Sundarbasti, Kapan, Budhanilkantha, Kathmandu","NPR. 4,35,00,000 Total price",6,5,4,3,BN11889,North East,2079,1.1K,0-5-0-0 Aana,13 Feet / Blacktopped,2800 Sq. Feet,7 months ago
89,"Residental House Sell : House For Sale In Tikathali, Lalitpur","Tikathali, Tikathali, Lalitpur","NPR. 2,65,00,000",3,3,3,3,BN11888,South East,2016,270,5 Aana,0 Feet / Gravelled,5 Aana,7 months ago
90,"4BHK Modern Home For Sale At Housing In Sitapaila : House For Sale In Sitapaila, Kathmandu","Nagarjun ward no 4, Sitapaila, Sitapaila, Kathmandu","NPR. 6,25,00,000 Onwards",4,5,N/A,2,BN11885,South,N/A,633,0-7-2-3.14 Aana,22 Feet,2734 Sq. Feet,7 months ago
91,"House / Land On Sale : House For Sale In Kupondole, Lalitpur","kupondole lalitpur sanepa, Kupondole, Lalitpur","NPR. 70,00,000 Per Aana",4,0,3,0,BN11877,South East,N/A,821,13 Aana,16 Feet / Paved,N/A Aana,7 months ago
92,"RESIDENTIAL : House For Sale In Imadol, Lalitpur","Imadol-4 Mahalaxmi Nagarpalika, Imadol, Lalitpur","NPR. 2,70,00,000 Total Price",8,5,N/A,1,BN11874,East,N/A,298,0-3-1-0 Aana,13 Feet / Gravelled,2460 Aana,7 months ago
93,"BEAUTIFUL RESIDENTIAL : House For Sale In Imadol, Lalitpur","Imadol-4 Mahalaxmi Nagarpalika, Imadol, Lalitpur","NPR. 2,50,00,000 Total Price",5,4,3.5,1,BN11873,East,N/A,754,0-3-1-0 Aana,13 Feet / Gravelled,N/A Aana,7 months ago
94,"Residential : House For Sale In Imadol, Lalitpur","Imadol-4 Mahalaxmi Nagarpalilka, Imadol, Lalitpur","NPR. 2,40,00,000",4,3,2.5,1,BN11871,East,N/A,702,0-3-0-0 Aana,13 Feet / Gravelled,N/A Aana,7 months ago
95,"Residential : House For Sale In Imadol, Lalitpur","Imadol-4 Mahalaxmi Nagarpalilka, Imadol, Lalitpur","NPR. 2,35,00,000 Total price",4,4,2.5,1,BN11870,South,N/A,535,3 Aana,13 Feet / Gravelled,2200 Sq. Feet,7 months ago
96,"Attractive Residential House : House For Sale In Lubhu, Lalitpur","Lubhu Buspark, Lubhu, Lalitpur","NPR. 2,75,00,000 Total Price",4,2,3,2,BN11811,West,2077,1.7K,0-5-0-0 Aana,13 Feet / Gravelled,2500 Sq. Feet,7 months ago
97,"House For Sale In Kalanki, Kathmandu","Amritnagar, Kalanki, Kathmandu","NPR. 3,70,00,000 N/A",3,3,3,2,BN11804,East,2074,303,4.25 Aana,14 Feet / Soil Stabilized,N/A Sq. Feet,7 months ago
98,"Koteshwor Kathmandu House For Sale : House For Sale In Koteshwor, Kathmandu","sahayoginagar, Koteshwor, Kathmandu","NPR. 4,15,00,000 Onwards",5,5,4,1,BN11797,South,N/A,665,4 Aana,6 Meter,N/A Aana,7 months ago
99,"RESIDENTIAL : House For Sale In Imadol, Lalitpur","Sital Height, Imadol, Lalitpur","NPR. 2,65,00,000 Total Price",5,4,3,1,BN11790,North,N/A,1.2K,0-3-1-0 Aana,13 Feet / Soil Stabilized,2189 Aana,7 months ago
100,"RESIDENTIAL : House For Sale In Imadol, Lalitpur","Sital Height, Imadol, Lalitpur","NPR. 2,35,00,000 Total Price",0,0,2.5,1,BN11788,North,N/A,688,0-3-1-0 Aana,14 Feet / Soil Stabilized,N/A Aana,7 months ago
101,"RESIDENTIAL : House For Sale In Imadol, Lalitpur","Sital Height, Imadol, Lalitpur","NPR. 2,35,00,000 Total Price",5,4,2.5,1,BN11785,East,N/A,486,0-3-0-0 Aana,13 Feet / Concrete,2000 Aana,7 months ago
102,"RESIDENTIAL : House For Sale In Imadol, Lalitpur","Sital Height, Imadol, Lalitpur","NPR. 2,35,00,000 Total Price",5,4,2.5,1,BN11784,East,N/A,488,0-3-0-0 Aana,13 Feet / Concrete,2000 Aana,7 months ago
103,"RESIDENTIAL : House For Sale In Imadol, Lalitpur","Sital Height, Imadol, Lalitpur","NPR. 2,95,00,000 Total Price",6,4,3.5,2,BN11783,East,N/A,4.8K,0-4-0-0 Aana,15 Feet / Soil Stabilized,2250 Sq. Feet,7 months ago
104,"House For Sale In Hatkhola, Biratnagar","biratnagar, Hatkhola, Biratnagar","NPR. 59,000 Onwards",0,0,N/A,0,BN11782,East,N/A,291,10 Dhur,0 Feet / Gravelled,10 Dhur,8 months ago
105,"Urgent House On Sell : House For Sale In Pepsicola, Kathmandu","Harharmahadev chowk, Pepsicola, Kathmandu","NPR. 1,90,00,000",3,2,4,2,BN11781,South East,2019,627,0-2.3.3 Aana,12 Feet / Gravelled,800 Aana,8 months ago
106,"House For Sale In Budhanilkantha, Kathmandu","Budhanilkantha, Budhanilkantha, Kathmandu","NPR. 3,75,00,000 Onwards",8,2,2,2,BN11778,West,2077,549,0-5-0-0 Aana,20 Feet / Blacktopped,1600 Sq. Feet,8 months ago
107,"House For Sale In Ram Bazar, Pokhara","Duchi Marga, Near Kantipur Party Palace, Ram Bazar, Pokhara","NPR. 4,00,00,000",0,0,N/A,0,BN11773,East,N/A,282,0-4-3-2 Aana,20 Feet / Gravelled,155.4 Sq. Meter,8 months ago
108,"House For Sale In Chappal Karkhana, Kathmandu","82, Chappal Karkhana, Kathmandu","NPR. 10,00,00,000 Onwards",10,7,4,0,BN11765,South East,2065,501,11 Aana,12 Feet / Gravelled,1300 Sq. Feet,8 months ago
109,"3.5 Storey House Built In 5 Aana Land At 3.98 Crore : House For Sale In Madhyapur Thimi, Bhaktapur","Madhyapur thimi, Madhyapur Thimi, Bhaktapur","NPR. 3,98,00,000",8,4,3,1,BN11764,East,2072,444,1710 Sq. Feet,13 Feet / Paved,4300 Sq. Feet,8 months ago
110,"Pasikot : House For Sale In Pasikot, Kathmandu","Pasikot, Pasikot, Kathmandu","NPR. 3,90,00,000 Onwards",0,0,N/A,2,BN11755,North,N/A,471,0-5-0-0 Aana,16 Feet / Blacktopped,N/A Aana,8 months ago
111,"House For Sale In Basundhara, Kathmandu","Basundhara, 500 m from Ishan hospital new building, Basundhara, Kathmandu","NPR. 3,00,00,000",4,4,3,1,BN11754,South,2077,867,0-4-0-0 Aana,10 Feet / Gravelled,2400 Sq. Feet,8 months ago
112,"Pasikot : House For Sale In Pasikot, Kathmandu","Bhudanilkantha pasikot, Pasikot, Kathmandu","NPR. 7,50,00,000 Onwards",0,4,3,3,BN11740,East,2022,841,0-8-0-0 Aana,14 Feet / Gravelled,N/A Aana,8 months ago
113,"House For Sale : House For Sale In Kageshwari-Manohara, Kathmandu","Greenhillcity, Narayantar, Kageshwari-Manohara, Kathmandu","NPR. 2,50,00,000",3,2,2,1,BN11733,East,2018,616,6 Aana,0 Feet,N/A Aana,8 months ago
114,"Best House For Sale : House For Sale In Nagarjun, Kathmandu","E-6, Nagarjun, Kathmandu","NPR. 55,00,000 Per Aana",0,4,3,2,BN11723,North East,2016,421,6.5 Aana,0 Feet / Paved,5 Aana,9 months ago
115,"4BHK Modern Home Available For SALE At Chappal Karkhana, Kathmandu : House For Sale In Chappal Karkhana, Kathmandu","Chapalkarkhana, Chappal Karkhana, Kathmandu","NPR. 3,50,00,000 Onwards",4,4,N/A,1,BN11718,South,N/A,1.1K,0-3-0-0 Aana,16 Feet,N/A Aana,9 months ago
116,"House For Sale : House For Sale In Budhanilkantha, Kathmandu","Chyasundol Marg, Budhanilkanth-6, Budhanilkantha, Kathmandu","NPR. 2,25,00,000",4,3,2,1,BN11715,South,2076,684,0-3-0-0 Aana,13 Feet / Gravelled,N/A Aana,9 months ago
117,"Residential Building On Sale At Paradise Colony, Bhangal : House For Sale In Budhanilkantha, Kathmandu","Paradise colony, Budhanilkantha, Kathmandu","NPR. 2,75,00,000 Onwards",3,0,N/A,2,BN11710,South East,2065,866,0-3-2-0 Aana,13 Feet / Blacktopped,N/A Aana,9 months ago
118,"Fully Furnished House On Sale In Sanepa, Jhamsikhel : House For Sale In Jhamsikhel, Lalitpur","Jhamsikhel, Sanepa, Jhamsikhel, Lalitpur","NPR. 4,10,00,000",6,5,3,2,BN11706,South East,2012,1K,3 Aana,13 Feet / Blacktopped,3 Aana,9 months ago
119,"Residential Plus Commercial House : House For Sale In Kapan, Kathmandu","Faika, Tenjing Chowk, Budhanilkantha, Kapan, Kathmandu","NPR. 2,45,00,000 Total price",6,2,2,0,BN11703,South,2068,950,0-2-3-0 Aana,24 Feet / Blacktopped,1800 Sq. Feet,9 months ago
120,"Flat System 2.5 Storey House At Besigaun, Jorpati : House For Sale In Jorpati, Kathmandu","Prakritinagar marga, Besigaun,, Jorpati, Kathmandu","NPR. 2,85,00,000 Onwards",5,2,2,1,BN11701,South,N/A,376,4.5 Aana,12 Feet,4.5 Aana,9 months ago
121,"House For Sell In Budhanilkantha Sundarbasti : House For Sale In Budhanilkantha, Kathmandu","sundarbasti, Budhanilkantha, Kathmandu","NPR. 5,50,00,000",5,4,N/A,2,BN11699,North East,N/A,778,5.5 Aana,0 Feet / Blacktopped,N/A Aana,9 months ago
122,"3 Storey Cozy House For SALE At Sanobharyang, Kathmandu : House For Sale In Sanobharyang, Kathmandu","Sanobharyang, Sanobharyang, Kathmandu","NPR. 1,70,00,000",7,2,N/A,0,BN11696,West,N/A,878,0-2-2-0 Aana,16 Feet / Paved,N/A Aana,9 months ago
123,"Bungalow For SALE At Sanobharyang, Kathmandu : House For Sale In Sanobharyang, Kathmandu","Sano bharyang, Sanobharyang, Kathmandu","NPR. 8,50,00,000",9,5,N/A,3,BN11695,West,N/A,446,0-8-2-0 Aana,13 Feet / Paved,N/A Aana,9 months ago
124,"1 Ropani Commercial Property For SALE At Samakhusi, Kathmandu : House For Sale In Samakhusi, Kathmandu","Samakhusi, Samakhusi, Kathmandu","NPR. 16,00,00,000",9,4,N/A,10,BN11694,West,N/A,419,1-0-0-0 Ropani,20 Feet / Paved,1 Ropani,9 months ago
125,"COMMERCIAL : House For Sale In Hetauda, Makwanpur","near Parijatpath, Hetauda, Makwanpur","NPR. 5,00,00,000",0,0,4,0,BN11693,North East,2078,785,0-5-2-1 Aana,0 Feet / Paved,10.5 Aana,9 months ago
126,"House On Sale In Bhaktapur : House For Sale In Dadikot, Bhaktapur","Gamcha, Dadikot, Bhaktapur","NPR. 1,50,00,000 Onwards",2,2,2,1,BN11681,West,N/A,797,0-5-1-0 Aana,4 Feet,0-3-0-0 Aana,10 months ago
127,"House On Sale Inside United Colony : House For Sale In Lubhu, Lalitpur","United colony Phase-II , Lubhu, Lubhu, Lalitpur","NPR. 3,10,00,000 Onwards",3,3,N/A,1,BN11680,East,N/A,727,0-3-2-2 Aana,13 Feet,N/A Aana,10 months ago
128,"RESIDENTIAL : House For Sale In Balkot, Bhaktapur","Suryabinayak Nagarpalika 3, Balkot, Bhaktapur","NPR. 5,25,00,000 Total Price",5,5,2.5,2,BN11674,North,N/A,789,9 Aana,26 Feet / Paved,N/A Aana,10 months ago
129,"RESIDENTIAL : House For Sale In Budhanilkantha, Kathmandu","Rudreshwor chowk, Budhanilkantha, Kathmandu","NPR. 4,95,00,000 Total Price",5,5,2.5,2,BN11673,South,2079,6.3K,5.75 Aana,15 Feet / Blacktopped,2600 Aana,10 months ago
130,"Building At Sale : House For Sale In Sorakhutte, Kathmandu","Sorakhutte, Sorakhutte, Kathmandu","NPR. 65,00,000 Per Aana",0,0,6,0,BN11672,East,N/A,678,11 Aana,20 Feet / Blacktopped,11 Aana,10 months ago
131,"House On Sale At Manmaiju : House For Sale In Manamaiju, Kathmandu","Manamaiju, Manamaiju, Kathmandu","NPR. 2,99,00,000 Onwards",4,4,N/A,1,BN11665,West,N/A,838,4 Aana,20 Feet,2300 Sq. Feet,10 months ago
132,"House On Sale At Bhaisepati : House For Sale In Bhaisepati, Lalitpur","Sainbu, Bhaisepati, Lalitpur","NPR. 3,58,00,000 Onwards",4,3,N/A,1,BN11664,North,N/A,1.3K,4.25 Aana,20 Feet,2102 Sq. Feet,10 months ago
133,"RESIDENTIAL : House For Sale In Parsyang, Pokhara","18, Parsyang, Pokhara",NPR. 350 Price,4,5,3,2,BN11662,North East,N/A,7.6K,0-5-3-1 Aana,16 Feet / Concrete,2800 Sq. Feet,10 months ago
134,"House : House For Sale In Matatirtha, Kathmandu","Takhel, Matatirtha, Kathmandu","NPR. 1,45,00,000 Onwards",0,0,N/A,0,BN11654,West,N/A,933,4 Aana,3 Feet,N/A Aana,10 months ago
135,"House For Sale In Imadol, Lalitpur","Imadol new basti, Imadol, Lalitpur","NPR. 2,90,00,000 Onwards",0,0,N/A,0,BN11652,South,N/A,459,4 Aana,13 Feet / Gravelled,2600 Sq. Feet,10 months ago
136,"RESIDENTIAL : House For Sale In Baluwatar, Kathmandu","Chundevi, near Panchakanya School, Baluwatar, Kathmandu","NPR. 7,50,00,000 Total Price",8,9,4,3,BN11644,South East,N/A,839,0-6-0-0 Aana,11 Feet / Blacktopped,N/A Sq. Feet,10 months ago
137,"House For Sale In Sano Gaun, Lalitpur","Imadol, Sanagaun, Sano Gaun, Lalitpur","NPR. 3,39,00,000",5,4,4,1,BN11640,South East,2076,582,4.5 Aana,16 Feet / Gravelled,N/A Sq. Feet,11 months ago
138,"House On Sale At Imadole : House For Sale In Imadol, Lalitpur","Shital Height, Imadol, Lalitpur","NPR. 2,70,00,000",5,4,3,1,BN11628,South,2079,892,0-3-1-0 Aana,13 Feet / Blacktopped,N/A Aana,11 months ago
139,"House On Sale At Rudreshwor, Budhanilkantha : House For Sale In Budhanilkantha, Kathmandu","Rudreshwor, Budhanilkantha, Kathmandu","NPR. 11,50,00,000",5,4,3,4,BN11624,South West,N/A,1.2K,1-2-0-0 Aana,14 Feet / Blacktopped,N/A Aana,11 months ago
140,"House On Sale At Mahatto Marg, Bhaisepati : House For Sale In Bhaisepati, Lalitpur","Mahatto Marg, Bhaisepati, Lalitpur","NPR. 4,65,00,000",4,4,3,2,BN11623,East,N/A,650,0-4-0-0 Aana,13 Feet / Blacktopped,N/A Aana,11 months ago
141,"Residential Bungalow For Sale In Imadol : House For Sale In Balkumari, Lalitpur","Imadol, Balkumari, Lalitpur","NPR. 3,60,00,000",0,2,2,2,BN11622,North East,2066,680,7 Aana,20 Feet / Blacktopped,N/A Aana,11 months ago
142,"House For Sale In Mid Baneshwor, Kathmandu","Deurali club mid baneswer, Mid Baneshwor, Kathmandu","NPR. 1,00,00,000 Per Aana",0,0,2,0,BN11621,West,2069,864,12 Aana,24 Feet / Blacktopped,381.55 Sq. Feet,11 months ago
143,"House For Sale In Imadol, Lalitpur","hamro coloney, Imadol, Lalitpur","NPR. 2,90,00,000 Onwards",7,3,3,1,BN11619,South,2077,514,4 Aana,13 Feet / Gravelled,2600 Sq. Feet,11 months ago
144,"House For Sale In Bhaisepati, Lalitpur","i Aawash, Bhaisepati, Lalitpur","NPR. 21,00,00,000",6,4,3,0,BN11612,East,N/A,1.2K,0-18-0-0 Aana,22 Feet / Blacktopped,N/A Aana,11 months ago
145,"Full Furnished : House For Sale In Balkhu, Kathmandu","Balkhu Height, Balkhu, Kathmandu","NPR. 7,25,00,000 Total Price",6,5,3,3,BN11611,South,2068,8.3K,0-8-0-0 Aana,20 Feet / Blacktopped,N/A Aana,11 months ago
146,"Semi Bungalow House On Sale At Imadole : House For Sale In Imadol, Lalitpur","Green Hill City, Imadol, Lalitpur","NPR. 2,35,00,000",5,3,3,1,BN11609,East,2079,802,0-3-0-0 Aana,13 Feet / Blacktopped,N/A Aana,11 months ago
147,"House For Sale In Chapali, Kathmandu","Budhanilkantha, Chapali, Kathmandu","NPR. 1,50,000",5,4,3,4,BN11607,East,N/A,1.3K,0-16-0-0 Aana,13 Feet / Blacktopped,N/A Aana,11 months ago
148,"House For Sale In Bafal, Kathmandu","Bafal, Bafal, Kathmandu","NPR. 5,80,00,000 Total",6,3,2,3,BN11605,East,N/A,604,0-8-3-1 Aana,0 Feet,N/A Aana,11 months ago
149,"House For Sale In Dhapasi, Kathmandu","Dhapasi, Dhapasi, Kathmandu","NPR. 3,10,00,000 Onwards",0,0,3,1,BN11595,North,N/A,653,0-3-2-0 Aana,12 Feet / Blacktopped,N/A Aana,11 months ago
150,"Newly Built House On Urgent Sale At Battisputali : House For Sale In Baneshwor, Kathmandu","Baneshor, Baneshwor, Kathmandu","NPR. 3,20,00,000 Onwards",0,2,3,0,BN11587,East,N/A,1.8K,4.5 Aana,20 Feet,2000 Sq. Feet,11 months ago
151,"House For Sale In Bhaisepati, Lalitpur","Medicity, Bhaisepati, Lalitpur","NPR. 3,75,00,000 Onwards",4,4,4,1,BN11581,North East,2021,1.1K,0-3-2-0 Aana,20 Feet / Blacktopped,2375 Aana,11 months ago
152,"House For Sale In Bhaisepati, Lalitpur","i karyabinayak homes, Bhaisepati, Lalitpur","NPR. 2,91,00,000 Onwards",4,4,4,1,BN11579,East,N/A,1.2K,0-3-2-0 Aana,20 Feet,2375 Aana,11 months ago
153,"House For Sale In Kadaghari, Kathmandu","Khanepani Tanki Tole, Kadaghari, Kathmandu","NPR. 2,70,00,000",6,3,3,1,BN11576,North,2022,1K,0-3-2-0 Aana,13 Feet / Gravelled,N/A Aana,11 months ago
154,"Booking Open In Downtown Housing Bhaisepati : House For Sale In Bhaisepati, Lalitpur","Bhaisepati, Bhaisepati, Lalitpur","NPR. 3,50,00,000",4,4,3,1,BN11572,East,2079,1.1K,0-3-2-0 Aana,20 Feet / Blacktopped,N/A Aana,11 months ago
155,"Booking Open For 5BHK Bungalow In Italitar, Budhanilkantha : House For Sale In Budhanilkantha, Kathmandu","Italitar, Budhanilkantha, Kathmandu","NPR. 7,75,00,000",5,5,3,3,BN11571,East,2079,785,0-8-1-0 Aana,20 Feet / Blacktopped,N/A Aana,11 months ago
156,"East Faced House On Sale At Budhanilkantha : House For Sale In Budhanilkantha, Kathmandu","Rudreshwor, Budhanilkantha, Budhanilkantha, Kathmandu","NPR. 5,00,00,000",4,5,3,2,BN11570,East,2079,741,0-5-1-0 Aana,14 Feet / Gravelled,N/A Aana,11 months ago
157,"House For Sale In Imadol, Lalitpur","Imadol, Lalitpur, Imadol, Lalitpur","NPR. 1,60,00,000",2,1,1,2,BN11569,South West,2022,881,3 Aana,13 Feet / Gravelled,N/A Aana,11 months ago
158,"House For Sale In Imadol, Lalitpur","Imadol, Lalitpur, Imadol, Lalitpur","NPR. 1,60,00,000 Onwards",2,1,1,2,BN11568,East,2022,614,3 Aana,13 Feet / Gravelled,3 Aana,11 months ago
159,"House In Sale At Taukhel, Godawari (4.5 Aana) : House For Sale In Dakshinkali, Kathmandu","Taukhel, Godawari, Dakshinkali, Kathmandu","NPR. 3,00,00,000 Onwards",0,0,2,1,BN11560,East,2015,472,4.5 Aana,0 Feet / Blacktopped,2.5 Aana,11 months ago
160,"House On Sale At Deuba Chowk : House For Sale In Budhanilkantha, Kathmandu","Deuba Chowk, Budhanilkantha, Kathmandu","NPR. 4,50,00,000 Total",5,4,3,1,BN11556,South,2079,860,04-3-0 Aana,13 Feet / Blacktopped,N/A Aana,1 year ago
161,"Semi Bungalow House : House For Sale In Budhanilkantha, Kathmandu","Hattigaunda, Budhanilkantha, Kathmandu","NPR. 4,50,00,000 Total",6,4,3,2,BN11555,East,2079,695,0-5-0-0 Aana,13 Feet / Blacktopped,N/A Aana,1 year ago
162,"House For Sale In Bhaisepati, Lalitpur","Nakkhus, Bhaisepati, Bhaisepati, Lalitpur","NPR. 4,00,000",4,4,3,1,BN11554,East,2079,933,0-5-0-0 Aana,13 Feet / Blacktopped,N/A Aana,1 year ago
163,"House In Shanta Colony, Hepali Height : House For Sale In Budhanilkantha, Kathmandu","Shanta Colony, Hepali Height, Budhanilkantha, Kathmandu","NPR. 4,50,00,000 Total",3,4,3,2,BN11553,South West,2074,771,0-4-2-0 Aana,20 Feet / Blacktopped,N/A Aana,1 year ago
164,"Attractive : House For Sale In Tokha, Kathmandu","Dhapasi, Tokha, Kathmandu","NPR. 4,10,00,000 Total",5,4,3,1,BN11552,South East,2079,479,0-4-0-2 Aana,20 Feet / Blacktopped,N/A Aana,1 year ago
165,"Amazing : House For Sale In Bhaisepati, Lalitpur","Manjushree marg, Bhaisepati, Lalitpur","NPR. 3,80,00,000 Total",4,4,3,1,BN11551,East,2079,625,0-3-2-0 Aana,13 Feet / Blacktopped,N/A Aana,1 year ago
166,"House For Sale In Tokha, Kathmandu","Dhapasi, Tokha, Kathmandu","NPR. 3,75,00,000 Total",6,4,3,1,BN11550,East,2079,401,0-4-0-0 Aana,13 Feet / Blacktopped,N/A Aana,1 year ago
167,"House For Sale In Budhanilkantha, Kathmandu","Hattigaunda, Budhanilkantha, Kathmandu","NPR. 6,50,00,000",6,7,3,2,BN11549,East,2079,606,0-6-2-0 Aana,14 Feet / Blacktopped,N/A Aana,1 year ago
168,"House For Sale In Budhanilkantha, Kathmandu","Bhudanilkantha, Budhanilkantha, Kathmandu","NPR. 4,20,00,000 Onwards",0,3,N/A,4,BN11548,East,N/A,512,0-8-0-0 Aana,16 Feet / Blacktopped,N/A Aana,1 year ago
169,"House For Sale In Mulpani, Kathmandu","Tiwari Tole-6, Mulpani, Kathmandu","NPR. 1,60,00,000",0,3,3,1,BN11547,East,2014,624,960 Sq. Feet,12 Feet / Paved,900 Sq. Feet,1 year ago
170,"House For Sale In Budhanilkantha, Kathmandu","Rudreshwor, Budhanilkantha, Kathmandu","NPR. 5,95,00,000",5,5,3,3,BN11542,South,2078,678,0-6-0-0 Aana,13 Feet / Gravelled,N/A Aana,1 year ago
171,"House For Sale In Budhanilkantha, Kathmandu","Hepali Height, Budhanilkantha, Kathmandu","NPR. 4,25,00,000",5,4,3,1,BN11541,South East,2079,498,0-5-0-0 Aana,13 Feet / Blacktopped,N/A Aana,1 year ago
172,"House For Sale In Hattigauda, Kathmandu","Ganesh Chowk, Budhanilkantha, Hattigauda, Kathmandu","NPR. 4,50,00,000",5,4,3,1,BN11540,East,2079,854,0-5-2-0 Aana,13 Feet / Gravelled,N/A Aana,1 year ago
173,"House For Sale In Dhapasi, Kathmandu","Dhapasi, Dhapasi, Kathmandu","NPR. 13,50,00,000",6,7,3,3,BN11539,East,2079,856,1-0-0-0 Aana,13 Feet / Blacktopped,N/A Aana,1 year ago
174,"House For Sale In Hattiban, Lalitpur","Hattiban, Hattiban, Lalitpur","NPR. 4,60,00,000",4,4,3,1,BN11525,East,2079,487,0-4-2-0 Aana,13 Feet / Blacktopped,2200 Aana,1 year ago
175,"House For Sale In Dhapasi, Kathmandu","Chyasindol, Dhapasi, Dhapasi, Kathmandu","NPR. 2,30,00,000 Onwards",4,3,3,1,BN11522,North East,N/A,805,0-3-1-0 Aana,13 Feet / Blacktopped,N/A Aana,1 year ago
176,"Near HICAST College : House For Sale In Kirtipur, Kathmandu","kirtipur-3 near HICAST college, Kirtipur, Kathmandu","NPR. 2,40,00,000 Onwards",2,2,1,2,BN11512,South West,2015,831,0-5-0-0 Aana,7 Meter / Blacktopped,935 Aana,1 year ago
177,"Brand New Modern Villa : House For Sale In Bhaisepati, Lalitpur","Bhaisepati, Bhaisepati, Lalitpur","NPR. 15,00,00,000",6,7,3,2,BN11510,East,2078,905,0-8-2-0 Aana,13 Feet / Blacktopped,N/A Aana,1 year ago
178,"Siddhartha Colony : House For Sale In Budhanilkantha, Kathmandu","Budhanilkantha, Budhanilkantha, Kathmandu","NPR. 13,50,00,000",6,6,3,6,BN11509,East,2078,694,1-5-0 Aana,20 Feet / Blacktopped,N/A Aana,1 year ago
179,"Colony : House For Sale In Budhanilkantha, Kathmandu","Budhanilkantha, Budhanilkantha, Kathmandu","NPR. 4,25,00,000",5,5,2,1,BN11508,South East,2078,659,0-3-3-0 Aana,16 Feet / Blacktopped,N/A Aana,1 year ago
180,"Nakkhu : House For Sale In Bhaisepati, Lalitpur","Nakkhus, Bhaisepati, Bhaisepati, Lalitpur","NPR. 5,30,00,000",4,4,2,2,BN11507,South,2077,645,0-5-2-0 Aana,13 Feet / Blacktopped,N/A Aana,1 year ago
181,"Beautiful : House For Sale In Hattiban, Lalitpur","Arawoti, Dhapakhel, Hattiban, Lalitpur","NPR. 4,50,00,000 Total",5,5,2.5,3,BN11496,North,N/A,6.1K,0-6-0-0 Aana,16 Feet / Blacktopped,2200 Aana,1 year ago
182,"House For Sale In Budhanilkantha, Kathmandu","Phulbari Marg, Near Deiuba, Budhanilkantha, Kathmandu","NPR. 5,50,00,000",0,4,3,0,BN11490,East,2021,497,8 Aana,12 Feet / Blacktopped,1250 Aana,1 year ago
183,"10BHK : House For Sale In Changunarayan, Bhaktapur","Sudal, Changunarayan, Bhaktapur","NPR. 2,10,00,000",10,3,3,2,BN11487,East,2077,467,0-3-3-0 Aana,10 Feet / Gravelled,2565.09 Aana,1 year ago
184,"House For Sale In Tarkeshwor, Kathmandu","Sangamphat, Phutung, Tarkeshwor, Kathmandu","NPR. 3,72,00,000 Onwards",10,5,4,5,BN11486,East,N/A,344,0-7-2-0 Aana,24 Feet,0-3-1-0 Aana,1 year ago
185,"4 Aana : House For Sale In Godawari, Lalitpur","Village Resort, Godawari, Lalitpur","NPR. 1,75,00,000 Onwards",7,4,3,1,BN11483,East,2017,748,4 Aana,20 Feet / Blacktopped,N/A Aana,1 year ago
186,"Residential Cum Commercial : House For Sale In Buddhanagar, Kathmandu","Shankhamul, Buddhanagar, Kathmandu","NPR. 8,00,00,000 Total",0,0,3.5,0,BN11458,East,2075,1K,0-6-0-3 Aana,14 Feet / Blacktopped,5000 Sq. Feet,1 year ago
187,"Bisalnagar Dhanantori : House For Sale In Bishal Nagar, Kathmandu","Bisalnagar Dhanantori, Bishal Nagar, Kathmandu","NPR. 62,00,000 Per Aana",3,3,N/A,4,BN11451,South,N/A,567,1-8-0-0 Aana,14 Feet / Blacktopped,N/A Aana,1 year ago
188,"Bisalnagar : House For Sale In Bishal Nagar, Kathmandu","Bisalnagar, Bishal Nagar, Kathmandu","NPR. 2,20,000 Per Month",0,0,2,0,BN11450,North East,N/A,461,1-8-0-0 Aana,20 Feet / Blacktopped,N/A Aana,1 year ago
189,"Semi-Furnished 4BHK Bungalow For Sale At Sukedhara, : House For Sale In Sukedhara, Kathmandu","Sukhedhara, Sukedhara, Kathmandu","NPR. 7,00,00,000",4,3,N/A,3,BN11449,East,N/A,874,0-7-0-0 Aana,16 Feet / Paved,N/A Aana,1 year ago
190,"House For Sale In Maitidevi, Kathmandu","i ratopul, Maitidevi, Kathmandu","NPR. 6,75,00,000 Onwards",0,4,N/A,0,BN11424,South,N/A,749,0-11-0-0 Aana,14 Feet / Blacktopped,N/A Aana,1 year ago
191,"Brand New House For Sale In Imadol Nayabasti, Lalitpur, Nepal. Home Loan Available. : House For Sale In Imadol, Lalitpur","Imadol, Imadol, Lalitpur","NPR. 2,05,00,000",4,4,3,9,BN11421,North,2078,846,2.5 Aana,13 Feet / Gravelled,856 Sq. Feet,1 year ago
192,"3 Beautiful House : House For Sale In Kalanki, Kathmandu","Kuleshowr, Lik Marga, Kalanki, Kathmandu","NPR. 10,50,00,000 Total",0,0,N/A,0,BN11419,South,N/A,695,0-14-0-0 Aana,22 Feet / Blacktopped,N/A Aana,1 year ago
193,"Land And Building : House For Sale In Dhangadhi, Kailali","Kantipur Chowk, Dhangadhi, Kailali","NPR. 1,35,00,000",3,3,1,0,BN11416,East,2021,916,12 Dhur,30 Feet / Blacktopped,N/A Dhur,1 year ago
194,"Semi Commercial : House For Sale In Baluwatar, Kathmandu","house, Baluwatar, Kathmandu","NPR. 1,12,00,000 Onwards",2,2,N/A,0,BN11415,West,N/A,1.1K,0-1-1-0 Aana,13 Feet / Blacktopped,N/A Aana,1 year ago
195,"Newly Built : House For Sale In Thankot, Kathmandu","Kharibot, Thankot, Kathmandu","NPR. 2,76,00,000",4,3,3,4,BN11414,East,2022,368,5 Aana,20 Feet / Soil Stabilized,980 Aana,1 year ago
196,"Two-Storey Residential : House For Sale In Imadol, Lalitpur","Sital Height, Imadol, Imadol, Lalitpur","NPR. 3,15,00,000 Total price",4,4,3,1,BN11410,North,2078,4.5K,0-3-2-0 Aana,13 Feet / Gravelled,2300 Sq. Feet,1 year ago
197,"Attractive Residential : House For Sale In Imadol, Lalitpur","Sital Height, Imadol, Lalitpur","NPR. 2,35,00,000 Total price",4,4,3,1,BN11409,North,2078,1.3K,0-3-0-0 Aana,13 Feet / Gravelled,2250 Aana,1 year ago
198,"Residential : House For Sale In Imadol, Lalitpur","Sital Height, Imadol, Imadol, Lalitpur","NPR. 2,45,00,000 Total price",4,4,3,2,BN11408,East,2078,7.1K,0-3-0-1 Aana,13 Feet / Gravelled,2250 Aana,1 year ago
199,"Residential : House For Sale In Imadol, Lalitpur","Sital Height, Imadol, Lalitpur","NPR. 3,25,00,000 Total price",4,4,3,1,BN11407,East,2078,1K,0-3-2-2 Sq. Feet,13 Feet / Gravelled,2400 Sq. Feet,1 year ago
200,"Residential : House For Sale In Imadol, Lalitpur","Sital Height, Imadol, Lalitpur","NPR. 2,70,00,000 Total price",4,4,3,1,BN11406,East,2078,543,0-3-0-1 Aana,13 Feet / Gravelled,2600 Aana,1 year ago
201,"Prime Location : House For Sale In Kapan, Kathmandu","Narayan chowk, Kapan, Kathmandu","NPR. 2,95,00,000 Total Price",6,3,3,0,BN11388,East,N/A,363,0-6 Aana,8 Feet,2.5 Aana,1 year ago
202,"Beautiful House For Sale : House For Sale In Gaurighat, Kathmandu","Gaurighat, Gaurighat, Kathmandu","NPR. 4,50,00,000",0,0,2.5,0,BN11386,East,N/A,695,0-5-3-0 Aana,13 Feet / Paved,N/A Sq. Feet,1 year ago
203,"Semi-Commercial : House For Sale In Hattigauda, Kathmandu","Hattigauda, Hattigauda, Kathmandu","NPR. 3,65,00,000 Total price",5,3,3,3,BN11381,North East,2075,1K,0-6-2-0 Aana,13 Feet / Paved,N/A Aana,1 year ago
204,"Hattigaunda : House For Sale In Hattigauda, Kathmandu","Hattigaunda, Hattigauda, Kathmandu","NPR. 3,75,00,000 Onwards",0,3,N/A,0,BN11376,East,N/A,393,0-6-0-0 Aana,16 Feet / Gravelled,N/A Aana,1 year ago
205,"House For Sale In Prime Location Of Kapan Narayan Chowk : House For Sale In Kapan, Kathmandu","Kapan, Kapan, Kathmandu","NPR. 3,10,00,000",0,3,N/A,0,BN11373,North,N/A,585,6 Aana,0 Feet / Paved,2.5 Aana,1 year ago
206,"Residetial House 2.5 Storied On Sale : House For Sale In Sanobharyang, Kathmandu","Sanobharayang, Sanobharyang, Kathmandu","NPR. 2,20,00,000 Onwards",8,2,2,2,BN11371,East,N/A,963,4.5 Aana,14 Feet,N/A Aana,1 year ago
207,"Beautiful : House For Sale In Bafal, Kathmandu","Bafal, Bafal, Kathmandu","NPR. 2,85,00,000",5,3,2,3,BN11369,South West,N/A,12.5K,0-4-0-0 Aana,13 Feet / Gravelled,N/A Aana,1 year ago
208,"Attractive Residential House : House For Sale In Shantinagar, Kathmandu","Om Shanti Chowk, Shantinagar, Kathmandu","NPR. 4,50,00,000 Total",0,0,3.5,2,BN11368,East,N/A,1.1K,0-3-2-0 Aana,14 Feet / Blacktopped,N/A Aana,1 year ago
209,"3BHK Home For Sale At Khumaltar, Lalitpur : House For Sale In Khumaltar, Lalitpur","House no.21 , Civil homes, Khumaltar, Lalitpur","NPR. 3,65,00,000",3,4,N/A,2,BN11358,East,N/A,910,0-3-2-1 Aana,13 Feet / Paved,1289 Sq. Feet,1 year ago
210,"House For Sale : House For Sale In Tarkeshwor, Kathmandu","Lolang Height, Tarkeshwor, Kathmandu","NPR. 1,85,00,000",6,3,N/A,2,BN11352,South,N/A,2.6K,0-4-1-2 Aana,10 Feet / Paved,N/A Aana,1 year ago
211,"Semi- Commercial House For Sale : House For Sale In Tarkeshwor, Kathmandu","Tarkeshwor, Tarkeshwor, Kathmandu","NPR. 3,60,00,000",6,4,3,3,BN11337,North West,2078,860,0-3-2-0 Aana,13 Feet / Paved,N/A Aana,1 year ago
212,"Beautiful House : House For Sale In Thulo Bharyang, Kathmandu","Thulo Bharyang, Thulo Bharyang, Kathmandu","NPR. 3,25,00,000",5,4,3,3,BN11336,South,2078,5.7K,0-3-2-0 Aana,13 Feet / Paved,2267 Aana,1 year ago
213,"House For Sale : House For Sale In Halchowk , Kathmandu","Halchowk, Halchowk , Kathmandu","NPR. 2,60,00,000",4,0,2,2,BN11335,East,N/A,2.6K,0-3-0-0 Aana,13 Feet / Paved,N/A Aana,1 year ago
214,"House For Sale : House For Sale In Thulo Bharyang, Kathmandu","Thulo Bharayang, Thulo Bharyang, Kathmandu","NPR. 2,80,00,000",4,32,2,3,BN11334,East,N/A,1.1K,0-3-0-0 Aana,13 Feet / Paved,N/A Aana,1 year ago
215,"House In A Colony : House For Sale In Grande Villa, Kathmandu","25, Grande Villa, Grande Villa, Kathmandu","NPR. 3,90,00,000",4,3,2,2,BN11333,North,N/A,525,0-4-3-2.5 Ropani,16 Feet / Paved,1600 Sq. Feet,1 year ago
216,"Residence At Nakhipot : House For Sale In Nakhipot, Lalitpur","Shanti Chowk, Nakhipot, Lalitpur","NPR. 2,90,00,000",4,4,3,1,BN11332,South,N/A,1.5K,3-0-0 Aana,19 Feet / Gravelled,2244 Sq. Feet,1 year ago
217,"Residential Cum Commercial House : House For Sale In Jawalakhel, Lalitpur","Jawalakhel, Kusunti, Lalitpur, Jawalakhel, Lalitpur","NPR. 9,50,00,000 Total price",4,3,3,2,BN11329,North West,2048,4.5K,0-12-0-0 Aana,26 Feet / Blacktopped,2600 Aana,1 year ago
218,"House For Sale In Sanepa : House For Sale In Sanepa, Lalitpur","sanepa sanchal, Sanepa, Lalitpur","NPR. 8,00,00,000",4,2,N/A,0,BN11328,East,N/A,1.1K,9 Aana,15 Feet / Blacktopped,2060 Sq. Feet,1 year ago
219,"Ultra Modern Bungalow : House For Sale In Thecho, Lalitpur","Thecho, Lalitpur, Thecho, Lalitpur","NPR. 7,95,00,000 Total Price",5,5,3,2,BN11324,South,2078,2.9K,0-9-3-0 Aana,13 Feet / Paved,4200 Aana,1 year ago
220,"Luxury Double Storey (3BHK) Brand New House Sale In Gwarko Lalitpur, Nepal. : House For Sale In Gwarko, Lalitpur","Gwarko, Gwarko, Lalitpur","NPR. 3,55,00,000",6,5,3,12,BN11319,South,N/A,440,4.5 Aana,14 Feet / Gravelled,4.5 Aana,1 year ago
221,"Flat System House : House For Sale In Tokha, Kathmandu","Tokha, Tokha, Kathmandu","NPR. 2,30,00,000 Onwards",0,3,N/A,2,BN11318,West,N/A,929,0-4-0-0 Aana,14 Feet / Gravelled,N/A Aana,1 year ago
222,"House For Sale In United Colony, Changathali : House For Sale In Mahalaxmi Nagarpalika, Lalitpur","United colony, Changathali, Mahalaxmi Nagarpalika, Lalitpur","NPR. 3,75,00,000 Onwards",5,4,3,2,BN11315,West,N/A,576,0-5-2-0 Aana,15 Feet,N/A Aana,1 year ago
223,"Bhudanilkantha Badali : House For Sale In Budhanilkantha, Kathmandu","Bhudanilkantha Badali, Budhanilkantha, Kathmandu","NPR. 9,50,00,000 Onwards",0,0,3,0,BN11309,East,2020,1K,1-1-0-0 Aana,20 Feet / Gravelled,N/A Aana,1 year ago
224,"Luxury Pasikot BudanilKantha Bungalow For Sale : House For Sale In Budhanilkantha, Kathmandu","8, Budhanilkantha, Kathmandu","NPR. 13,00,00,000",4,4,3,0,BN11293,South East,2015,836,34 Aana,14 Meter,4 Aana,1 year ago
225,"Baluwatar Semi Commercial : House For Sale In Baluwatar, Kathmandu","Baluwatar, Baluwatar, Kathmandu","NPR. 1,10,00,000 Onwards",2,2,N/A,0,BN11288,West,N/A,1.1K,0-1-1-0 Aana,14 Feet / Blacktopped,N/A Aana,1 year ago
226,"House For Sale In Dhumbarahi, Kathmandu","Na, Dhumbarahi, Kathmandu","NPR. 6,50,00,000 Onwards",5,4,3,1,BN11267,East,2066,1.5K,6 Aana,20 Feet / Soil Stabilized,4 Aana,1 year ago
227,"New House For Sale In Kapan 11 - Budanilkantha : House For Sale In Kapan, Kathmandu","Kapan, Kapan, Kathmandu","NPR. 2,65,00,000",4,3,N/A,1,BN11260,East,2076,742,4 Aana,10 Feet / Blacktopped,4 Aana,1 year ago
228,"Commercial House For Sale In Halchowk : House For Sale In Halchowk , Kathmandu","House for sale in Halchowk, Kathmandu, Halchowk , Kathmandu","NPR. 3,10,00,000",0,4,N/A,1,BN11250,West,2078,372,3 Aana,10 Feet,N/A Aana,1 year ago
229,"House For Sale In Ason, Kathmandu","Kamalachhi-Ason, Ason, Kathmandu","NPR. 3,80,00,000 N/A",4,4,6,0,BN11244,East,2058,691,1 Aana,5 Feet / Paved,N/A Sq. Feet,1 year ago
230,"Low Budget House : House For Sale In Dhapakhel, Lalitpur","Near ICIMOD, Dhapakhel, Lalitpur, Dhapakhel, Lalitpur","NPR. 2,80,00,000 Total price",6,3,3,2,BN11243,East,2073,9.2K,0-5-0-0 Aana,13 Feet / Blacktopped,2300 Aana,1 year ago
231,"Attractive Residential House : House For Sale In Duwakot, Bhaktapur","200 Meter From KMC Hospital, Duwakot, Bhaktapur, Duwakot, Bhaktapur","NPR. 2,00,00,000 Total Price",5,3,3,1,BN11242,North East,2076,1.2K,0-4-0-0 Aana,33 Feet / Blacktopped,2200 Sq. Feet,1 year ago
232,"House Sale In Sukedhara : House For Sale In Sukedhara, Kathmandu","Shrijana basti, Kumari marga, Sukedhara, Kathmandu","NPR. 1,95,00,000 Onwards",2,1,1,1,BN11239,West,2008,952,0 Aana,13 Feet / Blacktopped,0-3-2-0 Aana,1 year ago
233,"Brand New House For Sale In Imadol : House For Sale In Mahalaxmisthan, Lalitpur","Binayak tol , Imadol E Block, Mahalaxmisthan, Lalitpur","NPR. 2,65,00,000 Onwards",4,4,3,2,BN11236,North West,N/A,998,4 Aana,13 Feet,N/A Aana,1 year ago
234,"Imadol House & Land On Sale 9.5aanna : House For Sale In Imadol, Lalitpur","Mahalaxmi, Imadol, Lalitpur","NPR. 3,35,00,000 Onwards",1,1,1,4,BN11230,South,N/A,581,0-9-0-0 Aana,13 Feet,0-4-0-0 Aana,1 year ago
235,"Hepali Height : House For Sale In Dhapasi, Kathmandu","Dhapasi, Dhapasi, Kathmandu","NPR. 55,00,000 Per Aana",0,0,N/A,0,BN11213,North West,N/A,1.3K,2-0-0-0 Aana,20 Feet / Blacktopped,N/A Aana,1 year ago
236,"House For Sale In Sitapaila Kathmandu : House For Sale In Sitapaila, Kathmandu","A New House Sale in Sitapaila, Sitapaila, Kathmandu","NPR. 2,50,00,000",0,3,N/A,1,BN11212,North,2020,817,4 Aana,13 Feet,N/A Aana,1 year ago
237,"House For Sale In Pepsicola, Kathmandu : House For Sale In Pepsicola, Kathmandu","pepsicola, Pepsicola, Kathmandu","NPR. 2,75,00,000 Onwards",0,3,3,1,BN11211,East,N/A,797,3.5 Aana,10 Feet,3.5 Aana,1 year ago
238,"Beautiful House For Sale At Naikkap Kalanki : House For Sale In Kalanki, Kathmandu","Purano Naikap, Kalanki, Kathmandu","NPR. 1,98,00,000 Onwards",0,3,2,1,BN11210,East,N/A,736,3.1 Aana,12 Feet,N/A Aana,1 year ago
239,"Beautiful House For Sale In Machha Pokhari : House For Sale In Machha Pokhari, Kathmandu","House for sale in Machha Pokhari, Machha Pokhari, Kathmandu","NPR. 2,00,00,007",0,4,2,1,BN11209,East,N/A,571,4 Aana,13 Feet / Gravelled,N/A Aana,1 year ago
240,"House (Recently Completed Seismic Resistant) On Sale At Suryabinayak, Bhaktapur : House For Sale In Bhaktapur, Bhaktapur","Katunje Height, Suryabinayak, Bhaktapur, Bhaktapur","NPR. 2,00,00,000",4,3,3,1,BN11200,South East,2022,1K,0-3-0-0 Aana,20 Feet / Blacktopped,1600 Sq. Feet,1 year ago
241,"House For Sale In Gaushala, Kathmandu","Bhim Nidhi Tiwari Marg, Pingalasthan, Gaushala, Kathmandu","NPR. 4,50,00,000",6,7,N/A,1,BN11198,South East,N/A,949,0-5-0-0 Aana,20 Feet / Blacktopped,N/A Aana,1 year ago
242,"Hepali : House For Sale In Dhapasi, Kathmandu","Hepali, Dhapasi, Kathmandu","NPR. 7,25,00,000 Onwards",1,4,N/A,4,BN11194,South East,N/A,982,0-8-0-0 Aana,20 Feet,N/A Aana,1 year ago
243,"Hattiban : House For Sale In Hattiban, Lalitpur","Lalitpur, Hattiban, Lalitpur","NPR. 3,55,00,000 Onwards",0,3,N/A,3,BN11190,East,N/A,856,0-6-0-0 Aana,14 Feet / Blacktopped,N/A Aana,1 year ago
244,"House For Sale On 10 Aana Of Land : House For Sale In Chabahil, Kathmandu","Panchamukhi Hanuman Mandir, Kharibot, Gujeshwori, Kumarigal-8, Chabahil, Chabahil, Kathmandu","NPR. 70,00,000 Per Aana",10,6,4,3,BN11189,North West,N/A,584,10 Aana,10 Meter,5 Aana,1 year ago
245,"House At Sitapaila : House For Sale In Sitapaila, Kathmandu","Kalanki,kathmandu, Sitapaila, Kathmandu","NPR. 3,55,00,000",6,4,3,2,BN11186,East,2078,861,4 Aana,12 Feet / Paved,4 Aana,1 year ago
246,"House For Sale : House For Sale In Sitapaila, Kathmandu","Sitapaila, Sitapaila, Kathmandu","NPR. 2,35,00,000",7,3,2,3,BN11181,East,N/A,1.2K,0-3-2-2 Aana,13 Feet / Gravelled,N/A Aana,1 year ago
247,"House For Sale : House For Sale In Khumaltar, Lalitpur","21, Khumaltar, Lalitpur","NPR. 4,00,00,000",3,4,N/A,1,BN11180,East,N/A,679,0-3-2-1 Aana,0 Feet,1269.1 Sq. Feet,1 year ago
248,"2.5 Storey Bungalow Style House With Attached Bathrooms : House For Sale In Tokha, Kathmandu","Near Grande International Hospital, Tokha, Kathmandu","NPR. 2,60,00,000",3,4,3,1,BN11179,South West,2018,1.1K,0-3-1-0 Aana,13 Feet / Gravelled,550 Sq. Meter,1 year ago
249,"Chandol : House For Sale In Chandol, Kathmandu","Chandol, Chandol, Kathmandu","NPR. 11,24,00,000 Onwards",4,4,N/A,3,BN11174,South East,N/A,769,0-9-2-0 Aana,20 Feet / Blacktopped,N/A Aana,1 year ago
250,"Residential House : House For Sale In Imadol, Lalitpur","Sikhar Tole, Bhadrakali Petrol Pump, Imadol, Lalitpur, Nepal, Imadol, Lalitpur","NPR. 2,70,00,000 Total Price",2,3,3,1,BN11173,North East,2073,6K,0-3-3-3 Aana,13 Feet / Gravelled,2300 Aana,1 year ago
251,"Bhudanilkantha : House For Sale In Budhanilkantha, Kathmandu","Bhudanilkantha way to deuba niwas, Budhanilkantha, Kathmandu","NPR. 6,55,00,000 Onwards",0,0,N/A,2,BN11168,South,2002,647,0-7-0-0 Aana,14 Feet / Gravelled,N/A Aana,1 year ago
252,"Beautiful 7BHK House For SALE At Paiyatar, Kapan : House For Sale In Kapan, Kathmandu","Paiyatar, Kapan, Kathmandu","NPR. 1,75,00,000",7,5,4,0,BN11165,West,N/A,850,0-3-1-1.45 Aana,0 Feet,N/A Aana,1 year ago
253,"Modern 4BHK Home For Sale At Panipokhari Heights, Lazimpat : House For Sale In Lazimpat, Kathmandu","Panipokhari Heights, Lazimpat, Kathmandu","NPR. 5,50,00,000",0,0,N/A,0,BN11158,North,N/A,1.1K,0-2-3-1 Aana,0 Feet,N/A Aana,1 year ago
254,"Modern 4BHK Home For Sale At Panipokhari Heights, Lazimpat : House For Sale In Panipokhari, Kathmandu","Panipokhari Heights, Panipokhari, Kathmandu","NPR. 6,75,00,000",0,0,N/A,0,BN11155,North,N/A,916,2600 Sq. Feet,20 Feet,2600 Sq. Feet,1 year ago
255,"Chandol : House For Sale In Chandol, Kathmandu","Chandol, Chandol, Kathmandu","NPR. 11,25,00,000 Onwards",4,4,3,0,BN11148,East,N/A,342,0-9-2-0 Aana,20 Feet / Blacktopped,N/A Aana,1 year ago
256,"Commercial Building For SALE At Kalanki, Kathmandu : House For Sale In Kalanki, Kathmandu","Kalanki Chowk, Kalanki, Kathmandu","NPR. 5,00,00,000",0,0,N/A,0,BN11142,West,N/A,984,0-3-2-2 Aana,22 Feet,N/A Aana,1 year ago
257,"House For Sale In Hattiban, Lalitpur","Lalitpur hattiban, Hattiban, Lalitpur","NPR. 5,75,00,000",5,5,3,2,BN11133,West,2077,336,0-7-3-1 Aana,24 Feet / Gravelled,3000 Sq. Feet,1 year ago
258,"Bunglow For SALE At Bhimsengola, Old Baneshwor : House For Sale In Old Baneshwor, Kathmandu","Bhimsengola, Old Baneshwor, Kathmandu","NPR. 15,00,00,000",5,4,N/A,7,BN11126,West,N/A,1K,1-5-3-3 Aana,14 Feet / Blacktopped,N/A Aana,1 year ago
259,"Modern 3BHK Home For Sale At Lamatar : House For Sale In Lamatar, Lalitpur","Green Valley Homes, Lamatar, Lalitpur","NPR. 1,55,00,000",3,2,N/A,0,BN11125,West,N/A,2.5K,4 Aana,20 Feet / Blacktopped,1348.50 Sq. Feet,1 year ago
260,"Modern 4BHK Home For Sale At Budhanilkantha : House For Sale In Budhanilkantha, Kathmandu","Budhanilkantha, Budhanilkantha, Kathmandu","NPR. 5,50,00,000",4,4,N/A,0,BN11124,West,N/A,591,0-8-1-2.4 Aana,13 Feet / Blacktopped,N/A Aana,1 year ago
261,"Modern 3BHK Home For Sale At Wasik, Budhanilkantha : House For Sale In Budhanilkantha, Kathmandu","Wasik, Budhanilkantha, Kathmandu","NPR. 7,00,00,000",3,4,N/A,0,BN11123,North,N/A,619,9 Aana,0 Feet,N/A Aana,1 year ago
262,"Semi-Commercial Building For SALE At New Baneshwor, Kathmandu : House For Sale In Baneshwor, Kathmandu","New Baneshwor, Baneshwor, Kathmandu","NPR. 8,50,00,000",0,0,N/A,0,BN11122,South,N/A,1.1K,0-8-0-1 Aana,10 Feet,N/A Aana,1 year ago
263,"Modern 6BHK Luxury Home For Sale At Taulung, Budhanilkantha : House For Sale In Budhanilkantha, Kathmandu","Taulung, Budhanilkantha, Kathmandu","NPR. 6,75,00,000",6,0,N/A,0,BN11117,South,N/A,647,8 Aana,0 Feet,3700 Sq. Feet,1 year ago
264,"House For Sale At Budhanilkantha : House For Sale In Budhanilkantha, Kathmandu","Bagmati, Budhanilkantha, Kathmandu","NPR. 6,85,00,000",5,4,N/A,2,BN11115,East,2078,602,6.3 Aana,20 Feet,N/A Aana,1 year ago
265,"Beautiful House : House For Sale In Dallu, Kathmandu","Dallu, Dallu, Kathmandu","NPR. 4,50,00,000 Total price",0,0,2,0,BN11109,South,N/A,1.1K,0-4-0-0 Aana,13 Feet / Gravelled,N/A Aana,1 year ago
